pais,_id,anio_aprobacion,sector_institucional,descripcion_proyecto,monto_bruto_usd,origen
Costa Rica,1,1974,Sector Público,Proyecto de Instalación de un Centro de Enseñanza de la Tecnología y Ciencias Conexas,2000000.0,prestamos_sector_publico
Colombia,2,2014,Sector Público,LGC - Financiera de Desarrollo Territorial,50000000.0,prestamos_sector_publico
Costa Rica,3,1973,Sector Público,Construcción de Subestaciones Patio de Maniobras Líneas de Transmisión Redes de Distribución Ingeniería Mantenimiento e Imprevistos para la Segunta Etapa del Proyecto de Expansión de la Planta,1000000.0,prestamos_sector_publico
Colombia,4,2017,Sector Público,LGC Financiera de Desarrollo Nacional  S.A. (FDN),50000000.0,prestamos_sector_publico
Argentina,5,2022,Sector Público,Programa de Fortalecimiento Tecnológico del Registro Nacional de las Personas y de la Dirección Nacional de Migraciones,25000000.0,prestamos_sector_publico
Costa Rica,6,1971,Sector Público,Financiar los Estudios de Factibilidad Económica Ingeniería Preliminar y Diseño Final Incluyendo Planos Presupuestos y Especificaciones de Construcción de la Carretera de Tilarán - Puerto Viejo,400000.0,prestamos_sector_publico
Costa Rica,7,1968,Sector Público,Adquisición de Equipo y Materiales y Gastos de Instalación para la Reconstrucción y Ampliación de las Líneas de Distribución de Energía Eléctrica,640000.0,prestamos_sector_publico
Costa Rica,8,1975,Sector Público,Proyecto de Emergencia para Incrementar la Capacidad de Almacenamiento Secado Pelado y Manejo de Granos Básicos en la República de Costa Rica,2700000.0,prestamos_sector_publico
Argentina,9,2021,Sector Público,Programa Piloto para la Transformación Digital de las PYMES Argentinas,50000000.0,prestamos_sector_publico
Argentina,10,2016,Sector Público,Programa Integral de Hábitat,60000000.0,prestamos_sector_publico
Costa Rica,11,1974,Sector Público,Ampliación y Mejoramiento del Aeropuerto Internacional Juan Santamaría la Cual Incluye Pistas de Aterrizaje y Rodaje Zonas de Estacionamiento de Aviones Equipo de Iluminación y de Señalamiento,2200000.0,prestamos_sector_publico
Costa Rica,12,1964,Sector Público,Financiar Estudios de Factibilidad del Programa de Almacenamiento y Conservación de Granos Básicos (Maíz Arroz Frijol y Sorgo),60000.0,prestamos_sector_publico
Costa Rica,13,1976,Sector Público,Mejoramiento Construcción y Puesta en Operación de un Sistema de Riego y Drenaje en la Cuenca del Río Itiquís,1365000.0,prestamos_sector_publico
Argentina,14,2020,Sector Público,Programa de Fortalecimiento Infraestructura Salud para Unidades Penitenciarias y Unidades Sanitarias Frontera,50000000.0,prestamos_sector_publico
Costa Rica,15,1976,Sector Público,Financiar Complementariamente la Capitalización de la Editorial Universitaria Centroamericana (Educa) Necesaria para Realizar su Programa de Edición de Libros,100000.0,prestamos_sector_publico
Colombia,16,2023,Sector Público,OPD para el apoyo a la acción climática  transición energética justa y fortalecimiento fiscal verde,250000000.0,prestamos_sector_publico
Belice,17,2010,Sector Público,Proyecto Mejoramiento y Rehabilitación Carretera Sur Tramo Dump - Jalacté,4500000.0,prestamos_sector_publico
Argentina,18,2019,Sector Público,Programa de Mejora del Acceso y la Calidad Educativa,67000000.0,prestamos_sector_publico
Costa Rica,19,1969,Sector Público,Reconstrucción del Tramo Arizona Peñas Blancas de la Carretera Interamericana (CA1),1600000.0,prestamos_sector_publico
Costa Rica,20,1969,Sector Público,Reconstrucción de 157 Kilometros del Tramo de la CA1 Arizona Peñas Blancas,1800000.0,prestamos_sector_publico
Costa Rica,21,1968,Sector Público,Estudios Finales de 117 Kilómetros de la Carretera Costanera Sur,500000.0,prestamos_sector_publico
Colombia,22,2015,Sector Público,Proyecto Concesión Alto Magdalena Corredor Vial Honda - Puerto - Salgar - Girardot,136000000.0,prestamos_sector_publico
Argentina,23,2017,Sector Público,Programa de Apoyo a la Estrategia de Ampliación de Cobertura y Acceso a la Educación Inicial (PROCEI),30000000.0,prestamos_sector_publico
Costa Rica,24,1989,Sector Público,Participación por Parte del Prestatario en el Programa de Rehabilitación de la Pequeña y Mediana Industria.,1000000.0,prestamos_sector_publico
Argentina,25,2021,Sector Público,Programa de Recuperación y Desarrollo Rural Post-Emergencia,50000000.0,prestamos_sector_publico
Argentina,26,2022,Sector Público,Programa de Apoyo al Plan Nacional  Argentina contra el Hambre,50000000.0,prestamos_sector_publico
Costa Rica,27,1974,Sector Público,Financiar los Estudios Diseños y Planos de la Carretera de Circunvalación de San José,600000.0,prestamos_sector_publico
Costa Rica,28,1975,Sector Público,Construcción Incluyendo Gastos de Supervisión Externa e Imprevistos del Nuevo Edificio para la Central Telefónica de la Ciudad de San José República de Costa Rica,850000.0,prestamos_sector_publico
Costa Rica,29,1969,Sector Público,Estudios de Factibilidad Económica Ingeniería Preliminar y Diseño Final Incluyendo Planos Presupuestos y Especificaciones de Construcción de la Carretera Naranjo - San Carlos - Los Chiles,600000.0,prestamos_sector_publico
Costa Rica,30,1969,Sector Público,Financiamiento de  Viviendas Construidas con Recursos del Banco Vendedor Mediante la Compra de Bonos por Hasta un 80% del Saldo de las Hipotecas Sobre esas Viviendas,200000.0,prestamos_sector_publico
Argentina,31,2023,Sector Público,Programa de Fortalecimiento del Sistema Nacional de Comprobación Técnica de Emisiones (SNCTE),40000000.0,prestamos_sector_publico
Belice,32,2009,Sector Público,Financiamiento del Programa de Financiamiento Rural,1905800.0,prestamos_sector_publico
Argentina,33,2016,Sector Público,Proyecto de Gestión por Resultados en Salud para la Atención de Población Adulta Mayor en la Argentina (PROGERSA),30000000.0,prestamos_sector_publico
Argentina,34,2022,Sector Público,Programa de Inversión Social en Seguridad Ciudadana para la Provincia del Chaco,15000000.0,prestamos_sector_publico
Costa Rica,35,1974,Sector Público,Financiar los Costos de Construcción Supervisión y Consultoría de la Carretera Barranca - el Roble - Mata de Limón - Puerto de Caldera (Costanera Sur),6800000.0,prestamos_sector_publico
Costa Rica,36,1980,Sector Público,Compra de Hipotecas Y/o Títulos Hipotecarios Conforme a las Politicas del Programa de Vivienda Media Regular y Media Baja del Banco Vigentes a la Fecha de cada Desembolso.,5000000.0,prestamos_sector_publico
Costa Rica,37,1974,Sector Público,Proyecto de Carretera Terrón Colorado - Los Chiles - Frontera con Nicaragua,1000000.0,prestamos_sector_publico
Costa Rica,38,1969,Sector Público,Proyecto de Lla Arteria Regional de Telecomunicaciones en la Parte que Corresponda a la República de Costa Rica,2800000.0,prestamos_sector_publico
Argentina,39,2023,Sector Público,Proyecto de Construcción de Obras Complementarias del Gasoducto Presidente Néstor Kirchner,185000000.0,prestamos_sector_publico
Costa Rica,40,1993,Sector Público,Proyecto Destinado a Personas Discapacitadas para su Eventual Incorporación al Proceso Productivo,1000000.0,prestamos_sector_publico
Costa Rica,41,1967,Sector Público,Estudios de Factibilidad y Diseños Preliminares de Ingeniería para la Ubicación de un Puerto en el Atlántico en las Bahías de Moín o de Cieneguita y la Ampliación del Actual Puerto de Puntarenas,190000.0,prestamos_sector_publico
Costa Rica,42,1974,Sector Público,Proyecto Consistente en la Instalación de una Planta Alúmina en Aluminio,100000.0,prestamos_sector_publico
Costa Rica,43,1967,Sector Público,Financiamiento Parcial de la Construcción de la Carretera CA1 Entre el Coco y San Ramón,5800000.0,prestamos_sector_publico
Costa Rica,44,1976,Sector Público,Financiar Monto Total o Parcial de las Cuotas de los Gobiernos Centroamericanos Vencidas y No Pagadas al Deudor con el Objeto de Atender Situaciones Temporales de Iliquidez del Deudor y Evitar Demoras en la Ejecución de Sus Programas.,100000.0,prestamos_sector_publico
Costa Rica,45,1969,Sector Público,Canalización de las Lagunas del Atlántico Entre la Boca del Río Parisima y la Barra del Río Colorado y de la Construcción de la Terminal del Canal Interior en Moín,1500000.0,prestamos_sector_publico
Costa Rica,46,1974,Sector Público,Elaboración del Estudio de Factibilidad y del Plan Maestro del Aeropuerto Internacional Juan Santa María,475000.0,prestamos_sector_publico
Argentina,47,2023,Sector Público,Programa de Apoyo al Plan Nacional Argentina contra el Hambre II - Alimentar,400000000.0,prestamos_sector_publico
Costa Rica,48,1965,Sector Público,LC - Instituto Nacional de Vivienda y Urbanismo.,1000000.0,prestamos_sector_publico
Argentina,49,2022,Sector Público,Programa de Apoyo al Plan de Construcción Casa Amor ,25000000.0,prestamos_sector_publico
Costa Rica,50,1972,Sector Público,Autoriza Compra De Hipotecas Al Banco Crédito Agrícola De Cartago,500000.0,prestamos_sector_publico
Costa Rica,51,1968,Sector Público,Adquisición de Equipo y Materiales y Gastos de Instalación para la Reconstrucción y Ampliación de las Líneas de Distribución de Energía Eléctrica,300000.0,prestamos_sector_publico
Costa Rica,52,1992,Sector Público,Proyecto Mejoramiento y Ampliación de la Red Secundaria Telefónica de la República de Costa Rica,6265600.0,prestamos_sector_publico
Colombia,53,2011,Sector Público,LGC - Banco de Comercio Exterior de Colombia,50000000.0,prestamos_sector_publico
Costa Rica,54,1974,Sector Público,Estudio de Factibilidad y el Plan Maestro para un Aeropuerto a Localizarse en Liberia Provincia de Guanacaste República de Costa Rica,125000.0,prestamos_sector_publico
Argentina,55,2018,Sector Público,Programa de Apoyo a la Estrategia de Ampliación de Cobertura y Acceso a la Salud,32000000.0,prestamos_sector_publico
Argentina,56,2015,Sector Público,Programa de Fortalecimiento de las Capacidades de Investigación y Desarrollo (PROFOCAID),50000000.0,prestamos_sector_publico
Costa Rica,57,1978,Sector Público,Ampliación Mediante Dos Vías Adicionales de la Carretera Tres Ríos - Taras de Cartago,6000000.0,prestamos_sector_publico
Costa Rica,58,1978,Sector Público,Construcción y Pavimento del Tramo Barúpalmar Norte de la Carretera Costanera Sur,12500000.0,prestamos_sector_publico
Colombia,59,2005,Sector Público,Proyecto Obras Anexas - Fase II Túnel de la Línea,21120000.0,prestamos_sector_publico
Costa Rica,60,1976,Sector Público,Proyecto Turístico del Parque Volcán Poás,1800000.0,prestamos_sector_publico
Costa Rica,61,2013,Sector Público,Incremento LGC - Banco Nacional de Costa Rica (BNCR),60000000.0,prestamos_sector_publico
Colombia,62,2022,Sector Público,OPD en apoyo a la acción climática y la transición energética,250000000.0,prestamos_sector_publico
Costa Rica,63,1976,Sector Público,Proyecto de Campaña de Control y Erradicación de la Garrapata del Ganado Bovino,408000.0,prestamos_sector_publico
Costa Rica,64,1965,Sector Público,Financiar Préstamos a Grupos Familiares para Compra o Construcción de Viviendas Elegibles en Todo el País.,1000000.0,prestamos_sector_publico
Costa Rica,65,1973,Sector Público,Completar el Segunda Etapa del Acueducto Metropolitano y para el Obras de Emergencia para el Area Metropolitana Comprendidas en el Programa General de Abastecimiento de Agua,9500000.0,prestamos_sector_publico
Costa Rica,66,1973,Sector Público,Construcción de la Sección la Sabana Escazú de la Carretera San José - Coyolar,3200000.0,prestamos_sector_publico
Costa Rica,67,1979,Sector Público,Proyecto Desarrollo Turístico de Bahía Culebra,610000.0,prestamos_sector_publico
Costa Rica,68,1978,Sector Público,Preparación del Diseño Final y Documentos de Licitación de la Carretera Ciudad Colón - Puerto Caldera,800000.0,prestamos_sector_publico
Costa Rica,69,1969,Sector Público,Ampliación y Mejoramiento del Aeropuerto Internacional el Coco Obras que Incluyen Pistas de Aterrizaje Zona de Estacionamiento de Aviones Equipo de Iluminación y de Ayuda para la Navegación Aérea y Señalamiento,600000.0,prestamos_sector_publico
Belice,70,2022,Sector Público,Ampliación y Rehabilitación de la Autopista Philip Goldson,24000000.0,prestamos_sector_publico
Costa Rica,71,1997,Sector Público,Proyecto de Ampliación de la Red de Planta Externa del Sistema Telefónico,9106500.0,prestamos_sector_publico
Costa Rica,72,1976,Sector Público,Financiar la compra de hipotecas y/o títulos hipotecarios sobre viviendas de bajo costo.,15000000.0,prestamos_sector_publico
Costa Rica,73,1977,Sector Público,Financiar Costos Adicionales de la Ampliación y Mejoramiento de la Red de Distribución de Energía Eléctirca Propiedad de la Municipalidad de Cartago,300000.0,prestamos_sector_publico
Colombia,74,2005,Sector Público,Financiera de Desarrollo Territorial. Apertura de LGC,50000000.0,prestamos_sector_publico
Costa Rica,75,1982,Sector Público,Compra de Hipotecas Y/o Titulos Hipotecarios Constitutidos Sobre Viviendas Elegibles Conforme a las Politicas del Programa de Vivienda del Banco Vigentes a la Fecha de cada Desembolso.,2000000.0,prestamos_sector_publico
Costa Rica,76,2014,Sector Público,Préstamo bajo la modalidad de deuda subordinada redimible - Banco Nacional de Costa Rica,30000000.0,prestamos_sector_publico
Costa Rica,77,1987,Sector Público,Rehabilitación Parcial de la Carretera CA-1 (Interamericana) Tramo Paso Real - Palmar Norte - Piedras Blancas,5600000.0,prestamos_sector_publico
Costa Rica,78,1988,Sector Público,Rehabilitación de la Carretera CA-1  San Ramón - Barranca,2900000.0,prestamos_sector_publico
Costa Rica,79,1982,Sector Público,LC - Banco Central de Costa Rica,6000000.0,prestamos_sector_publico
Costa Rica,80,1969,Sector Público,Complementar la Financiación de la Construcción de la Carretera el Coco - San Ramón (CA1),3556000.0,prestamos_sector_publico
Costa Rica,81,1972,Sector Público,Financiar Viviendas Conforme al Programa de Vivienda Media del Banco Centroamericano.,4531700.0,prestamos_sector_publico
Costa Rica,82,1974,Sector Público,Elaboración del Estudio de Factibilidad Técnicoeconómico y Preparación del Plan Maestro de Polo Turístico de Bahía de Culebra,370000.0,prestamos_sector_publico
Argentina,83,2021,Sector Público,Programa de Fortalecimiento de las Acciones de Protección contra las Violencias por Motivos de Género,50000000.0,prestamos_sector_publico
Costa Rica,84,2020,Sector Público,OPD para atender efectos del COVID-19  apoyar reforma fiscal e impulsar la descarbonización de la economía,300000000.0,prestamos_sector_publico
Costa Rica,85,1972,Sector Público,Dragado Entre los Ríos Matina y Santa Marta y Pacuare y Chiquero la Construcción de Terminales en las Desembocaduras de los Ríos Pacaure Parismina Tortuguero y Colordo todo para la Canalización de las Lagunas del Atlántico de Costa Rica,390000.0,prestamos_sector_publico
Costa Rica,86,1975,Sector Público,Construcción del Tramo Tárcoles - loma de la Carretera Costanera Sur,5000000.0,prestamos_sector_publico
El Salvador,87,1987,Sector Público,Participación por Parte del Prestatario en el Programa de Rehabilitación de la Pequeña y Mediana Industria.,1000000.0,prestamos_sector_publico
Costa Rica,88,1985,Sector Público,Continuar el Financiamiento Parcial de Costos Locales del Proyecto Vial Barúpalmar Norte,5000000.0,prestamos_sector_publico
Costa Rica,89,1969,Sector Público,Estudios de Factibilidad Económica Ingeniería Preliminar y Diseño Final Incluyendo Planos Presupuestos y Especificaciones de Construcción de la Carretera Heredia Puerto Viejo,400000.0,prestamos_sector_publico
Costa Rica,90,1978,Sector Público,Construcción de la Línea de Transmisión y la Ampliación de las Subestaciones Correspondientes que Forman Parte de las Obras de Interconexión de los Sistemas Eléctricos Entre Costa Rica y Nicaragua,5200000.0,prestamos_sector_publico
Belice,91,2010,Sector Público,Proyecto de Mejoramiento y Rehabilitación de la Infraestructura del Puesto Fronterizo Corozal,6167410.0,prestamos_sector_publico
Belice,92,2023,Sector Público,LGC - Development Finance Corporation Ltd.,2500000.0,prestamos_sector_publico
Belice,93,2014,Sector Público,Programa Integral de Seguridad de Belice (Fase I),30000000.0,prestamos_sector_publico
Costa Rica,94,1979,Sector Público,Programa de Instituto Tecnológico de Costa Rica,5500000.0,prestamos_sector_publico
Costa Rica,95,1974,Sector Público,Mejoramiento de las Instalaciones de la Universidad de Costa Rica,1000000.0,prestamos_sector_publico
Costa Rica,96,1987,Sector Público,Adquisición de Equipos de Radioenlaces Multiplex,1100000.0,prestamos_sector_publico
Costa Rica,97,1988,Sector Público,Ejecución del Proyecto Componentes de Desarrollo de Plantaciones y Capacitación para la Utilización del Bambú Gradua en la Construcción de Viviendas de Bajo Costo de Interés Social de Costa Rica.,4000000.0,prestamos_sector_publico
Costa Rica,98,1973,Sector Público,Adquisición de Tres Plantas Dieseleléctricas Nuevas de 1000 Kw cada una Dos de las Cuales a ser Instaladas en Puerto Limón y una en San Isidro del General,3000000.0,prestamos_sector_publico
Costa Rica,99,1991,Sector Público,Primera Etapa de la Rehabilitación de los Ramales Bananeros del Ferrocarril en el Atlántico de Costa Rica Destruidos por el Terremoto del 22 de Abril de 1991,6500000.0,prestamos_sector_publico
El Salvador,100,1975,Sector Público,Construcción de la Carretera de Interconexión de las Rutas Regionales Ca12 y Ca4 con las Condiciones de una Carretera de Segundo Orden a Nivel de Superficie de Rodamiento Mejorada,4400000.0,prestamos_sector_publico
Costa Rica,101,1974,Sector Público,Financiar los Costos de Construcción de los Tramos Escazú - Santa Ana  Santa Ana - Ciudad Colón y Santa Ana - San Antonio de Belén de la Carretera San José - Coyolar - Puerto Caldera,9800000.0,prestamos_sector_publico
Costa Rica,102,1976,Sector Público,Compra de Hipotecas Y/o Títulos Hipotecarios Conforme al Programa de Vivienda Media (Regular) y al Programa de Vivienda Media Baja.,15000000.0,prestamos_sector_publico
Costa Rica,103,1980,Sector Público,Compra de Hipotecas Y/o Titulos Hipotecarios Conforme al Programa de Vivienda Media Regular y Media Baja del Banco.,5000000.0,prestamos_sector_publico
Costa Rica,104,2005,Sector Público,Programa de Gestión Integrada de Recursos Hídricos,50132980.0,prestamos_sector_publico
Costa Rica,105,1975,Sector Público,Proyecto de Expansión y Mejoramiento de las Instalaciones en la Ciudad Universitaria Rodrigo Facio,2000000.0,prestamos_sector_publico
Costa Rica,106,2005,Sector Público,Proyecto Red de Transporte Sobre Fibra Óptica Frontera Frontera,24432528.18,prestamos_sector_publico
Costa Rica,107,1971,Sector Público,Completar la Financiación de las Obras en el Tramo Arizona Liberia de la Carretera Interamericana (CA1),900000.0,prestamos_sector_publico
Costa Rica,108,1969,Sector Público,Complementar el capital de fundación de la Editorial Centroamericana creada y encargada de editar libros con fines docentes y culturales,78000.0,prestamos_sector_publico
Costa Rica,109,1974,Sector Público,Construcción de las Obras de Terracería y Drenaje Menor del Tramo de Carretera Entre Terrón Coloradolos Chiles frontera con Nicaragua,5000000.0,prestamos_sector_publico
Costa Rica,110,1972,Sector Público,Reconstrucción y Supervisión del Tramo Río Seco arizona de la Carretera Interamericana,1450000.0,prestamos_sector_publico
Costa Rica,111,1973,Sector Público,Adquisición de Materiales y Equipo para la Ampliación y Mejoramiento de la Red de Distribución de Energía Eléctrica del Prestatario,1500000.0,prestamos_sector_publico
Costa Rica,112,1994,Sector Público,LC - Banco Crédito Agrícola de Cartago,2500000.0,prestamos_sector_publico
Costa Rica,113,1975,Sector Público,Construcción de Líneas de Transmisión y Subestaciones Complementarias Asociadas al Proyecto Hidroeléctrico del Arenal Programa de Generación de Energía Eléctrica en la Zona Central y Sistema de Distribución Anular del Área Metropolitana,13600000.0,prestamos_sector_publico
Costa Rica,114,1977,Sector Público,Terminación de las Obras en el Tramo Tárcoleslomas de 63 Kilómetros de Longitud de la Carretera Costanera Sur en la República de Costa Rica,5660000.0,prestamos_sector_publico
Costa Rica,115,1970,Sector Público,Financiar Viviendas Conforme al Programa de Vivienda Media del Banco Centroamericano.,3021100.0,prestamos_sector_publico
Costa Rica,116,1972,Sector Público,Financiar Viviendas a Construirse por Dusa en el Proyecto las Esmeraldas Conforme a las Condiciones del Programa de Vivienda Media del Banco Centroamericano.,1000000.0,prestamos_sector_publico
Costa Rica,117,2006,Sector Público,Incremento LGC - Banco Popular y de Desarrollo Comunal,28500000.0,prestamos_sector_publico
Costa Rica,118,1979,Sector Público,Construcción y Equipamiento de la Escuela de Ganadería Dedicada a Formar Técnicos Agropecuarios a Nivel Intermedio en los Campos de Lechería y Carne,4300000.0,prestamos_sector_publico
Costa Rica,119,1966,Sector Público,Construcción del Tramo San Ramón - Naranjo de la Carretera el Coco - San Ramón,4700000.0,prestamos_sector_publico
Costa Rica,120,2002,Sector Público,LGC - Banco Popular y de Desarrollo Comunal,30000000.0,prestamos_sector_publico
Costa Rica,121,2018,Sector Público,Proyecto Mercado Regional Mayorista de la Región Brunca,55284067.0,prestamos_sector_publico
Costa Rica,122,1964,Sector Público,Compra e Instalación de Plantas Electrotérmicas con una Capacidad de Generación de 8000 Kilovatios,1103000.0,prestamos_sector_publico
Costa Rica,123,1980,Sector Público,Participación por Parte del Prestatario en el Programa de Agroempresas Rurales del Banco.,500000.0,prestamos_sector_publico
Costa Rica,124,1974,Sector Público,Construcción y Equipamiento de la Escuela de Ganadería a Dedicarse a Formar Técnicos Ganaderos a Nivel Intermedio en los Campos de Lechería y Carne,600000.0,prestamos_sector_publico
Costa Rica,125,1974,Sector Público,Mejoramiento y Ampliación de la Red de Distribución de Energía Eléctrica Propiedad de la Municipalidad de Alajuela,60000.0,prestamos_sector_publico
Costa Rica,126,1991,Sector Público,LC - Banco Crédito Agrícola de Cartago,8500000.0,prestamos_sector_publico
Costa Rica,127,2003,Sector Público,Proyecto Hidroeléctrico los Negros,18330255.46,prestamos_sector_publico
Costa Rica,128,1996,Sector Público,Proyecto Enlaces Digitales para Telefonía Rural,4277667.0,prestamos_sector_publico
Costa Rica,129,1972,Sector Público,Compra de Participaciones en Hipotecas al Banco Crédito Agrícola de Cartago de Costa Rica,1004500.0,prestamos_sector_publico
Costa Rica,130,1968,Sector Público,Adquisición de Equipo Materiales y Gastos de Instalación de Líneas de Transnmisión y Distribución de Energía Electrica Ademas de Capital de Trabajo de la Planta,82000.0,prestamos_sector_publico
Costa Rica,131,2002,Sector Público,Préstamo - Proyecto Hidroeléctrico Pirrís,70000000.0,prestamos_sector_publico
Costa Rica,132,1995,Sector Público,Proyecto Planta Térmica Moín,15525656.0,prestamos_sector_publico
Costa Rica,133,1979,Sector Público,Financiar Complementariamente las Inversiones Fijas del Centro Nacional de Abastecimiento y Distribución de Alimentos (Cenada) Ubicado Sobre la Autopista San José - Aeropuerto el Coco,2500000.0,prestamos_sector_publico
El Salvador,134,1970,Sector Público,Adquisición de Equipo para el Manejo Carga Mediaciones Marítimas y una Subestación de Energía Eléctrica para el Puerto de Acajuatla,897000.0,prestamos_sector_publico
Costa Rica,135,2000,Sector Público,Proyecto Planta Hidroeléctrica Cote,8863006.0,prestamos_sector_publico
Costa Rica,136,2018,Sector Público,Fortalecimiento de la Universidad Técnica Nacional (UTN),50000000.0,prestamos_sector_publico
Costa Rica,137,1994,Sector Público,LC - Banco Crédito Agrícola de Cartago,3000000.0,prestamos_sector_publico
Costa Rica,138,2001,Sector Público,Proyecto 400000 Soluciones Telefónicas Móviles con Tecnología Gsm en la Banda de 1800 Mhz,80000000.0,prestamos_sector_publico
Costa Rica,139,1990,Sector Público,LC - Banco Hipotecario de la Vivienda,4375000.0,prestamos_sector_publico
Costa Rica,140,1972,Sector Público,Reconstrucción Del Tramo Liberia-La Cruz-Peñas Blancas De La Carretera Interamericana.,4600000.0,prestamos_sector_publico
Costa Rica,141,1974,Sector Público,Programa de Construcción de Viviendas a Ser Desarrollado por el Prestatario y que Servirían para Generar las Hipotecas Elegibles a ser Compradas por el Banco Dentro de la DI-77/74.,300000.0,prestamos_sector_publico
Costa Rica,142,1975,Sector Público,Proyecto de Instalación en la Ciudad de Alajuela de una Terminal de Furgones Central Aduanera y Almacenes de Depósito General y Fiscal,350000.0,prestamos_sector_publico
Argentina,143,2024,Sector Público,Programa de Apoyo a la Seguridad Alimentaria en Argentina. Fase III,230000000.0,prestamos_sector_publico
El Salvador,144,1965,Sector Público,Compra e Instalación del Equipo y Mobiliario que se Necesiten para Habilitar un Edificio de Residencia Estudiantil Asi Como una Cocina y un Comedor Destinados al Servicio de los Estudiantes,66000.0,prestamos_sector_publico
Costa Rica,145,1975,Sector Público,Costo de los Estudios Finales de Ingeniería para el Proyecto de Expansión y Modernización del Sistema de Almacenamiento de Granos de la República de Costa Rica,200000.0,prestamos_sector_publico
Costa Rica,146,1996,Sector Público,Proyecto Desarrollo Agrícola de la Península de Nicoya,1835299.0,prestamos_sector_publico
El Salvador,147,1992,Sector Público,Proyecto Instalación de 110 Mw en Unidades Térmicas en una Central de Ciclo Combiando Acajutla Fase Ii en la República de El Salvador,11300000.0,prestamos_sector_publico
Costa Rica,148,1987,Sector Público,Participación por Parte del Prestatario en el Programa de Rehabilitación de la Pequeña y Mediana Industria.,1000000.0,prestamos_sector_publico
Costa Rica,149,2020,Sector Público,Proyecto Abastecimiento para el Acueducto Metropolitano  Quinta Etapa  AyA,399160000.0,prestamos_sector_publico
Costa Rica,150,1980,Sector Público,Terminación de las Obras del Proyecto Turístico Parque Nacional VoLCán Poás,820000.0,prestamos_sector_publico
Costa Rica,151,1979,Sector Público,Construcción y Pavimentación de los Proyectos Orotina - Coyolar - Tárcoles (Incluyendo la Radial Orotinasan Mateo) y Coyolar - Puerto Caldera Como Parte del Complejo Vidal del Pacifico Sur,16400000.0,prestamos_sector_publico
Costa Rica,152,1985,Sector Público,Continuar el Financiamiento Parcial de los Costos Locales del Proyecto Vial Tres Ríos - Taras - Cártago,1600000.0,prestamos_sector_publico
Colombia,153,2007,Sector Público,LGC - Banco de Comercio Exterior de Colombia (BANCOLDEX) S.A.,50000000.0,prestamos_sector_publico
Costa Rica,154,1983,Sector Público,Compra de hipotecas y/o títulos hipotecarios  constituidos sobre viviendas elegibles conforme a las políticas del Programa Habitacional del banco,2202200.0,prestamos_sector_publico
Costa Rica,155,1974,Sector Público,Compra de Hipotecas Y/o Titulos Hipotecarios Conforme al Programa de Vivienda Media del Banco.,9500000.0,prestamos_sector_publico
Costa Rica,156,1994,Sector Público,Proyecto Teléfonos Públicos para la República de Costa Rica,5886744.0,prestamos_sector_publico
Costa Rica,157,1994,Sector Público,LC - Banco de Costa Rica.,1000000.0,prestamos_sector_publico
Costa Rica,158,1983,Sector Público,Construcción y Pavimento de la Carretera Orotina coyolar tárcoles y Coyolar puerto Caldera Como Parte del Complejo Vial del Pacífico Sur,5400000.0,prestamos_sector_publico
Costa Rica,159,1996,Sector Público,Proyecto Desarrollo Urbano Integradoorowe Fase I,1500000.0,prestamos_sector_publico
El Salvador,160,1982,Sector Público,Proyecto Hidroeléctrico San Lorenzo Principalmente en el Montaje de la Subestación San Martín el Montaje de las Líneas de Transmisión Entre las Subestaciones de San Lorenzo y San Martín,3700000.0,prestamos_sector_publico
Costa Rica,161,1987,Sector Público,Fondos Destinados Exclusivamente a Rehabilitación de la Carretera Barranca - Arizona,3500000.0,prestamos_sector_publico
Costa Rica,162,1983,Sector Público,Proyecto III Etapa de la Red Regional de Telecomunicaciones,7800000.0,prestamos_sector_publico
El Salvador,163,2011,Sector Público,Programa Plan de Agricultura Familiar y Emprendedurismo Rural para la Seguridad Alimentaria y Nutricional,60000000.0,prestamos_sector_publico
Costa Rica,164,2006,Sector Público,Programa de Obras Estratégicas de Infraestructura Vial,170000000.0,prestamos_sector_publico
Costa Rica,165,1994,Sector Público,LC - Banco de Costa Rica,2000000.0,prestamos_sector_publico
Costa Rica,166,2006,Sector Público,Préstamo -1808 Proyecto Eólico Valle Central,15838400.0,prestamos_sector_publico
Costa Rica,167,1979,Sector Público,Financiar los Estudios de Ingeniería para el Diseño Final de la Carretera Valle Central - Litoral Pacífico,600000.0,prestamos_sector_publico
Costa Rica,168,1971,Sector Público,Construcción de la Carretera Curridabat - Tres Ríos,4900000.0,prestamos_sector_publico
Costa Rica,169,1977,Sector Público,Construcción y Equipamiento del Centro Nacional de Abastecimiento y Distribución de Alimentos Destinado a Comercializar Aproximadamente 440000 Tonelada Métricas Anuales de Alimentos Hortifrutícolas Granos Básicos e Insumos Agrícolas,6350000.0,prestamos_sector_publico
Costa Rica,170,1994,Sector Público,LC - Banco de Costa Rica.,12000000.0,prestamos_sector_publico
Costa Rica,171,1973,Sector Público,Costo de un Estudio de Factibilidad para la Interconexion con el Sistema Eléctrico Nacional de Nicaragua Mediante la Construcción de una Línea de Alto Voltaje con una Longitud de 290 Kilometros,50000.0,prestamos_sector_publico
Costa Rica,172,1995,Sector Público,Proyecto de Apoyo a la Ampliación y Consolidación de los Servicios de Informática Educativa,12894750.0,prestamos_sector_publico
Costa Rica,173,1976,Sector Público,Financiar Inversiones Fijas para la Ampliación y Mejoramiento de las Operaciones del Catie,270000.0,prestamos_sector_publico
El Salvador,174,1979,Sector Público,Proyecto Hidroeléctrico San Lorenzo,5400000.0,prestamos_sector_publico
Costa Rica,175,1974,Sector Público,Estudios de Factibilidad Técnico y Estudios Preliminares de Ingeniería de una Carretera Entre el Valle Central y el Litoral Pacífico de la República de Costa Rica,200000.0,prestamos_sector_publico
Costa Rica,176,1999,Sector Público,Proyecto Ampliación de Centrales Telefónicas de la República de Costa Rica,8866101.0,prestamos_sector_publico
Costa Rica,177,2013,Sector Público,Programa de Renovación de la Infraestructura y Equipamiento Hospitalario,270000000.0,prestamos_sector_publico
Costa Rica,178,1981,Sector Público,Proyectos en la Universidad Nacional de la Universidad de Costa Rica de la Universidad Estatal a Distancia y del Instituto de Costa Rica,11900000.0,prestamos_sector_publico
Costa Rica,179,1972,Sector Público,Proveer Financiamiento a Actividades Relacionadas con la Exportación de Productos No Tradicionales y Turismo.,500000.0,prestamos_sector_publico
Guatemala,180,1977,Sector Público,Proyectos  Línea de Transmisión Escuintla - Guatemala Sur y Subestaciones de Escuintla y Guatemala Sur,1330000.0,prestamos_sector_publico
Costa Rica,181,2021,Sector Público,Programa de Fortalecimiento Regional de la Infraestructura Hospitalaria (PFRIH),500000000.0,prestamos_sector_publico
Costa Rica,182,1988,Sector Público,Participación por Parte del Prestatario en el Programa Centroamericano de Agroempresas Rurales.,1000000.0,prestamos_sector_publico
Costa Rica,183,1992,Sector Público,Proyecto para la adquisición de recolectores de basura,1400000.0,prestamos_sector_publico
Costa Rica,184,1976,Sector Público,Segunda Etapa de la Red Regional de Telecomunicaciones en la Parte que Corresponde a la República de Costa Rica,3000000.0,prestamos_sector_publico
Costa Rica,185,1987,Sector Público,LC - Banco Central de Costa Rica,3000000.0,prestamos_sector_publico
Costa Rica,186,1999,Sector Público,Proyecto de Rehabilitación de la Carretera Interamericana Sur,5000000.0,prestamos_sector_publico
El Salvador,187,1984,Sector Público,Adquisición de Equipo de Transmisión Supervisión Imprevistos y Escalonamiento de Costos para la Instalación de las Rutas de Transmisión Alternas de El Salvador,7600000.0,prestamos_sector_publico
Costa Rica,188,2000,Sector Público,Construcción de la Planta Térmica Moín III,50000000.0,prestamos_sector_publico
Costa Rica,189,1975,Sector Público,Terminar Construcción Carretera Curridabat-Tres Ríos.,1300000.0,prestamos_sector_publico
Costa Rica,190,1977,Sector Público,Construcción del Tramo Escazúsanta Ana y de las Radiales a Santa Ana y San Antonio de Belén de la Carretera San Josécoyolarpuerto Caldera,2100000.0,prestamos_sector_publico
Costa Rica,191,2003,Sector Público,LGC - Banco Nacional de Costa Rica (BNCR),40000000.0,prestamos_sector_publico
Costa Rica,192,2003,Sector Público,Proyecto Poliducto Limón - la Garita,60000000.0,prestamos_sector_publico
Costa Rica,193,1989,Sector Público,Componentes de Crédito Extensión y Comercialización del Proyecto Desarrollo Agrícola para Pequeños Productores de la Zona Norte de la República de Costa Rica.,3000000.0,prestamos_sector_publico
El Salvador,194,1980,Sector Público,Financiar los Servicios de Consultoría y Parcialmente la Construcción de las Obras de Interconexión Eléctrica Entre la República de El Salvador y la República de Guatemala,6800000.0,prestamos_sector_publico
Costa Rica,195,2007,Sector Público,Programa de Inversiones en Obras del Sector Electricidad,110000000.0,prestamos_sector_publico
El Salvador,196,1974,Sector Público,Estudios de Ingeniería Preliminar y Diseño Final de una Nueva Carretera Entre San Salvador - Comalapa y su Conexión al Aeropuerto de Astoria,450000.0,prestamos_sector_publico
Costa Rica,197,2016,Sector Público,Programa de Modernización y Rehabilitación de Infraestructura Deportiva (PROMORID),45000000.0,prestamos_sector_publico
El Salvador,198,1989,Sector Público,Participación por Parte del Prestatario en el Programa de Rehabilitación de la Pequeña y Mediana Industria.,1000000.0,prestamos_sector_publico
Costa Rica,199,1990,Sector Público,LC - Banco Central de Costa Rica,3000000.0,prestamos_sector_publico
Costa Rica,200,1978,Sector Público,Compra de Hipotecas Y/o Títulos Hipotecarios Sobre Viviendas Individuales o Conjuntos Habitacionales de Medio-Bajo Costo.,5000000.0,prestamos_sector_publico
Costa Rica,201,1989,Sector Público,Ampliacion De La Planta Termica Moin Republica De Costa Rica.,32000000.0,prestamos_sector_publico
Costa Rica,202,1989,Sector Público,LC - Banco Central de Costa Rica,2000000.0,prestamos_sector_publico
Costa Rica,203,1981,Sector Público,Proyecto de Prevención de la Roya del Cafeto,1400000.0,prestamos_sector_publico
El Salvador,204,1966,Sector Público,Construcción de los Tramos de Carretera Portezuelola Cuchilla y Cutuco Sirama - Frontera de Honduras en la Carretera Interamericana (CA1),4750000.0,prestamos_sector_publico
Costa Rica,205,1980,Sector Público,Proyecto de Expansión Fisica Equipamiento y Asistencia Tecnica del Instituto Nacional de Aprendizaje,4000000.0,prestamos_sector_publico
El Salvador,206,1966,Sector Público,Estudio para la Revisión y Elaboración de Nuevas Tarifas para Servicios Portuarios de Acajutla y la Libertad en la República de El Salvador,25000.0,prestamos_sector_publico
El Salvador,207,2012,Sector Público,Incremento LGC - Fondo Nacional de Vivienda Popular (FONAVIPO),30000000.0,prestamos_sector_publico
Costa Rica,208,1988,Sector Público,Rehabilitación de la Carretera Panamericana CA-1 Sur  Tramo  Taras - La Georgina de Costa Rica,5100000.0,prestamos_sector_publico
El Salvador,209,2005,Sector Público,Plan Nacional de Educación 2021 Programa Conéctate,19000000.0,prestamos_sector_publico
Costa Rica,210,1994,Sector Público,Proyecto Programa de Infraestructura de la Universidad Nacional,14300000.0,prestamos_sector_publico
Costa Rica,211,1979,Sector Público,Participación por Parte del Prestatario en el Programa de Agroempresas Rurales.,500000.0,prestamos_sector_publico
Costa Rica,212,1996,Sector Público,Proyecto Sistema de Transmisión por Fibra Optica y Multiplex Digital,3434760.0,prestamos_sector_publico
Costa Rica,213,1968,Sector Público,Ampliación y Mejoración del Aeropuerto Internacional el Coco,1500000.0,prestamos_sector_publico
Costa Rica,214,2001,Sector Público,Proyecto Centrales Telefónicas ALCatel  Ampliación y Modernización del Sistema Nacional de Telecomunicaciones 20002001,37474500.0,prestamos_sector_publico
Costa Rica,215,1979,Sector Público,Pavimentación del Tramo Tárcoles - Loma de la Carretera Costanera Sur,1700000.0,prestamos_sector_publico
Costa Rica,216,1996,Sector Público,Proyecto Central Telefónica Internacional Digital,3789000.0,prestamos_sector_publico
Costa Rica,217,1996,Sector Público,Proyecto de Implementación Conjunta Subproyecto Central Hidroeléctrica Brasil,48840000.0,prestamos_sector_publico
Costa Rica,218,1988,Sector Público,Proyecto Vial de la Costanera Sur Tramo Barú Palmar Norte,10000000.0,prestamos_sector_publico
Costa Rica,219,2018,Sector Público,Proyecto de Abastecimiento de Agua para la Cuenca Media del Río Tempisque y Comunidades Costeras PAACUME,425000000.0,prestamos_sector_publico
El Salvador,220,1987,Sector Público,Rehabilitación de la Carretera Santa Ana - Metapán - Anguiatú Carretera CA-12 ,10500000.0,prestamos_sector_publico
El Salvador,221,1973,Sector Público,Adquisición de Equipos Necesarios para Modernizar y Mejorar el Servicio Postal de El Salvador a ser Instalados en el Edificio de la Dirección General de Correos,1000000.0,prestamos_sector_publico
Costa Rica,222,1992,Sector Público,Proyecto de Reconstrucción de la Infraestructura Física de la Región Huetar Atlántica,8000000.0,prestamos_sector_publico
Guatemala,223,1966,Sector Público,Construcción del Tramo de el Rancho Santa Elena de la Carretera el Rancho Cobán,4200000.0,prestamos_sector_publico
El Salvador,224,1970,Sector Público,Adquisición por el Prestatario de Acciones del Capital Social de la Firma Industrias Sintéticas de Centroamérica S.A. (Insinca).,500000.0,prestamos_sector_publico
Guatemala,225,1966,Sector Público,LC - Corfina,152000.0,prestamos_sector_publico
El Salvador,226,1976,Sector Público,Mejoramiento y reconstrucción de la primera fase de la Carretera Interamericana entre San Salvador y San Miguel,11000000.0,prestamos_sector_publico
Costa Rica,227,2009,Sector Público,Incremento LGC - Banco Popular y de Desarrollo Comunal,31500000.0,prestamos_sector_publico
Costa Rica,228,1973,Sector Público,Completar el Financiamiento y Mejorar la Operación de la Arteria Regional de Telecomunicaciones en la Parte que Corresponde a la República de Costa Rica,650000.0,prestamos_sector_publico
Costa Rica,229,1980,Sector Público,Compra de hipotecas y/o títulos hipotecarios conforme a las políticas del Programa de Vivienda Media Regular y Media Baja del banco,2800000.0,prestamos_sector_publico
El Salvador,230,1972,Sector Público,Ampliación de las Instalaciones de la Facultad de Ingeniería y Arquitectura,300000.0,prestamos_sector_publico
Costa Rica,231,1974,Sector Público,Completar el Anteproyecto Elaborar el Estudio de Factibilidad Económica y el Diseño Final de los Puentes Incluyendo Perforaciones del Tramo Coyolar Puerto Caldera de la Carretera San José - Coyolar - Puerto Caldera,200000.0,prestamos_sector_publico
Costa Rica,232,2002,Sector Público,Programa para Completar el Complejo Vial Costanera Sur,60000000.0,prestamos_sector_publico
Costa Rica,233,1994,Sector Público,LC - Banco Crédito Agrícola de Cartago,2000000.0,prestamos_sector_publico
El Salvador,234,1987,Sector Público,Proyecto Reserva Estratégica Nacional de Combustibles (Renc),10400000.0,prestamos_sector_publico
Costa Rica,235,1975,Sector Público,Costo del Estudio de Factibilidad Técnicoeconómica para la Formulación Integración y Desarrollo del Centro de Distribución y Procesamiento de Alimentos en el Área Metropolitana de San José,66000.0,prestamos_sector_publico
Costa Rica,236,2006,Sector Público,Proyecto Cable Submarino del Pacífico y Ampliación Red Nacional / Racsa,24700000.0,prestamos_sector_publico
Costa Rica,237,2014,Sector Público, LGC - Banco Crédito Agrícola de Cartago (BCAC),48000000.0,prestamos_sector_publico
Costa Rica,238,1981,Sector Público,Construcción y el Equipamiento del Edificio de Telecomunicaciones de San Pedro de Montes de Oca Provincia de San José,2000000.0,prestamos_sector_publico
Costa Rica,239,1973,Sector Público,Construcción de 30 Kilometros del Tramo Tárcoles Loma de la Carretera Costanera Sur,7000000.0,prestamos_sector_publico
Guatemala,240,2004,Sector Público,Programa Apoyo al Sector Productivo II,20000000.0,prestamos_sector_publico
El Salvador,241,1968,Sector Público,Financiamiento Parcial de la Construcción de la Carretera Gotera Perquín (Parte de la Ruta CA7),3300000.0,prestamos_sector_publico
Costa Rica,242,2000,Sector Público,Proyecto Modernización de Centrales de Conmutación Analógica Arf102,3937600.0,prestamos_sector_publico
Costa Rica,243,2011,Sector Público,Programa de Obras Estratégicas de Infraestructura Vial (Programa de Obras),340000000.0,prestamos_sector_publico
Costa Rica,244,2009,Sector Público,Incremento - Proyecto Sistema de Interconexión Eléctrica para los países de América Central (SIEPAC),4500000.0,prestamos_sector_publico
Costa Rica,245,1990,Sector Público,LC - Banco Central de Costa Rica,17000000.0,prestamos_sector_publico
El Salvador,246,2003,Sector Público,LGC - Banco Hipotecario de El Salvador,5000000.0,prestamos_sector_publico
El Salvador,247,1995,Sector Público,Proyecto Desarrollo Rural Integrado - Acuerdos de Paz,16250000.0,prestamos_sector_publico
Costa Rica,248,2004,Sector Público,Banco Crédito Agrícola de Cartago. Ampliación de LGC,17000000.0,prestamos_sector_publico
Costa Rica,249,1981,Sector Público,Proyecto de Granos Básicos,3700000.0,prestamos_sector_publico
Costa Rica,250,1994,Sector Público,LC - Banco Nacional de Costa Rica,15000000.0,prestamos_sector_publico
El Salvador,251,1980,Sector Público,Participación por Parte del Prestatario en el Programa de Agroempresas Rurales.,500000.0,prestamos_sector_publico
El Salvador,252,1963,Sector Público,Financiar el costo del estudio de factibilidad del proyecto de interconexión eléctrica y desarrollo combinado de los sistemas eléctricos centrales de Honduras y El Salvador.,20000.0,prestamos_sector_publico
El Salvador,253,1978,Sector Público,Mejoramiento y Reconstrucción de la Segunda Etapa de la Carretera San Salvador - San Miguel,24500000.0,prestamos_sector_publico
El Salvador,254,1998,Sector Público,Proyecto Primera Etapa del Anillo Periférico de San Salvador,62700000.0,prestamos_sector_publico
El Salvador,255,2018,Sector Público,Incremento - Programa de Renovación Cafetalera de Alta Productividad  Sostenible y Resiliente en El Salvador,3500000.0,prestamos_sector_publico
El Salvador,256,1992,Sector Público,LC - Banco Central de Reserva de El Salvador,3000000.0,prestamos_sector_publico
Costa Rica,257,2017,Sector Público,Programa de Alcantarillado y Control de Inundaciones para Limón,55080000.0,prestamos_sector_publico
El Salvador,258,1996,Sector Público,Programa Nacional de Rehabilitación de Vías Pavimentadas,32900000.0,prestamos_sector_publico
Costa Rica,259,2009,Sector Público,Préstamo -1808 Proyecto Eólico Valle Central,9949630.0,prestamos_sector_publico
Costa Rica,260,1980,Sector Público,Diseño Final de los Proyectos Hidroeléctricos Ventanas Garita y Palomo y los Estudios de Prefactibilidad de los Proyectos Hidroelectricos Pirrís  Cedral el Brujo y San Fernando,2850000.0,prestamos_sector_publico
Costa Rica,261,1992,Sector Público,Proyecto Mejoramiento y Ampliación de la Red Primaria Telefónica de la República de Costa Rica,7000000.0,prestamos_sector_publico
Costa Rica,262,2012,Sector Público,LGC - Instituto Nacional de Fomento Cooperativo,30000000.0,prestamos_sector_publico
Costa Rica,263,1994,Sector Público,LC - Banco Nacional de Costa Rica,5000000.0,prestamos_sector_publico
El Salvador,264,1971,Sector Público,Financiar Construcciones Adquisición e Instalación de Maquinaria y Equipo y Estudios Finales para una Planta de Almacenamiento de Granos,1000000.0,prestamos_sector_publico
Costa Rica,265,1986,Sector Público,Componentes de Crédito Extensión y Comercialización del Proyecto Desarrollo Agrícola para Pequeños Productores de la Zona Norte de la República de Costa Rica.,3000000.0,prestamos_sector_publico
El Salvador,266,1990,Sector Público,LGC - Banco Central de Reserva de El Salvador,20000000.0,prestamos_sector_publico
Guatemala,267,1963,Sector Público,Completar los Estudios Definitivos de la Carretera CA13 Entre la Carretera CA9 y la Frontera de Honduras,107000.0,prestamos_sector_publico
Costa Rica,268,1999,Sector Público,Rehabilitación y el Mejoramiento de la Autopista Bernardo Soto,9467000.0,prestamos_sector_publico
El Salvador,269,2010,Sector Público,Proyecto de Expansión de la Central Hidroeléctrica 5 de Noviembre,57500000.0,prestamos_sector_publico
Costa Rica,270,2002,Sector Público,Banco Crédito Agrícola de Cartago. Ampliación de LGC,25000000.0,prestamos_sector_publico
Costa Rica,271,1990,Sector Público,Proyecto Geotérmico Miravalles Unidad a Boca de Pozo,4000000.0,prestamos_sector_publico
Costa Rica,272,2005,Sector Público,Programa de Fortalecimiento y Modernización de la Gestión Digital e Infraestructura Tecnológica y Física,55600000.0,prestamos_sector_publico
Costa Rica,273,1978,Sector Público,Complementar el Financiamiento Parcial de la Construcción y Supervisión a Nivel de Pavimento del Tramo Tárcolesloma de la Carretera Costanera Sur,1700000.0,prestamos_sector_publico
Costa Rica,274,2002,Sector Público,Programa de Protección y Fomento Agropecuario para Pequeños y Medianos Productores,35000000.0,prestamos_sector_publico
Costa Rica,275,2005,Sector Público,Programa de Abastecimiento del Área Metropolitana de San José  Acueductos Urbanos y Alcantarillado Sanitario de Puerto Viejo de Limón,68505000.0,prestamos_sector_publico
Costa Rica,276,2013,Sector Público,Préstamo - Instituto Costarricense de Acueductos y Alcantarillados (AyA),130000000.0,prestamos_sector_publico
Costa Rica,277,1998,Sector Público,Proyecto Construcción y Remodelación del Hospital Regional de Liberia Dr Enrique Baltodano Briceño,27175425.0,prestamos_sector_publico
Costa Rica,278,1994,Sector Público,Proyecto Centro de Producción de Multimedios y Expansión de la Infraestructura Telemática para el Sistema Educativo a Distancia,3097500.0,prestamos_sector_publico
El Salvador,279,1986,Sector Público,Costos de Preinversión e Inversión del Proyecto Geotérmico de Chipilapa en la República de El Salvador,13000000.0,prestamos_sector_publico
Guatemala,280,1980,Sector Público,Ampliación y Mejoramiento a 4 Carriles del Tramo Ciudad Guatemala - don Justo  con una Longitud Aproximada de 124 Kilómetros de la Carretera Interamericana Oriente (CA1),10200000.0,prestamos_sector_publico
El Salvador,281,1993,Sector Público,Proyecto Programa Nacional de Rehabilitación de Vías Pavimentadas,20000000.0,prestamos_sector_publico
El Salvador,282,2002,Sector Público,Proyecto Desarrollo Portuario en el Departamento de la Unión,25000000.0,prestamos_sector_publico
Guatemala,283,1977,Sector Público,Complementar el Financiamiento de Obras Equipos y Supervisión para el Abastecimiento de Agua Potable a la Ciudad de Guatemala Dentro del Plan de Emergencia,1200000.0,prestamos_sector_publico
El Salvador,284,1970,Sector Público,Completar la Financiación de la Construcción de la Fase II de la Carretera Entre la Cuchilla y el Kilometro 35 + 300 Pertenencientes a la Carretera Interamericana (CA1),600000.0,prestamos_sector_publico
Guatemala,285,1978,Sector Público,Participación por Parte del Prestatario en el Programa de Agroempresas Rurales.,500000.0,prestamos_sector_publico
El Salvador,286,1989,Sector Público,Estudio de Prospección Sísmica en Tierra Registro Procesamiento e Interpretación de Datos Sísmicos,6000000.0,prestamos_sector_publico
Costa Rica,287,2019,Sector Público,Programa de Obras Estratégicas de Infraestructura Vial (Programa de Obras),90055000.0,prestamos_sector_publico
Costa Rica,288,1993,Sector Público,LC - Banco Popular y de Desarrollo Comunal,750000.0,prestamos_sector_publico
Costa Rica,289,2006,Sector Público,Proyecto Sistema de Interconexión Eléctrica para los Países de América Central (Siepac),50000000.0,prestamos_sector_publico
El Salvador,290,1974,Sector Público,Cancelar al Banco el Saldo de los Préstamos Otorgados a Safie Hermanos S.A. de El Salvador Segun Escrituras Públicas de Fechas 5 de Julio de 1965 12 de Diciembre de 1968 28 de Agosto 1969 y 13 de Abril de 1971.,2000000.0,prestamos_sector_publico
Costa Rica,291,1998,Sector Público,LGC - Banco de Costa Rica,7000000.0,prestamos_sector_publico
Costa Rica,292,2011,Sector Público,Incremento LGC - Banco Internacional de Costa Rica  S.A. (BICSA),19000000.0,prestamos_sector_publico
Costa Rica,293,2022,Sector Público,OPD para apoyar acciones de política y resultados de desarrollo,290000000.0,prestamos_sector_publico
El Salvador,294,2004,Sector Público,Incremento LGC - Fondo Nacional de Vivienda Popular (FONAVIPO),7125000.0,prestamos_sector_publico
Costa Rica,295,1977,Sector Público,Financiamiento de los Costos Adicionales en las Obras de la Segunda Etapa del Acueducto Metropolitano,4350000.0,prestamos_sector_publico
Costa Rica,296,2013,Sector Público,Programa de Modernización de la Infraestructura Portuaria del Puerto de Moín,55000000.0,prestamos_sector_publico
Cuba,297,2022,Sector Público,Fortalecimiento de la Industria Biofarmacéutica Cubana para Combatir el COVID-19 en Cuba y la Región (Monto aprobado EUR 46 765 000.00),50000000.0,prestamos_sector_publico
Costa Rica,298,1987,Sector Público,Proyecto de Interconexión Entre Centrales Telefónicas por Medio del Sistema de Fibra Óptica de Costa Rica,3000000.0,prestamos_sector_publico
Costa Rica,299,1991,Sector Público,Proyecto Tanques y Redes en el Acueducto Metropolitano de San José y la Adquisición e Instalación de Hidrómetros,17700000.0,prestamos_sector_publico
Honduras,300,1968,Sector Público,Financiamiento Total de la Construcción del Tramo Danlí - Las Manos de la Carretera CA6,2500000.0,prestamos_sector_publico
El Salvador,301,1979,Sector Público,Construcción del Tramo de la II Etapa Chalatenango - sensuntepeque CA7 de la Carretera Denominada Longitudinal del Norte,14200000.0,prestamos_sector_publico
Costa Rica,302,2005,Sector Público,Incremento LGC - Banco de Costa Rica,50000000.0,prestamos_sector_publico
Costa Rica,303,2012,Sector Público,Incremento LGC - Banco Popular y de Desarrollo Comunal,60000000.0,prestamos_sector_publico
Costa Rica,304,2009,Sector Público,Proyecto Sistema de Interconexión Eléctrica para los Países de América Central (Siepac),4500000.0,prestamos_sector_publico
Costa Rica,305,1996,Sector Público,Red de Acceso para Voz y Datos,2078234.0,prestamos_sector_publico
Guatemala,306,1982,Sector Público,Proyecto Hidroeléctrico Santa María II,30000000.0,prestamos_sector_publico
El Salvador,307,2008,Sector Público,Línea de Crédito - Comisión Ejecutiva Portuaria Autónoma (CEPA),39000000.0,prestamos_sector_publico
Costa Rica,308,2024,Sector Público,Ampliación y Mejoramiento del Corredor Vial San José-San Ramón,770000000.0,prestamos_sector_publico
Costa Rica,309,1984,Sector Público,Financiar Parcialmente Costos Locales de la Construcción de la Carretera Tres Ríos - Cartago Incluyendo Supervisión Imprevistos y Escalonamiento de Costos,1650000.0,prestamos_sector_publico
Costa Rica,310,1999,Sector Público,Construcción de la Planta Térmica San Antonio II,50000000.0,prestamos_sector_publico
El Salvador,311,1996,Sector Público,Programa de Desarrollo Comunal en los Departamentos de Cabañas y San Vicente,10000000.0,prestamos_sector_publico
El Salvador,312,1974,Sector Público,Reconstrucción de Todas las Estructuras de Drenaje Mayor Construcción de un Muro de Retención Gastos de Supervisión y Completar la Construcción de la Carretera Santa Anametapánanguiatú,1220000.0,prestamos_sector_publico
El Salvador,313,1979,Sector Público,Construcción de la Carretera de Interconexión de las Rutas Regionales CA12 y CA4,9200000.0,prestamos_sector_publico
Guatemala,314,1975,Sector Público,Línea de Transmisión Escuintla - Guatemala Sur y de las Instalaciones de Escuintla y Guatemala Sur,8720000.0,prestamos_sector_publico
El Salvador,315,2018,Sector Público,Programa de Renovación Cafetalera de alta Productividad  Sostenible y Resiliente en El Salvador,80000000.0,prestamos_sector_publico
El Salvador,316,1993,Sector Público,Proyectos Aceptables al Banco Incluídos Dentro del Programa de Reconstrucción Nacional de la República de El Salvador,30000000.0,prestamos_sector_publico
El Salvador,317,1981,Sector Público,LC - Organismo Internacional Regional de Sanidad Agropecuaria,250000.0,prestamos_sector_publico
El Salvador,318,1997,Sector Público,Proyecto Suministro de Mobiliario Escolar a Programas Escuela Saludable,23500000.0,prestamos_sector_publico
Costa Rica,319,2015,Sector Público,Programa de Abastecimiento del Área Metropolitana de San José  Acueductos Urbanos II y Alcantarillado Sanitario Juanito Mora de Puntarenas,154562390.29,prestamos_sector_publico
El Salvador,320,2005,Sector Público,Proyecto Plan de Expansión del Sistema de Transmisión Eléctrica de El Salvador.,43528347.75,prestamos_sector_publico
Costa Rica,321,1995,Sector Público,Proyecto Sistema de Transmisión por Fibra Óptica Radio y Multiplex Digital,9534210.0,prestamos_sector_publico
Costa Rica,322,2025,Sector Público,Programa de Obras de Saneamiento de Agua Residual,565000000.0,prestamos_sector_publico
Costa Rica,323,2006,Sector Público,LGC - Instituto Costarricense de Electricidad (ICE) ,25000000.0,prestamos_sector_publico
El Salvador,324,2001,Sector Público,Programa Nacional de Carreteras,135000000.0,prestamos_sector_publico
Costa Rica,325,2004,Sector Público,Proyecto Sistema de Interconexión Eléctrica para los Países de América Central (SIEPAC),40000000.0,prestamos_sector_publico
El Salvador,326,1994,Sector Público,Programa de Infraestructura Social  Agua Potable,1500000.0,prestamos_sector_publico
Guatemala,327,1980,Sector Público,Financiar Monto Total o Parcial de las Cuotas de los Gobiernos Centroamericanos Vencidas o No Pagadas al Sieca con el Objeto de Atender la Situación Temporal de Iliquidez.,350000.0,prestamos_sector_publico
Costa Rica,328,2009,Sector Público,Proyecto Red de Transporte Sobre Fibra Óptica Frontera Frontera,48000000.0,prestamos_sector_publico
Guatemala,329,1967,Sector Público,Financiamiento Parcial de la Construcción del Tramo Santa Elena - cobán de la Carretera el Rancho Cobán,4000000.0,prestamos_sector_publico
El Salvador,330,1981,Sector Público,I Etapa del Proyecto de Desarrollo Comunal en el Departamento de Cabañas,4000000.0,prestamos_sector_publico
Costa Rica,331,1996,Sector Público,Proyecto Desarrollo Urbano Integrado Orowe Fase II,1500000.0,prestamos_sector_publico
El Salvador,332,1972,Sector Público,Reconstrucción del Tramo Comalapa - el Playón - Río Lempa de la Carretera CA2,4800000.0,prestamos_sector_publico
Costa Rica,333,1993,Sector Público,Pavimentación y Construcción del Proyecto de Carretera Barúpalmar Norte Fase C en la República de Costa Rica,19000000.0,prestamos_sector_publico
Costa Rica,334,2009,Sector Público,Proyecto Sistema Móvil Avanzado (SMA-3G),245088573.07,prestamos_sector_publico
El Salvador,335,1970,Sector Público,Financiar Viviendas Conforme al Programa de Vivienda Media del Banco Centroamericano.,400000.0,prestamos_sector_publico
Costa Rica,336,2021,Sector Público,Proyecto Adquisición y Aplicación de Vacunas COVID-19,80000000.0,prestamos_sector_publico
Costa Rica,337,2019,Sector Público,Proyecto Construcción  Equipamiento y Puesta en Operación de un Sistema de Tren Rápido de Pasajeros (TRP) en la Gran Área Metropolitana (GAM),550000000.0,prestamos_sector_publico
Costa Rica,338,2002,Sector Público,Programa Integral de Desarrollo en Infraestructura Hospitalaria,60000000.0,prestamos_sector_publico
El Salvador,339,1990,Sector Público,LC - Banco Central de Reserva de El Salvador,2000000.0,prestamos_sector_publico
Guatemala,340,1980,Sector Público,Proyecto de Desarrollo Integral de Comunidades Rurales en los Departamentos de Huehuetenango San Marcos el Quiché y el Progreso,4600000.0,prestamos_sector_publico
El Salvador,341,2004,Sector Público,Facilidad financiera al Banco Central de Reserva de la República de El Salvador,100000000.0,prestamos_sector_publico
El Salvador,342,2014,Sector Público,Incremento LGC - Banco Hipotecario de El Salvador,5000000.0,prestamos_sector_publico
Guatemala,343,1996,Sector Público,Proyecto Ampliación del Servicio Telefónico,60000000.0,prestamos_sector_publico
El Salvador,344,1975,Sector Público,Construcción de un Nuevo Aeropuerto Internacional en el Sur de El Salvador,13000000.0,prestamos_sector_publico
Honduras,345,1962,Sector Público,Estudios de Factibilidad de un Proyecto de Explotación de Mineral de Hierro en la Región de Agalteca,120000.0,prestamos_sector_publico
El Salvador,346,2002,Sector Público,LGC - Fondo Nacional de Vivienda Popular (FONAVIPO),7500000.0,prestamos_sector_publico
Costa Rica,347,2023,Sector Público,Programa para la Gestión de Activos de Impacto Nacional,400000000.0,prestamos_sector_publico
Costa Rica,348,2025,Sector Público,Torre de Cuidados Críticos y Obras Complementarias del Hospital Nacional de Niños,250000000.0,prestamos_sector_publico
Costa Rica,349,2006,Sector Público,Programa de Fortalecimiento y Modernización de los Servicios Eléctricos de Cartago,13777000.0,prestamos_sector_publico
El Salvador,350,1975,Sector Público,Proyecto de Construcción de la Interconexión de la Carretera CA-1 a la Ciudad de Santa Ana El Salvador,920000.0,prestamos_sector_publico
Costa Rica,351,2007,Sector Público,Préstamo - Proyecto Hidroeléctrico Pirrís,35000000.0,prestamos_sector_publico
Costa Rica,352,2022,Sector Público,Programa de Emergencia para la Reconstrucción Integral y Resiliente de Infraestructura - PROERI,700000000.0,prestamos_sector_publico
El Salvador,353,2016,Sector Público,LGC - Fondo Social para la Vivienda (FSV),40000000.0,prestamos_sector_publico
El Salvador,354,2005,Sector Público,Incremento LGC - Fondo Nacional de Vivienda Popular (FONAVIPO),10000000.0,prestamos_sector_publico
Costa Rica,355,1978,Sector Público,Completar el Construcción y Supervisión a Nivel de Pavimento de la Carretera Terrón Coloradolos Chiles,5820000.0,prestamos_sector_publico
Costa Rica,356,2014,Sector Público,Incremento LGC - Banco Popular y de Desarrollo Comunal,50000000.0,prestamos_sector_publico
El Salvador,357,2008,Sector Público,Línea de Crédito - Comisión Ejecutiva Hidroeléctrica del Río Lempa (CEL),40000000.0,prestamos_sector_publico
Costa Rica,358,1992,Sector Público,Proyecto Rehabilitación de Acueductos y Alcantarillados de la Provincia de Limón,5300000.0,prestamos_sector_publico
Costa Rica,359,1995,Sector Público,Proyecto Adquisición de Centrales Telefónicas Digitales (55 000 líneas) para el Area Metropolitana,9080700.0,prestamos_sector_publico
Honduras,360,1969,Sector Público,Fondos Destinados Exclusivamente a Completar la Financiación de los Estudios Finales de Ingeniería de la Carretera Marcala -Tutele - La Paz,62000.0,prestamos_sector_publico
El Salvador,361,1996,Sector Público,Proyecto de Rehabilitación del Sistema de Agua Potable Zona Norte y Otras Plantas Complementarias,14700000.0,prestamos_sector_publico
Costa Rica,362,2023,Sector Público,LC - Instituto Costarricense de Electricidad (ICE),150000000.0,prestamos_sector_publico
El Salvador,363,1993,Sector Público,Segunda Etapa de Edificaciones de la Zona Franca San Marcos Localizado en el Municipio de San Marcos  San Salvador,1819000.0,prestamos_sector_publico
Costa Rica,364,2010,Sector Público,Financiamiento para el desarrollo del proyecto Nuevo Parque de Almacenamiento de Gas Licuado de Petróleo (GLP),93408958.0,prestamos_sector_publico
Costa Rica,365,2008,Sector Público,LGC - Para el financiamiento de operaciones de comercio exterior consistentes en la adquisición de hidrocarburos,25000000.0,prestamos_sector_publico
Guatemala,366,1982,Sector Público,Plan de Desarrollo Metropolitano de la Ciudad de Guatemala,1100000.0,prestamos_sector_publico
Guatemala,367,1995,Sector Público,Programa de Saneamiento Básico Rural II,1000000.0,prestamos_sector_publico
El Salvador,368,1972,Sector Público,Completar la Financiación de la Construcción del Tramo Jocoaitique - Perquín de la Carretera CA7,1250000.0,prestamos_sector_publico
Costa Rica,369,1992,Sector Público,Proyecto Mejoramiento y Ampliación del Sistema Telefónico de la República de Costa Rica,18000000.0,prestamos_sector_publico
Costa Rica,370,2012,Sector Público,Incremento Prestamo - Programa de Abastecimiento del Área Metropolitana de San José  Acueductos Urbanos y Alcantarillado Sanitario de Puerto Viejo de Limón,35000000.0,prestamos_sector_publico
El Salvador,371,1996,Sector Público,LC - Banco Multisectorial De Inversiones,10000000.0,prestamos_sector_publico
El Salvador,372,2006,Sector Público,LGC - Banco Hipotecario de El Salvador,15000000.0,prestamos_sector_publico
El Salvador,373,2022,Sector Público,Programa Temporal de Apoyo ante la Crisis de los Combustibles en El Salvador,220000000.0,prestamos_sector_publico
Honduras,374,1971,Sector Público,Adquisición de Dos Locomotoras Diesel Eléctricas con sus Correspondientes Repuestos y Accesorios y al Financiamiento Adicional del Costo de Estudios de Evaluación General de la Empresa,500000.0,prestamos_sector_publico
El Salvador,375,2021,Sector Público,Programa de Vivienda y Vida Digna (PROVIDA) - Fondo Social para la Vivienda,50000000.0,prestamos_sector_publico
El Salvador,376,2007,Sector Público,Comisión Ejecutiva Hidroeléctrica del Río Lempa (Cel). Cadenas Productivas,1500000.0,prestamos_sector_publico
El Salvador,377,1988,Sector Público,Participación por Parte del Prestatario en el Programa de Rehabilitación de la Pequeña y Mediana Industria.,1000000.0,prestamos_sector_publico
Guatemala,378,1973,Sector Público,Completar el Pago de un Estudio de Factibilidad para la Instalación de un Mercado de Mayoreo en la Ciudad de Guatemala,59000.0,prestamos_sector_publico
El Salvador,379,1969,Sector Público,Proyecto de la Arteria Regional de Telecomunicaciones en la Parte que Corresponde a la República de El Salvador,2700000.0,prestamos_sector_publico
El Salvador,380,2007,Sector Público,Proyecto Central Térmica Talnique,13000000.0,prestamos_sector_publico
Costa Rica,381,1997,Sector Público,Participación en el Fideicomiso de Inversión (Proyecto Angustura),73301000.0,prestamos_sector_publico
El Salvador,382,1981,Sector Público,Estudio de Preinversión del Proyecto Estudio Sobre el Futuro del Sistema Ferroviario de El Salvador,1950000.0,prestamos_sector_publico
Costa Rica,383,2014,Sector Público,Programa de Desarrollo Eléctrico ICE 2014-2016,180000000.0,prestamos_sector_publico
El Salvador,384,2008,Sector Público,Programa de Vías Suburbanas y Caminos Rurales,32605000.0,prestamos_sector_publico
Guatemala,385,1974,Sector Público,Proyecto Hidroeléctrico de Pueblo Viejo (Chixoy Medio),2400000.0,prestamos_sector_publico
El Salvador,386,2001,Sector Público,Préstamo Multisectorial de Emergencia,75000000.0,prestamos_sector_publico
Guatemala,387,1994,Sector Público,Ruta CA-13 - Tramo Modesto Mendez - San Luis,16133400.0,prestamos_sector_publico
El Salvador,388,2019,Sector Público,Proyecto Construcción de Viaducto y Ampliación de Carretera CA01W (Tramo Los Chorros),245824129.0,prestamos_sector_publico
Guatemala,389,1989,Sector Público,Construcción del Proyecto Hidroeléctrico Río Bobos,5000000.0,prestamos_sector_publico
El Salvador,390,1991,Sector Público,LC - Banco Central de Reserva de El Salvador,1000000.0,prestamos_sector_publico
Costa Rica,391,2005,Sector Público,Línea de crédito revolvente al Banco Central de Costa Rica,150000000.0,prestamos_sector_publico
El Salvador,392,1990,Sector Público,Proyectos Red Regional Digital de Telecomunicaciones Centroamericanas y Ruta Nacional del Sur y Alterna Regional,9600000.0,prestamos_sector_publico
Costa Rica,393,1993,Sector Público,Programa de desarrollo de la enseñanza técnica productiva para la región Huetar Norte De Costa Rica,1000000.0,prestamos_sector_publico
El Salvador,394,1995,Sector Público,Proyecto Carretera a San Salvador San Miguel II Etapa,4900000.0,prestamos_sector_publico
El Salvador,395,1987,Sector Público,Fase Inicial del Programa Nacional de Riego y Drenaje ,4000000.0,prestamos_sector_publico
El Salvador,396,1969,Sector Público,Construcción Incluyendo Pavimento de la Carretera Santa Ana - Metapán - Anguiatú (CA12),4000000.0,prestamos_sector_publico
El Salvador,397,1980,Sector Público,Compra de Hipotecas Y/o Títulos Hipotecarios Conforme a las Politicas del Programa de Vivienda Media Baja del Banco Vigentes a la Fecha de cada Desembolso.,5000000.0,prestamos_sector_publico
Costa Rica,398,2010,Sector Público,Programa Nacional de Desarrollo Rural y Empresarial (PRONADEM) - Ministerio de Agricultura y Ganadería (MAG),4285000.0,prestamos_sector_publico
El Salvador,399,2013,Sector Público,Proyecto Planta Fotovoltaica 15 de Septiembre,15000000.0,prestamos_sector_publico
Guatemala,400,1994,Sector Público,Programa de Rehabilitación de Chimaltenango y Sololá,30000000.0,prestamos_sector_publico
El Salvador,401,2007,Sector Público,Incremento LGC - Banco de Fomento Agropecuario (BFA),10000000.0,prestamos_sector_publico
Guatemala,402,1975,Sector Público,Proyectos Dentro de los Sectores de la Industria la Agroindustria el Turismo y la Minería.,200000.0,prestamos_sector_publico
Guatemala,403,1998,Sector Público,Programa de Rehabilitación de Vías Primarias,100000000.0,prestamos_sector_publico
El Salvador,404,1977,Sector Público,Proyecto de la Zona de Exportación San Bartolo Adyacente al Aeropuerto Internacional Ilopango,11500000.0,prestamos_sector_publico
Honduras,405,1980,Sector Público,Financiar Parcialmente las Construcciones Adquisición de Maquinaria y Equipo y Supervisión para la Ampliación del Sistema Telefónico de Tegucigalpa y de la Red Regional del Norte,13300000.0,prestamos_sector_publico
El Salvador,406,2005,Sector Público,Banco Central de Reserva. Apertura de LGC,150000000.0,prestamos_sector_publico
El Salvador,407,1974,Sector Público,Proyecto Autopistas Metropolitanas de San Salvador,1050000.0,prestamos_sector_publico
El Salvador,408,1971,Sector Público,LC - Instituto Salvadoreño de Fomento Industrial,1600000.0,prestamos_sector_publico
Costa Rica,409,2008,Sector Público,Incremento - Programa de Fortalecimiento y Modernización de los Servicios Eléctricos de Cartago,5390000.0,prestamos_sector_publico
Guatemala,410,1974,Sector Público,Proyecto Hidroeléctrico del Pueblo Viejo (Chixoy Medio) a Generar 230 Mw Además de Gastos del Asentamiento del Personal a ser Empleado en la Primera Etapa,5400000.0,prestamos_sector_publico
Costa Rica,411,2015,Sector Público,Proyecto Mercado Regional Mayorista de la Región Chorotega,48025574.58,prestamos_sector_publico
El Salvador,412,1969,Sector Público,Adquisición de Equipo de Enseñanza y Laboratorio para la Facultad de Medicina de la Universidad,550000.0,prestamos_sector_publico
El Salvador,413,2017,Sector Público,Construcción de la Central Hidroeléctrica El Chaparral,176000000.0,prestamos_sector_publico
Guatemala,414,1970,Sector Público,Financiamiento de los Estudios Finales de Ingeniería del Programa Nacional de Almacenamiento de Granos Básicos de Compra del Gobierno de la República de Guatemala,150000.0,prestamos_sector_publico
Costa Rica,415,1979,Sector Público,LC - Banco Central de Costa Rica,1000000.0,prestamos_sector_publico
El Salvador,416,1982,Sector Público,Compra de Hipotecas Y/o Titulos Hipotecarios Constituidos Sobre Viviendas Elegibles Conforme a las Politicas del Programa de Vivienda del Banco Vigentes a la Fecha de cada Desembolso.,14100000.0,prestamos_sector_publico
El Salvador,417,2015,Sector Público,Incremento LGC - Banco de Desarrollo de El Salvador (BANDESAL),48092000.0,prestamos_sector_publico
Costa Rica,418,1997,Sector Público,LC - Banco Nacional de Costa Rica,10000000.0,prestamos_sector_publico
Costa Rica,419,1998,Sector Público,Proyecto Complejo de Tecnología Avanzada del Instituto Tecnológico de Costa Rica,22522757.0,prestamos_sector_publico
Honduras,420,1972,Sector Público,Autoriza Compra De Hipotecas Al Banco Hipotecario  S.A,200000.0,prestamos_sector_publico
El Salvador,421,2015,Sector Público,Incremento LGC - Banco Hipotecario de El Salvador,16000000.0,prestamos_sector_publico
El Salvador,422,1977,Sector Público,Construcción y Supervisión de las Obras para el Interconector Regional de las Rutas CA12 y CA1 en la Ciudad de Santa Ana,2600000.0,prestamos_sector_publico
El Salvador,423,2001,Sector Público,Proyecto Modernización y Reactivación del Mercado Central del Área Metropolitana de San Salvador,7400000.0,prestamos_sector_publico
Costa Rica,424,2012,Sector Público,Proyecto Hidroeléctrico Reventazón,225000000.0,prestamos_sector_publico
Costa Rica,425,2016,Sector Público,Programa de Modernización de la Infraestructura Portuaria del Puerto de Moín,82722413.0,prestamos_sector_publico
Guatemala,426,2002,Sector Público,Proyecto Servicios de Desarrollo Empresarial para la Microempresa Pequeña y Mediana Empresa de Guatemala,30000000.0,prestamos_sector_publico
Guatemala,427,2004,Sector Público,Programa de Construcción de Puentes Permanentes,37635000.0,prestamos_sector_publico
El Salvador,428,1980,Sector Público,Estudio de factibilidad Para Carreteras El Portezuelo-Atiquizaya-Las Chinamas-El Jobo; San Miguel-San Francisco Gotera-Agua Salada; San Miguel-Sirama(Ca-1),900000.0,prestamos_sector_publico
Costa Rica,429,2006,Sector Público,Proyecto Planta Geotérmica Las Pailas,160000000.0,prestamos_sector_publico
El Salvador,430,1985,Sector Público,Completar el Proyecto Interconexión Eléctrica Guatemala - El Salvador,1980000.0,prestamos_sector_publico
Guatemala,431,2002,Sector Público,Proyecto Introducción de la Informática Educativa en la Enseñanza Primaria del Sistema Oficial en Guatemala,10467835.0,prestamos_sector_publico
El Salvador,432,2012,Sector Público,Programa de Fortalecimiento del Sistema Penitenciario en El Salvador,71000000.0,prestamos_sector_publico
Honduras,433,1973,Sector Público,Presa Linea e Conducción y Ampliación de una Planta de Tratamiento en los Laureles,250000.0,prestamos_sector_publico
Honduras,434,1974,Sector Público,Instalación y Rehabilitación de las Redes Externas y Centrales Telefónicas de las Ciudades de Tegucigalpa y San Pedro Sula y la Ampliación de los Sistemas de Transmisión,1200000.0,prestamos_sector_publico
Guatemala,435,1977,Sector Público,Financiar Costos Adicionales De Los Estudios Correspondientes A Los Proyectos Que Aparecen En La Resolucion No. Di-99/75,1490000.0,prestamos_sector_publico
El Salvador,436,2024,Sector Público,Programa Surf City - Fase I,113900000.0,prestamos_sector_publico
El Salvador,437,1994,Sector Público,Programa de Infraestructura Social de Educacion Parvularia y Básica,1500000.0,prestamos_sector_publico
Guatemala,438,1980,Sector Público,Financiar las Obras del tramo tres y Obras Complementarias en los tramos uno B y C y tramo dos de la Vía de Interconexión entre las Rutas CA1 y CA9 (Anillo Periférico),6090000.0,prestamos_sector_publico
El Salvador,439,1976,Sector Público,Segunda Etapa de la Red Regional de Telecomunicaciones en la Parte que Corresponde a la República de El Salvador,4300000.0,prestamos_sector_publico
El Salvador,440,2008,Sector Público,Proyecto Central Hidroeléctrica El Chaparral,23000000.0,prestamos_sector_publico
Costa Rica,441,2000,Sector Público,Proyecto  Ampliación de la Red Celular,11290800.0,prestamos_sector_publico
El Salvador,442,1994,Sector Público,Estudio para la Expansion de la Central Hidroelectrica 5 de Noviembre,2625000.0,prestamos_sector_publico
El Salvador,443,2020,Sector Público,Programa de Construcción de Infraestructura y Rescate de Escenarios Deportivos a Nivel Nacional (PRODEPORTE),115200000.0,prestamos_sector_publico
Guatemala,444,1997,Sector Público,Proyecto Carretera Vado Hondo - El Florido (Ruta CA-11),34845100.0,prestamos_sector_publico
Guatemala,445,1978,Sector Público,Financiar Consultoría Externa para el Diseño Final y la Preparación de Documentos de Licitación y Supervisión del Montaje de la Línea de Transmisión Guatemala Sur  Guatemala Norte,90000.0,prestamos_sector_publico
El Salvador,446,2007,Sector Público,Proyecto Central Térmica Talnique,42000000.0,prestamos_sector_publico
Honduras,447,1978,Sector Público,Costo de Tres Estudios de Factibilidad Sobre el Cultivo y Procesamiento de la Palma Africana el Cultivo del Cacao y el Cultivo de Cítricos,330000.0,prestamos_sector_publico
El Salvador,448,2019,Sector Público,Incremento LGC - Fondo Social para la Vivienda (FSV),60000000.0,prestamos_sector_publico
Guatemala,449,2008,Sector Público, LFP - Municipalidad de Guatemala,1000000.0,prestamos_sector_publico
El Salvador,450,1996,Sector Público,Proyecto Reconstrucción y Equipamiento del Hospital General del ISSS,33300000.0,prestamos_sector_publico
Costa Rica,451,2008,Sector Público,Programa de Obras Eléctricas 2008-2009,65000000.0,prestamos_sector_publico
El Salvador,452,2011,Sector Público,LC - Banco Central de Reserva de El Salvador (BCR),100000000.0,prestamos_sector_publico
Costa Rica,453,1995,Sector Público,LC - Banco de Costa Rica,13000000.0,prestamos_sector_publico
El Salvador,454,2014,Sector Público,Proyecto de Apoyo a la Inversión Productiva y Social,100000000.0,prestamos_sector_publico
El Salvador,455,2014,Sector Público,Emisión de garantías bancarias de cumplimiento a la Comisión Ejecutiva Hidroeléctrica del Río Lempa (CEL),22000000.0,prestamos_sector_publico
El Salvador,456,1994,Sector Público,Proyecto Telofonía Rural I Etapa,64262000.0,prestamos_sector_publico
El Salvador,457,1994,Sector Público,Sustitución y Mejoramiento del Servicio Telefónico en las Áreas de las Centrales Analógicas de San Salvador,50000000.0,prestamos_sector_publico
Costa Rica,458,2017,Sector Público,Segundo Circuito del Sistema de Interconexión Eléctrica para los Países de América Central (SIEPAC II),128000000.0,prestamos_sector_publico
Guatemala,459,1990,Sector Público,Proyectos de Rehabilitación y Mejoramiento de Varios Tramos de Carretera,2300000.0,prestamos_sector_publico
Honduras,460,1971,Sector Público,Carretera Puerto Cortés - Frontera de Guatemala Ruta CA13,1500000.0,prestamos_sector_publico
El Salvador,461,2013,Sector Público,Proyectos Ampliación de la Carretera al Puerto de La Libertad Tramos II y III y Construcción de los Puentes sobre los Ríos Anguiatú y Paz,144708600.0,prestamos_sector_publico
Guatemala,462,1998,Sector Público,Programa Carreteras Turísticas y de la Oportunidad,45300000.0,prestamos_sector_publico
Honduras,463,1984,Sector Público,Financiar Parcialmente las Construcciones Adquisición de Maquinaria  Equipo y Supervisión para la Ampliación del Sistema Telefónico de Tegucigalpa y de la Red Regional del Norte,7600000.0,prestamos_sector_publico
El Salvador,464,1979,Sector Público,Costo de los Estudios para el Plan de Desarrollo del Sistema Electrico de la Comision Ejecutiva Hidroelectrica del Rio Lempa (Cel) para el Periodo 1982/2000,1000000.0,prestamos_sector_publico
Honduras,465,1981,Sector Público,Participación por Parte del Prestatario en el Programa de Agroempresas Rurales del Banco.,500000.0,prestamos_sector_publico
El Salvador,466,2010,Sector Público,Incremento LGC - Fondo Nacional de Vivienda Popular (FONAVIPO),50000000.0,prestamos_sector_publico
El Salvador,467,1988,Sector Público,Mejoramiento y Reconstrucción de la Carretera San Salvador - San Miguel  II Etapa  Tramo No 2  Desvío Santiago de María - San Miguel,8400000.0,prestamos_sector_publico
El Salvador,468,1981,Sector Público,Compra de Hipotecas Y/o Titulos Hipotecarios Conforme a las Politicas del Programa de Vivienda Media Baja del Banco Vigentes a la Fecha de cada Desembolso.,3000000.0,prestamos_sector_publico
Costa Rica,469,2010,Sector Público,Programa de Obras Estratégicas de Infraestructura Vial,85000000.0,prestamos_sector_publico
Guatemala,470,1976,Sector Público,Construcción del Tramo Final Calzada Roosevelt - Garita de Policía de la Ruta CA1,2800000.0,prestamos_sector_publico
Costa Rica,471,2017,Sector Público,Programa Integral de Seguridad y Conservación del Monumento Histórico Teatro Nacional de Costa Rica,31330000.0,prestamos_sector_publico
El Salvador,472,2020,Sector Público,Financiamiento Parcial Medidas Económicas Compensatorias Implementadas por Emergencia COVID-19,50000000.0,prestamos_sector_publico
Guatemala,473,1968,Sector Público,Construcción de la Carretera Padre Miguel - Anguiatú (CA12),1067000.0,prestamos_sector_publico
Guatemala,474,2001,Sector Público,Programa de Apoyo al Desarrollo de los Departamentos de Chimaltenango Sololá y Totonicapán,30000000.0,prestamos_sector_publico
Costa Rica,475,2011,Sector Público,Proyecto de Ampliación de la Planta Hidroeléctrica Cachí,140000000.0,prestamos_sector_publico
El Salvador,476,2007,Sector Público,Proyecto Central Hidroeléctrica El Chaparral,140000000.0,prestamos_sector_publico
El Salvador,477,2016,Sector Público,Programa de Generación de Energía Geotérmica en El Salvador,132647251.84,prestamos_sector_publico
Costa Rica,478,2001,Sector Público,Proyecto Centrales Telefónicas Siemens  Ampliación y Modernización del Sistema Nacional de Telecomunicaciones 20002001,13379300.0,prestamos_sector_publico
Costa Rica,479,2004,Sector Público,Incremento LGC - Banco de Costa Rica,90000000.0,prestamos_sector_publico
Honduras,480,1980,Sector Público,Ejecución de las obras de urbanización y construcción de viviendas en los proyectos contenidos en un listado,1000000.0,prestamos_sector_publico
El Salvador,481,2015,Sector Público,Proyecto Rehabilitación de la Planta Potabilizadora de las Pavas,64429814.0,prestamos_sector_publico
El Salvador,482,2019,Sector Público,Proyecto de Construcción  Equipamiento y Modernización de las Oficinas Centrales de la Fiscalía General de la República de El Salvador,25338586.48,prestamos_sector_publico
El Salvador,483,2018,Sector Público,Programa de Apoyo a la Agricultura Familiar para el Buen Vivir en El Salvador,100000000.0,prestamos_sector_publico
El Salvador,484,1993,Sector Público,Adquisición de Bienes y Servicios Necesarios para Ejecutar el Proyecto Plan Nacional de Señalamiento Vial en la República de El Salvador,10000000.0,prestamos_sector_publico
Costa Rica,485,2016,Sector Público,Programa de Agua Potable y Saneamiento de Zonas Costeras  Gestión de la Calidad y Eficiencia del Servicio,164120000.0,prestamos_sector_publico
Honduras,486,1970,Sector Público,Adquisición de Equipo Rodante y Equipo de Taller Mecánico,200000.0,prestamos_sector_publico
Honduras,487,1967,Sector Público,Financiar los Gastos de la Compra de Cuatro (4) Unidades Dieseleléctricas con una Capacidad Total Aproximada de 8000 Kw,1000000.0,prestamos_sector_publico
El Salvador,488,1996,Sector Público,Programa de Escuela Saludable II Etapa,20000000.0,prestamos_sector_publico
El Salvador,489,1994,Sector Público,Rehabilitación Central Hihroeléctrica 15 de Septiembre,10876000.0,prestamos_sector_publico
El Salvador,490,2007,Sector Público,Proyecto de Modernización del Registro Inmobiliario y del Catastro,55000000.0,prestamos_sector_publico
Honduras,491,2004,Sector Público,Proyecto Combate al Mal de Chagas Mediante el Mejoramiento de Vivienda,4000000.0,prestamos_sector_publico
Guatemala,492,1978,Sector Público,Financiar los Costos de las Investigaciones Geológicas en la Zona de los Proyectos Hidroeléctricos de Chulac y Xalalá Como Parte del Estudio de Factibilidad de Dichos Proyectos,2000000.0,prestamos_sector_publico
Honduras,493,1985,Sector Público,Completar el Proyecto Vial Tegucigalpa - Río del Hombre de la Carretera CA-5,350000.0,prestamos_sector_publico
Honduras,494,1978,Sector Público,Siembra y el Establecimiento de Plantaciones de Marañon en un Área de 7000 Hectáreas en el Departamento de Choluteca,2450000.0,prestamos_sector_publico
Guatemala,495,1981,Sector Público,Reconstrucción y Ampliación de la Red de Distribución Eléctrica de la Ciudad de Quezaltenango,2500000.0,prestamos_sector_publico
Guatemala,496,1971,Sector Público,Financiamiento Parcial de la Carretera el Rancho Cobán en sus Distintos Tramos,1900000.0,prestamos_sector_publico
El Salvador,497,2021,Sector Público,Programa de Apoyo a Medidas de Recuperación Económica Implementadas en beneficio de las Empresas y el Empleo afectados por el COVID-19,600000000.0,prestamos_sector_publico
Guatemala,498,1993,Sector Público,Programa de Inversión en Infraestructura Maquinaria y Equipo para la Universidad de San Carlos de la República de Guatemala,20000000.0,prestamos_sector_publico
Guatemala,499,1995,Sector Público,Proyectos de Desarrollo Social,10000000.0,prestamos_sector_publico
Guatemala,500,1976,Sector Público,Financiamiento Complejo Turístico Tikal,12000000.0,prestamos_sector_publico
Costa Rica,501,2006,Sector Público,Préstamo - Refinadora Costarricense de Petróleo  Sociedad Anónima (RECOPE),125450000.0,prestamos_sector_publico
El Salvador,502,2006,Sector Público,"LGC - Facilidad financiera al Banco Central de Reserva de la República de El Salvador
",200000000.0,prestamos_sector_publico
El Salvador,503,2022,Sector Público,LC - Comisión Ejecutiva Hidroeléctrica del Río Lempa,100000000.0,prestamos_sector_publico
Guatemala,504,1998,Sector Público,Proyecto Palín II,6000000.0,prestamos_sector_publico
Guatemala,505,2008,Sector Público,Proyecto vial Franja Transversal del Norte,203000000.0,prestamos_sector_publico
El Salvador,506,2015,Sector Público,Emisión de garantías bancarias de cumplimiento a la Comisión Ejecutiva Hidroeléctrica del Río Lempa (CEL),22000000.0,prestamos_sector_publico
Nicaragua,507,1971,Sector Público,Financiamiento Parcial de la Pavimentación de la Carretera San Benito - Rama,2250000.0,prestamos_sector_publico
Guatemala,508,2008,Sector Público,Préstamo - Financiamiento para Apoyo Presupuestario al Ministerio de Comunicaciones  Infraestructura y Vivienda,74000000.0,prestamos_sector_publico
Guatemala,509,2010,Sector Público,Apoyo Presupuestario para los Sectores Educación y Salud,265000000.0,prestamos_sector_publico
El Salvador,510,2005,Sector Público,LGC - Banco de Fomento Agropecuario (BFA),10000000.0,prestamos_sector_publico
El Salvador,511,1964,Sector Público,Financiar Estudios de Factibilidad  Análisis Económico e Impresión de Informes de Carreteras  Interamericana,271000.0,prestamos_sector_publico
El Salvador,512,2011,Sector Público,Programa de Conectividad de la Infraestructura Vial para el Desarrollo,48212173.8,prestamos_sector_publico
Costa Rica,513,2005,Sector Público,Incremento LGC - Banco de Costa Rica,18300000.0,prestamos_sector_publico
Guatemala,514,1969,Sector Público,Estudios Preliminares de Ingeniería y Preparación de Planos Finales del Puerto de Champerico,450000.0,prestamos_sector_publico
El Salvador,515,2020,Sector Público,OPD para Apoyar Acciones de Política Pública y Resultados de Desarrollo,15000000.0,prestamos_sector_publico
El Salvador,516,2000,Sector Público,Programa de Apoyo al Desarrollo de la Educación Integral en El Salvador,50000000.0,prestamos_sector_publico
El Salvador,517,1997,Sector Público,LGC - Banco de Desarrollo de El Salvador (BANDESAL),43408000.0,prestamos_sector_publico
El Salvador,518,1966,Sector Público,Compra de la Biblioteca Privada del Doctor Edwin Shook de Harvard  Massachusetts  USA que Contiene Gran Variedad de Documentos Valiosos de Origen Centroamericano o Referentes a Centroamérica,140000.0,prestamos_sector_publico
Guatemala,519,2017,Sector Público,Programa VIDHAS Guatemala,100000000.0,prestamos_sector_publico
Honduras,520,1972,Sector Público,Proyectos Turísticos de Tela (Tornasal) Isla de Roatán y Copán Ruinas,350000.0,prestamos_sector_publico
Guatemala,521,1987,Sector Público,Rehabilitación de la Carretera CA-9 Norte Tramo El Rancho - Río Hondo,7620000.0,prestamos_sector_publico
Honduras,522,1974,Sector Público,Proyecto de Abastecimiento de Agua Potable Mediante los Laureles,8800000.0,prestamos_sector_publico
Honduras,523,2010,Sector Público,Programa de Mitigación de Desastres Naturales y Finalización del Anillo Periférico en el Municipio del Distrito Central,46188510.0,prestamos_sector_publico
El Salvador,524,2022,Sector Público,OPD para apoyar acciones de política y resultados de desarrollo,250000000.0,prestamos_sector_publico
Honduras,525,1982,Sector Público,Reconstrucción y Mejoramiento a Nivel de Subbase del Tramo de Carretera Valle Jesús de Otoro - La Esperanza de Aproximadamente 287 Km de la Ruta CA-11A,9764000.0,prestamos_sector_publico
Guatemala,526,1973,Sector Público,Completar el Financiamiento y Mejorar la Operación de la Arteria Regional de Telecomunicaciones en la Parte que Corresponde a la República de Guatemala,600000.0,prestamos_sector_publico
El Salvador,527,1992,Sector Público,Proyecto Instalación de 110 Mw en Unidades Térmicas en una Central de Ciclo Combinado Acajutla Fase I en la República de El Salvador,20000000.0,prestamos_sector_publico
El Salvador,528,1987,Sector Público,Proyecto Estabilización del Campo Geotérmico de Ahuachapán,8900000.0,prestamos_sector_publico
Guatemala,529,1980,Sector Público,III Etapa de las Obras del Proyecto de Emergencia de Abastecimiento de Agua para la Ciudad de Guatemala,1500000.0,prestamos_sector_publico
Honduras,530,1966,Sector Público,LC - Instituto Nacional de la Vivienda para Compra o Construcciones de Viviendas Elegibles.,1500000.0,prestamos_sector_publico
El Salvador,531,1980,Sector Público,Compra de Hipotecas Y/o Titulos Hipotecarios Conforme a las Politicas del Programa de Vivienda Media Baja del Banco Vigentes a la Fecha de cada Desembolso.,5000000.0,prestamos_sector_publico
Guatemala,532,1978,Sector Público,Resolver la Situación Deficitaria de la Sieca Producida por los Trabajo Extraordinarios Realizados a Solicitud de los Estados Miembros,500000.0,prestamos_sector_publico
Guatemala,533,1968,Sector Público,Financiamiento Parcial de la Construcción del Tramo Santa Elena - Cobán de la Carretera el Rancho Cobán,4700000.0,prestamos_sector_publico
Honduras,534,1967,Sector Público,Estudios que Permitan Tomar Decisiones Sobre la Normalización de las Características Técnicas de los Sistemas de Transmisión Distribución y Utilización de Energía Eléctrica,25680.0,prestamos_sector_publico
Costa Rica,535,2022,Sector Público,Programa Temporal de Apoyo ante la Crisis de los Combustibles en Costa Rica,200000000.0,prestamos_sector_publico
El Salvador,536,2016,Sector Público,Incremento LGC - Banco Hipotecario de El Salvador,11000000.0,prestamos_sector_publico
Honduras,537,1969,Sector Público,Adquisición de 30 Rejillas o Furgones para Uso del Prestatario,250000.0,prestamos_sector_publico
El Salvador,538,1964,Sector Público,LC - Banco Hipotecario de El Salvador  Programa Regional para Financiamiento de la Vivienda,1000000.0,prestamos_sector_publico
El Salvador,539,1973,Sector Público,Proyecto y Pavimentación de Cuatro Carriles del Tramo Km 35 el Congo,5000000.0,prestamos_sector_publico
Honduras,540,1994,Sector Público,Proyecto de Rehabilitación de las Plantas Cañaveral y Río Lindo,1000000.0,prestamos_sector_publico
El Salvador,541,2019,Sector Público,Programa de Desarrollo Social,91000000.0,prestamos_sector_publico
El Salvador,542,2020,Sector Público,Programa Mi Nueva Escuela,200000000.0,prestamos_sector_publico
Guatemala,543,1981,Sector Público,LC - Instituto Centroamericano de Investigación y Tecnología Industrial,289000.0,prestamos_sector_publico
El Salvador,544,2011,Sector Público,Línea contingente para la emisión de garantías bancarias de cumplimiento a la Comisión Ejecutiva Hidroeléctrica del Río Lempa (CEL),24000000.0,prestamos_sector_publico
El Salvador,545,1966,Sector Público,Estudio de Factibilidad Técnica y de Ingeniería y Diseño Final de un Rompeolas en la Rada del Puerto de Acajutla,125000.0,prestamos_sector_publico
Honduras,546,1970,Sector Público,Estudio para Determinar las Posibilidades de la Extensión de la Vía Férrea Interconexión con los Ferrocarriles de Guatemala y el Mejoramiento y Reacondicionamiento de las Instalaciones del Prestatario,50000.0,prestamos_sector_publico
Honduras,547,1980,Sector Público,Construcción de la Carretera la Ceibita - Santa Bárbara - Taulbé en su Sección II Comprendida Entre la Ceibita y Desvío a San Nicolás con una Longitud de 66 Kms Aproximadamente,8000000.0,prestamos_sector_publico
El Salvador,548,1996,Sector Público,Programa de Construcción de Mercados Municipales,11263530.0,prestamos_sector_publico
El Salvador,549,1997,Sector Público,Programa de Infraestructura Social y Económica,40000000.0,prestamos_sector_publico
El Salvador,550,2009,Sector Público,Programa de Apoyo a la Educación y Seguridad Pública Obras Rurales y Mitigación de Riesgos,143433870.0,prestamos_sector_publico
Honduras,551,2005,Sector Público,Programa Nacional de Electrificación Social NDF-2000,10072463.49,prestamos_sector_publico
Guatemala,552,1979,Sector Público,Reconstrucción y Mejoramiento del Tramo de la Carretera Interamericana de Occidente (CA1 Mixco - San Lucas - Siguatepeque),8100000.0,prestamos_sector_publico
Honduras,553,1993,Sector Público,Construcción de la Carretera San Pedro Sula - Puerto Cortés República de Honduras,6120000.0,prestamos_sector_publico
Nicaragua,554,1969,Sector Público,Proyecto de la Arteria Regional de Telecomunicaciones en la Parte que Corresponde a la República de Nicaragua,3300000.0,prestamos_sector_publico
Honduras,555,1976,Sector Público,Complejo Arqueológico y Turístico de Copán,9000000.0,prestamos_sector_publico
Guatemala,556,1978,Sector Público,Construcción del Edificio Educativo y del Edificio de la Residencia Estudiantil Verapaz Ambos del Instituto Femenino de Educación Superior Asi Como la Adquisición de Equipo Mobiliario y Enseres Didácticos,1200000.0,prestamos_sector_publico
El Salvador,557,2025,Sector Público,Programa Surf City - Fase II,65000000.0,prestamos_sector_publico
Guatemala,558,2005,Sector Público,Obras de Tendido Eléctrico de Transmisión en la Zona Norte (146 Km) y Zona Sur (54 Km) de Guatemala,63270000.0,prestamos_sector_publico
Guatemala,559,1997,Sector Público,Proyecto Adquisición de 800 Autobuses para el Transporte Urbano Público de la Ciudad de Guatemala,56214673.0,prestamos_sector_publico
Honduras,560,1966,Sector Público,Construcción del Tramo Tela - La Ceiba de la Carretera Litoral Atlántico y  el Tramo de el Triunfo a la Frontera con Nicaragua de la Carretera CA3,9507000.0,prestamos_sector_publico
Costa Rica,561,2008,Sector Público,Proyecto Sistema de Interconexión Eléctrica para los Países de América Central (Siepac),10000000.0,prestamos_sector_publico
El Salvador,562,2007,Sector Público,Programa de Vías Suburbanas y Caminos Rurales,60000000.0,prestamos_sector_publico
Guatemala,563,1996,Sector Público,Proyecto Desarrollo Rural Sostenible en Zonas de Fragilidad Ecológica en la Región del Trifinio,13971000.0,prestamos_sector_publico
Guatemala,564,2015,Sector Público,Tercera Etapa del Programa de Inversión en Infraestructura Maquinaria y Equipo para la Universidad de San Carlos de Guatemala,120000000.0,prestamos_sector_publico
Honduras,565,1972,Sector Público,Proyecto de Modernización de los Servicios de Navegación Aérea,245000.0,prestamos_sector_publico
El Salvador,566,2020,Sector Público,OPD para Apoyar Acciones de Politica Pública y Resultados de Desarrollo,235000000.0,prestamos_sector_publico
Nicaragua,567,1991,Sector Público,Fondos Destinados al Programa de Vivienda México/Bcie en la Ciudad de Managua.,28000000.0,prestamos_sector_publico
Honduras,568,1966,Sector Público,Financiar Estudios de Ingeniería y Factibilidad Económica de Proyectos Caminos de Acceso Carreteras de Litoral,210000.0,prestamos_sector_publico
Honduras,569,1987,Sector Público,Proyecto de Carretera Siguatepeque - Valle - Jesús de Otoro (Sección I del Proyecto Siguatepeque - La Esperanza en la Ruta CA-11A),110000.0,prestamos_sector_publico
El Salvador,570,2006,Sector Público,Comisión Ejecutiva Hidroeléctrica del Río Lempa (CEL),60000000.0,prestamos_sector_publico
El Salvador,571,1965,Sector Público,LC - Banco Hipotecario de El Salvador,1000000.0,prestamos_sector_publico
Honduras,572,1969,Sector Público,Adquisición de Equipo Médico Hospitalario Especializado para un Hospital a Instalarse por el Prestatario en la Ciudad de San Pedro Sula,2691600.0,prestamos_sector_publico
Costa Rica,573,2008,Sector Público,Préstamo - Proyecto Hidroeléctrico Pirrís,67000000.0,prestamos_sector_publico
Guatemala,574,1976,Sector Público,Proyectos Urbanización las Colinas y Urbanización la Alameda de Conformidad con las Normas y Especificaciones del Programa de Vivienda Baja del Banco.,5000000.0,prestamos_sector_publico
El Salvador,575,2022,Sector Público,Proyecto Construcción de Viaducto y Ampliación de Carretera CA01W (Tramo Los Chorros),166000000.0,prestamos_sector_publico
El Salvador,576,2004,Sector Público,Proyecto Central Térmica Ateos,48500000.0,prestamos_sector_publico
Honduras,577,1963,Sector Público,Estudios Definitivos de la Carretera CA13 Entre Puerto Cortés y la Frontera de Guatemala,212500.0,prestamos_sector_publico
El Salvador,578,1998,Sector Público,Proyecto Desarrollo Rural Sostenible de Zonas de Fragilidad,6971000.0,prestamos_sector_publico
Honduras,579,1988,Sector Público,Participación por Parte del Prestatario en el Programa Centroamericano de Agroempresas Rurales.,1000000.0,prestamos_sector_publico
Honduras,580,2015,Sector Público,Programa de Infraestructura Vial (PIV),150000000.0,prestamos_sector_publico
Guatemala,581,1996,Sector Público,Proyecto Mejoramiento y Pavimentación de la Ruta CA 13 Tramo  San Luis - Poptún - Flores,57000000.0,prestamos_sector_publico
Honduras,582,1975,Sector Público,Adquisición por Parte del Prestatario de Acciones del Capital Social de la Firma Agrícola de Honduras S.A. de C.V.,500000.0,prestamos_sector_publico
Honduras,583,2023,Sector Público,Programa de Apoyo a la Red Hospitalaria (PARH),135000000.0,prestamos_sector_publico
Guatemala,584,1973,Sector Público,Adquisición de una Central Telefónica Interurbana Incluyendo Gastos de Asistencia Técnica y de Entrenamiento,2160000.0,prestamos_sector_publico
Honduras,585,1990,Sector Público,Proyecto Mejoramiento de Facilidades Portuarias Consistente,3400000.0,prestamos_sector_publico
Guatemala,586,1985,Sector Público,Adquisición e Instalación de Bienes y Servicios de Origen Japonés para la Ampliación del Sistema Telefónico de Guatemala,8000000.0,prestamos_sector_publico
El Salvador,587,1998,Sector Público,Proyecto Ampliación de la Central Hidroeléctrica 5 de Noviembre,108100000.0,prestamos_sector_publico
El Salvador,588,1987,Sector Público,Rehabilitación de la Carretera La Hachadura - intersección Carretera CA-12,10000000.0,prestamos_sector_publico
Guatemala,589,1982,Sector Público,Participación por Parte del Prestatario en el Programa Centroamericano de Agroempresas Rurales Aprobado por el Banco Centroamericano.,5000000.0,prestamos_sector_publico
Honduras,590,1994,Sector Público,Proyecto Ampliación del Sistema de Transmisión Tegucigalpasan Pedro Sulala Ceiba,4870000.0,prestamos_sector_publico
El Salvador,591,2015,Sector Público,Programa Especial de Seguridad Ciudadana en El Salvador (PESCES),100000000.0,prestamos_sector_publico
Guatemala,592,1998,Sector Público,Programa de Infraestructura Productiva para el Desarrollo Sostenible de la Zona Fronteriza Guatemala - México,60000000.0,prestamos_sector_publico
Guatemala,593,1972,Sector Público,Construcción del Tramo Entre Ríosfrontera con Honduras de la Carretera Ca13,4000000.0,prestamos_sector_publico
Honduras,594,1969,Sector Público,Estudios Finales de Ingeniería para la Reconstrucción y Mejoramiento de la Carretera Tegucigalpa - Juticalpa,400000.0,prestamos_sector_publico
Costa Rica,595,2023,Sector Público,Proyecto Ciudad Gobierno (PROCIGO),450000000.0,prestamos_sector_publico
Guatemala,596,1973,Sector Público,Pavimentación Tramo Santa Elena-Cobán.,2500000.0,prestamos_sector_publico
Honduras,597,1972,Sector Público,Construcción de la Carretera Danlí - las Manos,400000.0,prestamos_sector_publico
El Salvador,598,1973,Sector Público,Completar el Financiamiento y Mejorar la Operación de la Arteria Regional de Telecomunicaciones en la Parte que Corresponde a la República de El Salvador,560000.0,prestamos_sector_publico
Guatemala,599,1974,Sector Público,Financiar las Obras del Proyecto de Emergencia de Abastecimiento de Agua para la Ciudad de Guatemala,1800000.0,prestamos_sector_publico
Honduras,600,2008,Sector Público,Proyecto de Ampliación y Mejoramiento de la Carretera CA5 Segmento I,130000000.0,prestamos_sector_publico
Guatemala,601,1978,Sector Público,Participación por Parte del Prestatario en el Programa de Agroempresas Rurales.,500000.0,prestamos_sector_publico
El Salvador,602,2022,Sector Público,LC - Fondo de Conservación Vial (FOVIAL),100000000.0,prestamos_sector_publico
Guatemala,603,1997,Sector Público,Proyecto  Desarrollo Integral de Comunidades Rurales Segunda Etapa,18000000.0,prestamos_sector_publico
Guatemala,604,1976,Sector Público,Segunda Etapa de la Red Regional de Telecomunicaciones en la Parte que Correspone a la República de Guatemala,4600000.0,prestamos_sector_publico
El Salvador,605,1980,Sector Público,LC - Proyecto Combate y Prevención de la Roya del Café,10000000.0,prestamos_sector_publico
Honduras,606,1979,Sector Público,Estudio de Factibilidad de un Mercado Mayorista en Tegucigalpa DC,200000.0,prestamos_sector_publico
Honduras,607,1994,Sector Público,Finalización Construcción de la Carretera San Pedro Sulapuerto Cortés República de Honduras de Conformidad,6880000.0,prestamos_sector_publico
El Salvador,608,2003,Sector Público,Incremento LGC - Banco de Desarrollo de El Salvador (BANDESAL),38500000.0,prestamos_sector_publico
El Salvador,609,2003,Sector Público,Facilidad financiera al Banco Central de Reserva de la República de El Salvador,100000000.0,prestamos_sector_publico
Honduras,610,1968,Sector Público,Estudios del programa de fomento porcino y ganadero.,20000.0,prestamos_sector_publico
Nicaragua,611,1975,Sector Público,Costo de Estudios Finales de Ingeniería y Planos de Construcción de la Sección 3 Incluyendo los Ramales a los Puertos de San Miguelito y San Carlos de la Carretera Acoyapa - San Carlos,350000.0,prestamos_sector_publico
Guatemala,612,1987,Sector Público,LC - Banco de Guatemala,6000000.0,prestamos_sector_publico
Honduras,613,1998,Sector Público,Proyecto de Desarrollo Rural en el Centro-Oriente de Honduras,1500000.0,prestamos_sector_publico
Nicaragua,614,1978,Sector Público,Programa para el Combate de la Roya del Café,7000000.0,prestamos_sector_publico
Honduras,615,1977,Sector Público,Financiamiento de un Programa de Preinversión para Estudios Específicos de Proyectos de Sectores Productivos en Honduras.,1000000.0,prestamos_sector_publico
Guatemala,616,2019,Sector Público,Programa de Reactivación Económica del Sub-Sector Café para la República de Guatemala,285700000.0,prestamos_sector_publico
El Salvador,617,2025,Sector Público,Programa de Infraestructura Vial y Movilidad Urbana - Fase I (PIVMU),135000000.0,prestamos_sector_publico
Honduras,618,1972,Sector Público,Estudio de Factibilidad para el Desarrollo Agrícola con Irrigación de 5000 Hectáreas del Valle de Nacaome y la Investigación y Localización de Aguas Subterraneas en 3000 Hectareas,450300.0,prestamos_sector_publico
Guatemala,619,2005,Sector Público,Programa de Infraestructura Vial para el Departamento del Petén,95000000.0,prestamos_sector_publico
Honduras,620,1976,Sector Público,Financiar Necesidades de Capital de Trabajo de una Planta Productora de Hierro Gris y Acero,11200.0,prestamos_sector_publico
El Salvador,621,1966,Sector Público,LC - Instituto Salvadoreño de Fomento Industrial,1000000.0,prestamos_sector_publico
El Salvador,622,2019,Sector Público,Programa de Modernización de las Instituciones de Seguridad Ciudadana,109000000.0,prestamos_sector_publico
Guatemala,623,1997,Sector Público,Programa  Ampliación del Servicio Telefónico,37400000.0,prestamos_sector_publico
Honduras,624,1969,Sector Público,Proyecto de la Arteria Regional de Telecomunicaciones en la Parte que Corresponde a la República de Honduras,2700000.0,prestamos_sector_publico
Honduras,625,1976,Sector Público,Construcción a Nivel de Subbase de una Carretera de Dos Vías de Circulación y Aproximadamente 198 Kilómetros de Longitud que Conecte Descombros Planes y Sabá,2800000.0,prestamos_sector_publico
Guatemala,626,1978,Sector Público,Obtención de los Materiales y Servicios de Montaje y Supervisión para el Suministro de los Materiales Equipo y los Servicios de Montaje de la Línea de Transmisión Guatemala Sur  Guatemala Norte,14000000.0,prestamos_sector_publico
Nicaragua,627,2014,Sector Público,Proyecto Central Hidroeléctrica La Sirena,101661602.0,prestamos_sector_publico
Honduras,628,1973,Sector Público,Completar el Financiamiento y Mejorar la Operación de la Arteria Regional de Telecomunicaciones en la Parte que Corresponde a la República de Honduras,1700000.0,prestamos_sector_publico
Honduras,629,2009,Sector Público,Proyecto de Ampliación y Mejoramiento de la Infraestructura Portuaria,90000000.0,prestamos_sector_publico
El Salvador,630,2014,Sector Público,Construcción de la Central Hidroeléctrica El Chaparral,125000000.0,prestamos_sector_publico
El Salvador,631,1974,Sector Público,Estudio de Factibilidad Económica  Diseño Final  Presupuesto Especificaciones de Construcción del Tramo de Inteerconexión de la Carretera Interamericana y la Carretera Santa Ana - Metapán - Anguiatú,30000.0,prestamos_sector_publico
Honduras,632,1974,Sector Público,Proyecto Denominado los Laureles para el Abastecimiento de Agua Potable,1000000.0,prestamos_sector_publico
El Salvador,633,1980,Sector Público,Diseño Final de Ingeniería de la Autopista Este - Oeste  Diseño Preliminar de la Autopista Nortesur y Diseño Final de 21 Proyectos Viales en la Ciudad de San Salvador,937000.0,prestamos_sector_publico
Guatemala,634,1987,Sector Público,Participación por Parte del Prestatario en el Programa de Rehabilitación de la Pequeña y Mediana Industria.,1000000.0,prestamos_sector_publico
Guatemala,635,1989,Sector Público,Participación por Parte del Prestatario en el Programa de Rehabilitación de la Pequeña y Mediana Industria.,1000000.0,prestamos_sector_publico
Guatemala,636,1975,Sector Público,Proyecto Hidroeléctrico de Aguacapa,4780000.0,prestamos_sector_publico
Honduras,637,1992,Sector Público,Construcción de la Carretera San Pedro Sula - Puerto Cortés,5000000.0,prestamos_sector_publico
El Salvador,638,2007,Sector Público,Línea de crédito - Fondo de Conservación Vial (FOVIAL),30000000.0,prestamos_sector_publico
Nicaragua,639,1966,Sector Público,Tramo de Carretera Ocotal - Frontera Honduras y Puente Real - Frontera Honduras,2343000.0,prestamos_sector_publico
Nicaragua,640,1980,Sector Público,Mejoramiento de Cambios de Estación Seca con una Longitud Aproximada de 381 Kilómetros,13200000.0,prestamos_sector_publico
Guatemala,641,2009,Sector Público,Proyecto de Remodelación Aeropuerto Internacional La Aurora,27721400.0,prestamos_sector_publico
Honduras,642,1975,Sector Público,Adquisición por Parte del Prestatario de Acciones del Capital Social de la Firma Mejores Alimentos de Honduras S.A. de C.V.,1000000.0,prestamos_sector_publico
Nicaragua,643,1964,Sector Público,Programa de Evaluación de Recursos Naturales y Mejoramiento de los Impuestos Territoriales,4696458.0,prestamos_sector_publico
Guatemala,644,1974,Sector Público,Proveer Financiamiento a Actividades Afines a la Exportación de Productos No Tradicionales y Turismo.,500000.0,prestamos_sector_publico
Honduras,645,1993,Sector Público,Proyecto pavimentación de calles y avenidas  alcantarillado de las mismas y construcción de dos puentes en la ciudad de Puerto Cortés,13000000.0,prestamos_sector_publico
Honduras,646,1965,Sector Público,Estudio de Preinversión para el Desarrollo Integral de la Zona Sur de Honduras,125000.0,prestamos_sector_publico
El Salvador,647,2009,Sector Público,Préstamo - Fideicomiso Inversiones Corporación Salvadoreña para la adquisición de Títulos Valores de Crédito,150000000.0,prestamos_sector_publico
El Salvador,648,1992,Sector Público,Programa Producción en Colegios Vocacionales,2500000.0,prestamos_sector_publico
Honduras,649,1968,Sector Público,Construcción Sin Pavimento de la Carretera Nueva Ocotepeque - Frontera con Guatemala (CA10),1600000.0,prestamos_sector_publico
Honduras,650,2001,Sector Público,Programa Nacional de Desarrollo Local II (PRONADEL II),5000000.0,prestamos_sector_publico
El Salvador,651,2016,Sector Público,Emisión de Garantía de Crédito para respaldar la Emisión de Letras del Tesoro Público (LETES),200000000.0,prestamos_sector_publico
Honduras,652,1968,Sector Público,Adquisición e Instalación de Equipos de Radio Ayudas y Telecomunicaciones que Serán Instalados en Diferentes Lugares de Centroamérica,360000.0,prestamos_sector_publico
Guatemala,653,1998,Sector Público,Proyectos Fortalecimiento de la Infraestructura Eléctrica de la Región Oriental y Fortalecimiento de la Infraestructura Eléctrica de la Franja Transversal del Norte,40000000.0,prestamos_sector_publico
Honduras,654,1974,Sector Público,Mejoramiento de los Tramos de Carreteras de Tegucigalpa - Jícara Galán  Tegucigalpa - Río del Hombre y Potrerillos - Puerto Cortés de la Ruta CA5 Parte de las Carreteras Troncales de Integración de Centroamerica,250000.0,prestamos_sector_publico
El Salvador,655,1972,Sector Público,Financiar los Estudios de Factibilidad Técnica Ingeniería Preliminar y Diseño Final Incluyendo Planos Presupuestos Especificaciones de Construcción y Documentos de Licitación de la Carretera San Salvadorsan Miguel,380000.0,prestamos_sector_publico
Guatemala,656,2009,Sector Público,Incremento al préstamo No. 871-FO autorizado a la SIECA,400000.0,prestamos_sector_publico
Honduras,657,1979,Sector Público,Proyecto de Campaña de Control de la Sigatoka Negra del Plátano,1900000.0,prestamos_sector_publico
El Salvador,658,1980,Sector Público,Construcción del Tramo VII-B Intersección Ciudad Barrios San Antonio Intersección CA7 (Ocicala) de la II Etapa de la Carretera Denominada Longitudinal del Norte,5500000.0,prestamos_sector_publico
Guatemala,659,1980,Sector Público,Financiar los Servicios de Consultoría y Parcialmente la Construcción de las Obras de Interconexión Eléctrica Entre la República de Guatemala y la República de El Salvador ,10400000.0,prestamos_sector_publico
Honduras,660,2021,Sector Público,Programa de Reconstrucción de Vivienda Resiliente,150000000.0,prestamos_sector_publico
Guatemala,661,1981,Sector Público,Ampliación y Mejoramiento del Tramo Escuintla - Taxisco de la Carretera CA-2 Oriente,16100000.0,prestamos_sector_publico
Guatemala,662,1971,Sector Público,Adquisición de Equipo Esencial para Telecomunicaciones Adquisiciones de Equipo de Iluminación Sistema de Alarma Sistema Contra Incendios y Correo Neumático,1150000.0,prestamos_sector_publico
Guatemala,663,1999,Sector Público,Programa de Reconstrucción de la Red Vial de la Franja del Río Polochiv,2500000.0,prestamos_sector_publico
Guatemala,664,1998,Sector Público,Proyecto Desarrollo Rural de Comunidades Chortí,1000000.0,prestamos_sector_publico
El Salvador,665,1990,Sector Público,Proyecto Alumbrado Público del Area Metropolitana de San Salvador,2800000.0,prestamos_sector_publico
Honduras,666,1994,Sector Público,Proyecto Rehabilitación de las Turbinas de Gas de Miraflores en Tegucigalpa y la Puerta en San Pedro Sula,6200000.0,prestamos_sector_publico
Nicaragua,667,1965,Sector Público,Financiar Préstamos a Grupos Familiares para Compra o Construcción de Viviendas Elegibles en Todo el País.,2000000.0,prestamos_sector_publico
El Salvador,668,2008,Sector Público,Línea de crédito - Compra de Letras del Tesoro Público (LETES),100000000.0,prestamos_sector_publico
Guatemala,669,1971,Sector Público,Financiamiento Parcial de la Construcción de la Carretera el Rancho Cobán en sus Distintos Tramos,1400000.0,prestamos_sector_publico
Honduras,670,1977,Sector Público,Construcción y Supervisión de Edificios para la Primera Etapa del Proyecto de la Zona Libre de Exportación de Puerto Cortés,2000000.0,prestamos_sector_publico
Nicaragua,671,1977,Sector Público,Financiar las Obras Civiles Equipos y Supervisión Necesarios para Extender el Área de la Pista de Aterrizaje y de las Rampas y Ampliar las Áreas para el Servicio de Pasajeros del Aeropuerto las Mercedes en Managua,6000000.0,prestamos_sector_publico
Guatemala,672,1997,Sector Público,Proyecto  Señalización y Seguridad Vial,13700000.0,prestamos_sector_publico
Honduras,673,2001,Sector Público,Proyecto Reconstrucción de las Economías Familiares y Empresas del Sector Social de Honduras Fase II (PREFESS-II),500000.0,prestamos_sector_publico
Nicaragua,674,1993,Sector Público,LC - Banco Central de Nicaragua,3000000.0,prestamos_sector_publico
Honduras,675,2005,Sector Público,Proyecto Mercado Perisur,7600000.0,prestamos_sector_publico
Honduras,676,1991,Sector Público,Proyecto de Rehabilitación y Mejoramiento de los Tramos de Carretera  Tegucigalpa - Danlí las Manos  Choluteca - Guasaule y Tela - La Ceiba,500000.0,prestamos_sector_publico
Guatemala,677,1967,Sector Público,Construcción de la Carretera Padre Miguel - Anguiatú (CA12),2433000.0,prestamos_sector_publico
Honduras,678,1981,Sector Público,Financiar Complementariamente los Costos del Complejo Arqueológico y Turístico de Copán,2300000.0,prestamos_sector_publico
Honduras,679,1970,Sector Público,Estudios Finales de Ingeniería de la Carretera Gracias - La Esperanza - Marcala (CA11A) con una Extensión Aproximada de 116 Kilómetros,200000.0,prestamos_sector_publico
Honduras,680,1981,Sector Público,Compra de Hipotecas Y/o Titulos Hipotecarios Conforme a las Politicas del Programa de Vivienda del Banco Vigentes a la Fecha de cada Desembolso.,4000000.0,prestamos_sector_publico
El Salvador,681,1968,Sector Público,Construcción de un Tramo de Carretera de Dos Vías Pavimentadas con Reserva para Expansión Futura que se Localiza Entre Km 35 al Portezuelo en el Occidente de El Salvador,4600000.0,prestamos_sector_publico
Guatemala,682,1971,Sector Público,Instalación de Plantas Terminales para el Almacenamiento de Granos y Estaciones de Compra para el Programa Nacional de Silos y Centros de Compra de Guatemala,4208000.0,prestamos_sector_publico
Honduras,683,1965,Sector Público,Parte Final de los Estudios de Factibilidad Sobre la Planta Siderúrgica,153690.0,prestamos_sector_publico
Honduras,684,1978,Sector Público,Urbanización de los Terrenos y Construcción de las Unidades Habitacionales en el Proyecto Lomas del Pedregal en la Ciudad de Tegucigalpa.,400000.0,prestamos_sector_publico
Honduras,685,2014,Sector Público,Esquema para el Apoyo de Proyectos Productivos del Sector Público y Privado Mediante la Conversión de Deuda Interna de Corto Plazo a Deuda Externa de Largo Plazo,120000000.0,prestamos_sector_publico
Guatemala,686,1991,Sector Público,Atender la Situación Temporal de Iliquidez de la Sieca.,900000.0,prestamos_sector_publico
Nicaragua,687,2021,Sector Público,Proyecto Apoyo para la Implementación del Plan de Despliegue de Vacunación y Atención de la COVID-19,100000000.0,prestamos_sector_publico
Honduras,688,1975,Sector Público,Proyecto de Construcción de un Dique y Obras Conexas para Desviar Aguas del Río Lindo Dentro de la Tercera Etapa del Proyecto Hidroeléctrico Yojoarío Lindo,169000.0,prestamos_sector_publico
Panamá,689,2016,Sector Público,Programa de Saneamiento de los Distritos de Arraiján y La Chorrera,100000000.0,prestamos_sector_publico
Guatemala,690,1965,Sector Público,LC - Crédito Hipotecario Nacional para Financiamiento de vivienda de tipo medio,437000.0,prestamos_sector_publico
El Salvador,691,1979,Sector Público,Construcción de la Carretera Kilómetro 52 (Litoral la Herradura) Playa Costa del Sol,5600000.0,prestamos_sector_publico
Honduras,692,1975,Sector Público,Estudios Finales de los Tramos Tegucigalpa - Jícaro Galán Tegucigalpa - Río del Hombre y Potrerillos - Puerto Cortés de Ruta CA5,300000.0,prestamos_sector_publico
El Salvador,693,2008,Sector Público,Línea de crédito - Compra de Letras del Tesoro Público (LETES),50000000.0,prestamos_sector_publico
Honduras,694,1973,Sector Público,Proyectos de Reconstrucción y Ampliación de los Sistemas de distribución de Energía Eléctrica,2850000.0,prestamos_sector_publico
Guatemala,695,1989,Sector Público,Participación por Parte del Prestatario en el Programa de Rehabilitación de la Pequeña y Mediana Industria.,1000000.0,prestamos_sector_publico
Honduras,696,1981,Sector Público,Complementar el Costo Total Estimado del Proyecto de Carretera la Ceibita - Santa Barbara - desvio a San Nicolas,8700000.0,prestamos_sector_publico
Honduras,697,2001,Sector Público,Proyecto Programa Nacional de Electrificación Social Etapa Esn98 Segunda Fase,2625000.0,prestamos_sector_publico
El Salvador,698,2013,Sector Público,Incremento LGC - Banco Hipotecario de El Salvador,7500000.0,prestamos_sector_publico
Nicaragua,699,1977,Sector Público,Adquisición de una Grúa con sus Accesorios y Repuestos para el Manejo de Contenedores en el Puerto de Corinto con una Capacidad Aproximada de 40 Toneladas Métricas,2500000.0,prestamos_sector_publico
Nicaragua,700,1980,Sector Público,Proyecto de Viviendas y Lotes Urbanizados de Interés Social en el Lugar Denominado Batahola en la Ciudad de Managua,4000000.0,prestamos_sector_publico
Guatemala,701,2022,Sector Público,Programa de Apoyo a Inversiones en el Sector Vial,170000000.0,prestamos_sector_publico
Honduras,702,1991,Sector Público,LC - Banco Central de Honduras,3000000.0,prestamos_sector_publico
Nicaragua,703,1975,Sector Público,Proyecto de Expansión del Puerto de Corinto Consistente en la Constucción de un Muelle de Carga Líquida y Dragado de Canales,7800000.0,prestamos_sector_publico
Guatemala,704,2003,Sector Público,Proyecto Ampliación Mejoramiento y Modernización del Equipamiento de las Redes de Observación Sismológica Meteorológica e Hidrológica,12500000.0,prestamos_sector_publico
Honduras,705,2011,Sector Público,Proyecto Carretera Villa San Antonio-Goascorán  Secciones IA Y IB,49136000.0,prestamos_sector_publico
Honduras,706,1974,Sector Público,Adquisición de Bienes y Servicios para la Reconstrucción de la Vía Férrea Adquisición e Instalación de de un Nuevo Sistema de Telecomunicaciones y Adquisición de Vehiculos todo Dentro del Programa de Reconstrucción del Prestatario,1650000.0,prestamos_sector_publico
Guatemala,707,1969,Sector Público,Proyecto de la Arteria Regional de Telecomunicaciones en la Parte que Corresponde a la República de Guatemala,2700000.0,prestamos_sector_publico
Guatemala,708,1964,Sector Público,Estudio Técnicoeconómico que Sobre el Proyecto de Construcción Y/o Ampliación de Instalaciones de Almacenamiento de Granos,20000.0,prestamos_sector_publico
Honduras,709,1988,Sector Público,Rehabilitación de la Carretera CA-5 Norte  Tramo  Río del Hombre - El Caracol  Sección V Taulabé - La Guama,5000000.0,prestamos_sector_publico
Honduras,710,2015,Sector Público,Proyecto Rehabilitación de los Tramos Carreteros La Entrada-Copán Ruinas-El Florido y La Entrada-Santa Rosa de Copán,6800000.0,prestamos_sector_publico
El Salvador,711,2024,Sector Público,Incremento de LCR para Entidades Públicas Descentralizadas No. 2310 a cargo de FOVIAL,150000000.0,prestamos_sector_publico
Honduras,712,1975,Sector Público,Costo de Servicios de Consultoría Adicionales para Completar la Elaboración de los Estudios de Factibilidad Técnica y Económica Diseño de Planos Finales y Asistenia Técnica de los Proyectos de Tela (Tornasal) Roatán y Copán Ruinas,60000.0,prestamos_sector_publico
Guatemala,713,2016,Sector Público,Programa de Inversión y Modernización para el Sector Justicia,300000000.0,prestamos_sector_publico
Honduras,714,1975,Sector Público,Financiar Servicios de Consultoría para la Actualización del Estudio de Factibilidad Diseño y Preparación de Documentos de Licitación del Proyecto Hidroeléctrico el Cajón,3800000.0,prestamos_sector_publico
El Salvador,715,1994,Sector Público,Restauracion de la Infraestructura Fisica de la Universidad de El Salvador,475000.0,prestamos_sector_publico
Honduras,716,1970,Sector Público,Fondos Destinados Exclusivamente a Cubrir los Costos de Construcción Pavimentación y Supervisión de las Obras Adicionales de la Carreteras Entre la Ciudad de Nueva  Ocotepeque y la Frontera con Gautemala (Ca10),1000000.0,prestamos_sector_publico
Honduras,717,1987,Sector Público,Adquisicón Instalación e Interconexión de una Central de Conmutación Internacional Digital,3613300.0,prestamos_sector_publico
El Salvador,718,1994,Sector Público,LC - Banco Central de Reserva de El Salvador,3000000.0,prestamos_sector_publico
Guatemala,719,1993,Sector Público,Proyecto Ampliación y Mejoramiento de la Ruta CA-9 Sur Tramo Palín - Escuintla,50000000.0,prestamos_sector_publico
Nicaragua,720,1977,Sector Público,Financiamiento de Obras y Equipos Necesarios para Pequeños Proyectos de Riego Localizados en Distintas Zonas del Territorio Nicaraguense.,4150000.0,prestamos_sector_publico
Guatemala,721,1990,Sector Público,Instalación de una Planta Piloto Boca de Pozo con Descarga en la Atmosfera para la Termoelectrificación,5300000.0,prestamos_sector_publico
Honduras,722,1964,Sector Público,Financiar los Estudios de Revaluación de la Materia Primala Plaga del Gorgojo de Mercado para una Planta de Pulpa y Papel en la Zona de Guatemala Departamento de Olancho,594000.0,prestamos_sector_publico
Honduras,723,1978,Sector Público,Completar el Construcción y Supervisión de la Carretera la Ceibajutiapaplanessabá Incluyendo el Puente Sobre el Río Agúan Proyecto Ubicado en los Departamentos de Atlántida y Colón,2400000.0,prestamos_sector_publico
Guatemala,724,1999,Sector Público,Proyecto de Apoyo al Programa de Vivienda,24000000.0,prestamos_sector_publico
El Salvador,725,2014,Sector Público,Proyecto de Construcción  Equipamiento y Modernización de las Oficinas Centrales de la Fiscalía General de la República de El Salvador,44887500.0,prestamos_sector_publico
Honduras,726,2003,Sector Público,Proyecto Rehabilitación y Construcción de la Carretera a Puerto Cortés-Frontera con Guatemala (CA-13) Sección II,22500000.0,prestamos_sector_publico
Nicaragua,727,1972,Sector Público,Preparación de Dibujos Planos Finales y Documentos de Licitación para la Instalación de una Planta Termoeléctrica de Dos Unidades de Generación en la Costa del Pacífico de Nicaragua,637000.0,prestamos_sector_publico
Guatemala,728,1993,Sector Público,LC - Instituto Centroamericano de Investigación y Tecnología Industrial,800000.0,prestamos_sector_publico
Guatemala,729,1990,Sector Público,LC - Banco de Guatemala,3000000.0,prestamos_sector_publico
Honduras,730,1977,Sector Público,Construcción de un Puente Sobre el Río Aguán Incluyendo las Aproximaciones Correspondientes Localizado en la Ruta CA13 Cerca de la Población de Sabá Departamento de Colón de la República de Honduras,1200000.0,prestamos_sector_publico
Nicaragua,731,1980,Sector Público,Financiar Proyectos de Riego Individual con el Objeto de Fomentar la Producción de Granos Básicos Hortalizas Frutales Platanos y Pastos.,5500000.0,prestamos_sector_publico
Guatemala,732,1998,Sector Público,Programa en Apoyo al Sector Productivo,10000000.0,prestamos_sector_publico
Honduras,733,2008,Sector Público,Proyecto de Desarrollo Sostenible Mejorando la Competitividad en la Economía Rural en Yoro,4006000.0,prestamos_sector_publico
Nicaragua,734,1994,Sector Público,Proyecto Ampliación y Digitalización Atlántico Sur y Región V,11600000.0,prestamos_sector_publico
Honduras,735,2007,Sector Público,Proyecto Rehabilitación de la Carretera Tegucigalpa-Danlí,23000000.0,prestamos_sector_publico
Nicaragua,736,1976,Sector Público,Financiamiento Parcial de Aproximadamente 827 Viviendas Medias Regulares y 456 Viviendas Medias Bajas.,8000000.0,prestamos_sector_publico
Guatemala,737,1973,Sector Público,Institución de Seis Plantas Terminales para el Almacenamiento de Granos y 17 Estaciones de Compra o Silos Rurales,6042000.0,prestamos_sector_publico
Honduras,738,1987,Sector Público,Construcción a Nivel de Subbase del Subtramo de Carretera Desvío a San Nicolás - Portillo - Concepción del Sur de la Ruta de Interconexión CA4/CA5,7270000.0,prestamos_sector_publico
Honduras,739,1972,Sector Público,Construcción de Obras Adicionales de la Carretera Nueva Ocotepeque - frontera con Guatemala,122000.0,prestamos_sector_publico
Honduras,740,1981,Sector Público,Financiar Viviendas Elegibles de los Proyectos Colonia Hato de Enmedio en Tegucigalpa y Colonia el Cid en San Pedro Sula.,2500000.0,prestamos_sector_publico
El Salvador,741,1979,Sector Público,Compra de Hipotecas Elegibles Y/o Especiales de Primer Grado Y/o Títulos Hipotecarios Sobre Viviendas Cuyo Precio de Venta No Exceda de Us$175000.,6450000.0,prestamos_sector_publico
Guatemala,742,1994,Sector Público,LC - Secretaría Permanente del Tratado General de Integración Económica (SIECA),750000.0,prestamos_sector_publico
Honduras,743,1986,Sector Público,Estudio de Factibilidad del Proyecto de Rehabilitación del Tramo de la Carretera CA-5 Entre Río del Hombre y El Caracol,175000.0,prestamos_sector_publico
Honduras,744,1997,Sector Público,Subprograma de Mejoramiento Urbano Fase II (PDM),4900000.0,prestamos_sector_publico
Nicaragua,745,1971,Sector Público,Adquisición por el Prestatario de 384 Acciones de la Compañía Hotelera Nicaraguense S.A.,54857.0,prestamos_sector_publico
Guatemala,746,2001,Sector Público,Proyecto de Desarrollo Integral de las Comunidades Rurales (Dicor Iii),25000000.0,prestamos_sector_publico
República Dominicana,747,2010,Sector Público,Proyecto Autopista del Coral,70000000.0,prestamos_sector_publico
Honduras,748,1981,Sector Público,Compra de Hipotecas Y/o Titulos Hipotecarios Conforme a las Politicas del Programa de Vivienda del Banco Vigentes a la Fecha de cada Desembolso.,4000000.0,prestamos_sector_publico
República Dominicana,749,2023,Sector Público,Plan Nacional de Conectividad y Transformación de Infraestructura Vial de la República Dominicana (PLANACOVIAL) Tramo A,421000000.0,prestamos_sector_publico
Guatemala,750,1990,Sector Público,LC - Banco de Guatemala,18000000.0,prestamos_sector_publico
El Salvador,751,1980,Sector Público,Financiar Complementariamente el Proyecto Abastecimiento de Agua Zona Norte I Etapa de la Ciudad de San Salvador,21600000.0,prestamos_sector_publico
Honduras,752,1981,Sector Público,Proyecto de Vivienda y Urbanización de Interés Social Denominado las Brisas Localizado en San Pedro Sula.,1000000.0,prestamos_sector_publico
El Salvador,753,2010,Sector Público,Cadenas Productivas - Comisión Ejecutiva Portuaria Autónoma (CEPA),700000.0,prestamos_sector_publico
Honduras,754,1983,Sector Público,Construcción del Tramo de Carretera Tegucigalpa - Río del Hombre de 24 Kms de Longitud Aproximadamente de la Carretera CA-5,1500000.0,prestamos_sector_publico
Guatemala,755,1999,Sector Público,Proyecto de Modernización del Cultivo de Café Rehabilitación de Plantaciones de Banano y Fomento del Cultivo de Palma Africana,50000000.0,prestamos_sector_publico
Honduras,756,1986,Sector Público,Construcción de la II Etapa del Aeropuerto de Roatán Islas de la Bahía,3000000.0,prestamos_sector_publico
Honduras,757,2016,Sector Público,Programa Regional de Modernización de Equipamiento para COCESNA,25000000.0,prestamos_sector_publico
Guatemala,758,1969,Sector Público,Financiamiento Parcial de la Construcción de la Carretera el Rancho Cobán en sus Distintos Tramos y al Financiamiento Parcial de la Pavimentación del Ramal Santa Elena Salamá,2300000.0,prestamos_sector_publico
Nicaragua,759,1991,Sector Público,Proyecto Sustitución de la Red Regional Digital de Centroamérica Sección Correspondiente a la República de Nicaragua,9400000.0,prestamos_sector_publico
Panamá,760,2019,Sector Público,Incremento LGC - Banco Internacional de Costa Rica  S.A. (BICSA),34000000.0,prestamos_sector_publico
Honduras,761,1966,Sector Público,Financiar los Estudios de Factibilidad Técnicoeconómica del Programa de Desarrollo Ganadero y el Programa de Fomento Porcino,67500.0,prestamos_sector_publico
Honduras,762,1995,Sector Público,Proyecto Desarrollo Integral de la Mujer en Municipios del Sur de Francisco Morazan Norte de Valle y Choluteca II,1500000.0,prestamos_sector_publico
República Dominicana,763,2022,Sector Público,Programa Temporal de Apoyo ante la Crisis de los Combustibles,200000000.0,prestamos_sector_publico
Honduras,764,2004,Sector Público,Proyecto Fomento de Empresas Autogestionarias para Mujeres en la Zona Rural,3610000.0,prestamos_sector_publico
Honduras,765,2015,Sector Público,Proyecto Rehabilitación de los Tramos Carreteros La Entrada-Copán Ruinas-El Florido y La Entrada-Santa Rosa de Copán,50000000.0,prestamos_sector_publico
Honduras,766,1977,Sector Público,Proyecto de Agalteca Consistente en la Instalación de una Planta Siderúrgica para Convertir Mineral de Hierro en Acero,100000.0,prestamos_sector_publico
Guatemala,767,1972,Sector Público,Construcción de los Tramos de la Interconexión de la Ruta CA9 Entre la Avenida Elena y Ciudad Universitaria,5500000.0,prestamos_sector_publico
Guatemala,768,1974,Sector Público,Completar el Construcción de los Tramos de la Interconexión de la Ruta CA9 Entre la Avenida Elena y Ciudad Universitaria con una Longitud Total Aproximada de 11 Kilometros de Vía Expresa,700000.0,prestamos_sector_publico
Honduras,769,1993,Sector Público,Proyecto Mejoramiento y Ampliación del Sistema de Radioayudas a la Navegación Aérea,21900000.0,prestamos_sector_publico
Nicaragua,770,1974,Sector Público,Construcción de Primera Etapa de la Instalación de un Mercado de Mayoreo en la Ciudad de Managua,4527000.0,prestamos_sector_publico
Guatemala,771,1997,Sector Público,Proyecto Construcción y Pavimentación de 21 Km. de la Carretera CA-13 Tramo entre Ríos-Suyapa Frontera con Honduras,17000000.0,prestamos_sector_publico
Honduras,772,1979,Sector Público,Costo de Materiales y Equipos para la Ampliación y Construcción de Subestaciones de Energía Eléctrica del Sistema Interconectado del Prestatario,1480000.0,prestamos_sector_publico
Honduras,773,1965,Sector Público,Estudios Preliminares de Ingeniería y Factibilidad Económica Relacionados con el Aprovechamiento de las Aguas del Río Choluteca para los Fines del Establecimiento de Dos Distritos de Riego,240000.0,prestamos_sector_publico
Honduras,774,1977,Sector Público,Construcción y Supervisión de las Obras para el Inerconector de las Rutas Regionales CA5 y CA6 en la Ciudad de Tegucigalpa,5750000.0,prestamos_sector_publico
El Salvador,775,2000,Sector Público,Programa de Desarrollo Local FISDL/BCIE,30000000.0,prestamos_sector_publico
Honduras,776,1989,Sector Público,LC - Banco Central de Honduras,2000000.0,prestamos_sector_publico
Honduras,777,1992,Sector Público,LC - Banco central de Honduras,3000000.0,prestamos_sector_publico
El Salvador,778,2012,Sector Público,Programa de Desarrollo y Sostenimiento Aéreo y Marítimo Portuario,92161825.0,prestamos_sector_publico
Guatemala,779,2000,Sector Público,Proyecto Dotación de Techo - Piso para el Área Rural de la República de Guatemala,2500000.0,prestamos_sector_publico
Nicaragua,780,1983,Sector Público,Proyecto Carretero Managua - León  León Chinandega - Corinto - Managua - Monte Fresco - las Conchitas y Sebaco - Matagalpa - Jinotega,380000.0,prestamos_sector_publico
Guatemala,781,1998,Sector Público,Proyecto Suministro de Radar Primario y Secundario Monopul,12450000.0,prestamos_sector_publico
Honduras,782,1991,Sector Público,Proyecto Ruta Alterna Regional Honduras - Guatemala y Derivaciones Nacionales,9020000.0,prestamos_sector_publico
Honduras,783,1987,Sector Público,Construcción a Nivel de Pavimento del Subtramo de Carretera Desvío a San Nicolás - Pito Solo de la Ruta de Interconexión CA4/CA5,10130000.0,prestamos_sector_publico
Honduras,784,1963,Sector Público,Completar los Estudios Definitivos de la Carretera CA13 (Danli - las Manos),60000.0,prestamos_sector_publico
Guatemala,785,1976,Sector Público,Proyecto de Reconstrucción de Drenajes y Rehabilitación de Vías Urbanas en la Ciudad de Guatemala,2720000.0,prestamos_sector_publico
Honduras,786,2012,Sector Público,Proyecto Modernización y Equipamiento para Observación Medioambiental y de Protección Civil (Fase II),26100000.0,prestamos_sector_publico
Nicaragua,787,1972,Sector Público,Instalación de una Planta Termoeléctrica de Dos Unidades con una Capacidad de Generación de Aproximadamente 100 Mw Lineas de Transmision Incluyendo las Necesarias para la Interconexión Eléctrica con el Sistema de Honduras,6100000.0,prestamos_sector_publico
Honduras,788,1965,Sector Público,Adquisición de Equipo Electrónico Gastos de Instalación del Equipo Capital de Trabajo e Imprevistos,50000.0,prestamos_sector_publico
Guatemala,789,1998,Sector Público,Programa de Desarrollo Integral en Areas con Potencial de Riego y Drenaje,40000000.0,prestamos_sector_publico
Honduras,790,1991,Sector Público,LC - Banco Central de Honduras,1000000.0,prestamos_sector_publico
Nicaragua,791,1991,Sector Público,Proyecto Rehabilitación del Sistema de Transmisión Eléctrica de la República de Nicaragua,9800000.0,prestamos_sector_publico
Guatemala,792,1999,Sector Público,Proyecto Modernización del Instituto Geográfico Nacional Ing Alfredo Obiols Gómez,5930200.0,prestamos_sector_publico
Honduras,793,2024,Sector Público,Proyecto de Construcción de la Presa Multipropósito El Tablón  Etapa I,300000000.0,prestamos_sector_publico
Nicaragua,794,2008,Sector Público,Préstamo - Proyecto de Apoyo para la Inserción de los Pequeños Productores en las Cadenas de Valor y Acceso a Mercados (PROCAVAL),2000000.0,prestamos_sector_publico
Nicaragua,795,1967,Sector Público,Financiamiento Parcial de la Pavimentación de la Carretera San Benito - Rama,2200000.0,prestamos_sector_publico
Nicaragua,796,1992,Sector Público,Adquisición de Bienes y Servicios Relacionados con la Ejecución del Proyecto Rehabilitación de la Zona Franca Industrial las Mercedes,7100000.0,prestamos_sector_publico
Guatemala,797,1975,Sector Público,LC - Secretaría Permanente del Tratado General de Integración Económica Centroamericana,500000.0,prestamos_sector_publico
Honduras,798,1989,Sector Público,Participación por Parte del Prestatario en el Programa de Rehabilitación de la Pequeña y Mediana Industria.,1000000.0,prestamos_sector_publico
Honduras,799,1978,Sector Público,Financiar Reconstrucción del Tramo de la Ruta CA5 Entre Tegucigalpa y Jícaro Galán,9500000.0,prestamos_sector_publico
Honduras,800,1995,Sector Público,Proyecto II Etapa del Programa del Fondo Hondureño de Inversión Social,5000000.0,prestamos_sector_publico
El Salvador,801,1988,Sector Público,Financiar Complementariamente la Construcción de la Carretera Km 52 (Litoral - La Herradura - Playa Costa del Sol),3500000.0,prestamos_sector_publico
Guatemala,802,1995,Sector Público,Programa de Saneamiento Básico Rural I,1000000.0,prestamos_sector_publico
Honduras,803,1988,Sector Público,Rehabilitación de la Carretera CA-5 Norte  Tramo  Río del Hombre - El Caracol  Sección  VI la Guama - El Caracol,5200000.0,prestamos_sector_publico
Honduras,804,2011,Sector Público,Programa de Desarrollo Rural Sostenible para la Región Sur,10000000.0,prestamos_sector_publico
Nicaragua,805,1971,Sector Público,Adquisición por el Prestatario de 6120 Acciones de Textiles Fabricato de Nicaragua S.A.,87429.0,prestamos_sector_publico
Guatemala,806,2018,Sector Público,Programa de Inversión en Infraestructura y Equipamiento Hospitalario,193200000.0,prestamos_sector_publico
Honduras,807,1982,Sector Público,Proyecto de Desarrollo Rural Integrado de Santa Bárbara (Prodesba),5600000.0,prestamos_sector_publico
Guatemala,808,2011,Sector Público,Rehabilitación de la Ruta Existente y Ampliación a Cuatro Carriles de la Ruta CA2 Occidente,119400000.0,prestamos_sector_publico
El Salvador,809,1987,Sector Público,LC - Banco Central de Reserva de El Salvador,5000000.0,prestamos_sector_publico
Honduras,810,2023,Sector Público,Programa de Carreteras Resilientes de Honduras (PCR),606988111.14,prestamos_sector_publico
El Salvador,811,2017,Sector Público,Programa Integral de Asentamientos Humanos  Productivos y Sostenibles a Nivel Nacional (PIAHPS).,70000000.0,prestamos_sector_publico
Honduras,812,1987,Sector Público,LC - Banco Central de Honduras,2500000.0,prestamos_sector_publico
Guatemala,813,2012,Sector Público,Rehabilitación de la Ruta Existente y Ampliación a Cuatro Carriles de la Ruta CA-2 Oriente,280000000.0,prestamos_sector_publico
Honduras,814,1993,Sector Público,Ejecución del Proyecto Almacén Frigorífico Polivalente y Politermo en Puerto Cortés,11750000.0,prestamos_sector_publico
Honduras,815,2020,Sector Público,Programa para la Reactivación Económica a través de la MIPYME en la Crisis y Post Crisis COVID-19 en Honduras,225000000.0,prestamos_sector_publico
Guatemala,816,1984,Sector Público,Proyecto de Emergencia de Abastecimiento de Agua para la Ciudad de Guatemala,1200000.0,prestamos_sector_publico
Nicaragua,817,2011,Sector Público,Programa de Vivienda y Mejoramiento Integral del Hábitat en Nicaragua (PROHABITAT),9000000.0,prestamos_sector_publico
Honduras,818,1972,Sector Público,Construcción de la Carretera Tela - La Ceiba,703000.0,prestamos_sector_publico
Honduras,819,2000,Sector Público,Proyecto Fondo Nacional de Desarrollo Rural Sostenible (FONADERS),1500000.0,prestamos_sector_publico
Honduras,820,2024,Sector Público,Programa de Recuperación Sostenible del Lago de Yojoa,80000000.0,prestamos_sector_publico
Nicaragua,821,2009,Sector Público,Rehabilitación y Modernización de las Plantas Hidroeléctricas Centroamérica y Santa Bárbara,25400000.0,prestamos_sector_publico
Honduras,822,1988,Sector Público,Proyecto Educación y Trabajo Consistente en la Construcción Equipamiento y Operación de Sesenta Talleres de Aprendizaje en Escuelas Localizadas en Barrios Marginales de Tegucigalpa,2600000.0,prestamos_sector_publico
Guatemala,823,1991,Sector Público,Proyecto Sustitución de la Red Regional Digital de Centroamérica Sección Correspondiente a la República de Guatemala,4300000.0,prestamos_sector_publico
Guatemala,824,1977,Sector Público,LC - Instituto Centroamericano de Investigación y Tecnología Industrial,280000.0,prestamos_sector_publico
Honduras,825,2010,Sector Público,Programa Multisectorial de Emergencia  Fortalecimiento Fiscal y Equidad Social ,280000000.0,prestamos_sector_publico
Nicaragua,826,1976,Sector Público,Proyecto Parque Industrial de Jinotepe,2800000.0,prestamos_sector_publico
Honduras,827,1968,Sector Público,Financiamiento Total de la Construcción de la Carretera Choluteca - Frontera con Nicaragua (CA3),2200000.0,prestamos_sector_publico
Honduras,828,1992,Sector Público,LC - Banco central de Honduras,1000000.0,prestamos_sector_publico
Honduras,829,1978,Sector Público,Preparación del Diseño Final y Documentos de Licitación  del Proyecto Hidroeléctrico el Níspero en el Departamento de Santa Bárbara,600000.0,prestamos_sector_publico
Honduras,830,1979,Sector Público,Financiar Complementariamente los Costos del Complejo Arqueológico y Turístico de Copán en el Departamento de Copán,1750000.0,prestamos_sector_publico
El Salvador,831,2018,Sector Público,Incremento LC - Banco Central de Reserva de El Salvador (BCR),100000000.0,prestamos_sector_publico
Honduras,832,2019,Sector Público,Proyecto de Modernización del Documento de Identificación en Honduras (Identifícate),63586952.0,prestamos_sector_publico
Guatemala,833,1975,Sector Público,Completar el Costo de Aquisición de una Central Telefónica Interurbana Incluyendo Gastos de Asistencia Técnica y de Entrenamiento,1940000.0,prestamos_sector_publico
Honduras,834,1968,Sector Público,Construcción de la Carretera Puerto Cortés - Frontera de Guatemala Ruta CA13,4000000.0,prestamos_sector_publico
Nicaragua,835,2017,Sector Público,Proyecto Rehabilitación de la Pista Juan Pablo II y Construcción de Pasos a Desnivel,105470000.0,prestamos_sector_publico
Guatemala,836,2001,Sector Público,Programa de Infraestructura Básica en Educación,9000000.0,prestamos_sector_publico
Honduras,837,1994,Sector Público,Proyecto Ampliación del Sistema de Radionavegación Aérea,1200000.0,prestamos_sector_publico
Honduras,838,1990,Sector Público,LC - Banco Central de Honduras,16400000.0,prestamos_sector_publico
Honduras,839,1970,Sector Público,Construcción del Tramo Tegucigalpa - Danlí de la Carretera CA6,6600000.0,prestamos_sector_publico
Honduras,840,1965,Sector Público,Ampliar Fondos para Costear los Estudios de Factibilidad del Programa de Almacenamiento y Conservación de Granos Básicos,2500.0,prestamos_sector_publico
Nicaragua,841,1991,Sector Público,Proyecto  Ruta Alterna Digital de Telecomunicaciones NicaraguaEl Salvador y la Digitalización de la Estación Terrena,17000000.0,prestamos_sector_publico
Nicaragua,842,1977,Sector Público,Financiamiento de Mano de Obra e Insumos Necesarios para el Cultivo del Marañón en Aproximadamente 3875 Hectáreas Localizadas a lo Largo de la Costa del Pacífico de Nicaragua,1360000.0,prestamos_sector_publico
Honduras,843,1966,Sector Público,Estudios de Modernización Rectificación y Caminos Acceso Carretera,365000.0,prestamos_sector_publico
Honduras,844,1965,Sector Público,Estudio Mejoramiento Servicios de Navegación Aerea,100000.0,prestamos_sector_publico
Honduras,845,2011,Sector Público,Esquema para el Apoyo de Proyectos Productivos del Sector Público y Privado mediante la Conversión de Deuda Interna de Corto Plazo a Deuda Externa	de Largo Plazo,300000000.0,prestamos_sector_publico
Nicaragua,846,2020,Sector Público,Proyecto Bio-CLIMA,84043535.0,prestamos_sector_publico
Honduras,847,1963,Sector Público,Financiar el costo del estudio de factibilidad del proyecto de interconexión eléctrica y desarrollo combinado de los sistemas eléctricos centrales de Honduras y El Salvador.,77000.0,prestamos_sector_publico
Nicaragua,848,1974,Sector Público,LC - Instituto de Fomento Nacional,2625000.0,prestamos_sector_publico
Nicaragua,849,1969,Sector Público,Adquisición de Materiales y Equipo para Señalamiento Vial Control y Conteo de Vehículos Control de Pesos y Regulación de Tránsito en la Red de Carreteras Nacionales y Regionales de Nicaragua,134800.0,prestamos_sector_publico
Nicaragua,850,1994,Sector Público,LC - Banco Central de Nicaragua,3700000.0,prestamos_sector_publico
Guatemala,851,1977,Sector Público,Completar el Financiamiento de los Caminos de Acceso y los Compamentos para la Planta Hidroeléctrica de Pueblo Viejo (Chixoy Medio),7500000.0,prestamos_sector_publico
Nicaragua,852,1974,Sector Público,Plan Maestro para el Desarrollo del Polo Turístico de San Juan del Sur y de los Puntos de Circuito de Managua Granada Masachapa e Isla de Maíz,500000.0,prestamos_sector_publico
Honduras,853,1990,Sector Público,Adquisición de Equipos Cables Materiales Telefónicos y los Servicios Correspondientes a la Central de Conmutación Digital para la Zona de Miraflores Ciudad de Tegucigalpa,2400000.0,prestamos_sector_publico
Nicaragua,854,1971,Sector Público,Financiar Actividades Relacionadas con la Expoertación de Productos No Tradicionales y Turismo.,500000.0,prestamos_sector_publico
El Salvador,855,1990,Sector Público,Proyecto Desarrollo Agrícola para Pequeños Productores de la Región Paracentral de El Salvador,3270000.0,prestamos_sector_publico
Honduras,856,1979,Sector Público,Financiar Complementariamente la Construcción de Ocho Edificios Industriales de la Primera Etapa de la Zona Libre de Exportación,2900000.0,prestamos_sector_publico
Nicaragua,857,1977,Sector Público,Costo de los Estudios de Exploración Factibilidad y Transmisión de Tecnología para el Aprovechamiento del Langostino a Realizarse en el Litoral Pacifico de la Republica de Nicaragua,200000.0,prestamos_sector_publico
Honduras,858,2013,Sector Público,Programa de Transporte Público para el Distrito Central (Trans450),10000000.0,prestamos_sector_publico
Nicaragua,859,1971,Sector Público,Adquisición por el Prestatario de 6300 Acciones de Productos Lácteos de Centroamérica S.A.,90000.0,prestamos_sector_publico
Honduras,860,1970,Sector Público,Financiación de los Estudios Finales de Ingeniería de la Carretera Marcala - Tutule - La Paz,64500.0,prestamos_sector_publico
Honduras,861,1982,Sector Público,Proyecto de Desarrollo Rural Integrado del Departamento de Santa Bárbara (Prodesba),5400000.0,prestamos_sector_publico
Honduras,862,1969,Sector Público,Fondos Destinados Exclusivamente a Completar la Financiación de la Carretera Tela - La Ceiba,2000000.0,prestamos_sector_publico
El Salvador,863,1988,Sector Público,Proyecto de Interconexión de las Carreteras Regionales CA-1 y CA-12 en la Ciudad de Santa Ana,3840000.0,prestamos_sector_publico
Nicaragua,864,1964,Sector Público,Construcción de 44 Km de la Carretera CA3 (Puente Real - Frontera Honduras) 25 de la Carretera CA6 (Ocotal - Las Manos) Frontera de Honduras,4780000.0,prestamos_sector_publico
Guatemala,865,1978,Sector Público,Proyectos de Vivienda a Cooperativas o Grupos Cooperativos Debidamente Constituidos y Reconocidos y Prestamos Individuales para Construcción de Viviendas.,30000000.0,prestamos_sector_publico
Honduras,866,1987,Sector Público,Participación por Parte del Prestatario en el Programa de Rehabilitación de la Pequeña y Mediana Industria.,1000000.0,prestamos_sector_publico
Honduras,867,1974,Sector Público,Proyecto Hidroelectrico Yojoa - Río Lindo,1400000.0,prestamos_sector_publico
Honduras,868,1993,Sector Público,Proyecto Plan de Desarrollo Rural de la Región de Occidente (Plandero),1412000.0,prestamos_sector_publico
Honduras,869,2020,Sector Público,Programa para la Reactivación Económica a través de la MIPYME en la Crisis y Post Crisis COVID-19 en Honduras (Reorientación - Programa de Crédito para la Agroindustria y Cajas Rurales),75000000.0,prestamos_sector_publico
Honduras,870,1965,Sector Público,Estudios Preliminares de Ingeniería y Factibilidad Económica de las Siguientes Carreteras  CA6  CA7  CA10  CA11  CA11a  CA13.,609400.0,prestamos_sector_publico
Panamá,871,2018,Sector Público,Línea de Crédito Revolvente a Empresa de Transmisión Eléctrica  Sociedad Anónima (ETESA),50000000.0,prestamos_sector_publico
Honduras,872,1974,Sector Público,Cancelar al Banco el Monto del Prestamo Otorgado a Productos Lacteos de Honduras S.A. de C.V. (Plahsa) Segun Escritura Pública del 1 de Febrero de 1971.,630000.0,prestamos_sector_publico
Honduras,873,2001,Sector Público,Proyecto de Rehabilitación y Construcción de la Carretera Puerto Cortés,22800000.0,prestamos_sector_publico
Nicaragua,874,1978,Sector Público,LC - Banco Central de Nicaragua,3000000.0,prestamos_sector_publico
Nicaragua,875,2016,Sector Público,Proyecto de Desarrollo Sostenible de los Medios de Vida de las Familias Rurales en el Corredor Seco de Nicaragua (NICAVIDA),15000000.0,prestamos_sector_publico
Honduras,876,1994,Sector Público,Proyecto Adquisición de Transformadores,5915000.0,prestamos_sector_publico
Guatemala,877,2015,Sector Público,Programa de Apoyo a Proyectos de Inversión,250000000.00000003,prestamos_sector_publico
Guatemala,878,2003,Sector Público,Programa de Electrificación Rural (PER),40100000.0,prestamos_sector_publico
Honduras,879,2017,Sector Público,Proyecto Plan de Inversiones Estratégicas para la Reducción de Pérdidas de la Empresa Nacional de Energía Eléctrica (ENEE) ,150000000.0,prestamos_sector_publico
Nicaragua,880,1978,Sector Público,Proyecto Parque Internacional de Ferias,2000000.0,prestamos_sector_publico
Honduras,881,1974,Sector Público,Proyecto Hidroeléctrico Yojoa - Río Lindo,400000.0,prestamos_sector_publico
Nicaragua,882,2012,Sector Público,Programa de Mejoramiento y Ampliación de Agua Potable y Saneamiento en el Pacífico y Centro de Nicaragua,56567400.0,prestamos_sector_publico
Honduras,883,1998,Sector Público,LC - Fondo Nacional para la Producción y la Vivienda ,44000000.0,prestamos_sector_publico
Honduras,884,1982,Sector Público,Construcción a Nivel de Subbase del Tramo de Carretera Siguatepeque - Valle - Jesús de Otoro de Aproximadamente 368 Kms de la Ruta CA-11A,13500000.0,prestamos_sector_publico
Guatemala,885,1987,Sector Público,Rehabilitación de la Carretera CA-1 Oriente Tramo Barberena - Cuilapa - El Molino,5670000.0,prestamos_sector_publico
Honduras,886,2021,Sector Público,OPD en Apoyo a la Implementación de la Ley General de la Industria Eléctrica (LGIE),250000000.0,prestamos_sector_publico
Guatemala,887,2001,Sector Público,Programa de Inversión en Infraestructura Maquinaria y Equipo para la Universidad de San Carlos de Guatemala Ii Etapa,33651252.0,prestamos_sector_publico
Honduras,888,1986,Sector Público,Estudios de Factibilidad de los Proyectos Remolino y Sico II y el Estudio Plan de Optimización del Sistema de Generación Eléctrica de la Enee,3600000.0,prestamos_sector_publico
Honduras,889,1966,Sector Público,Financiar Estudio Aprovechamiento Aguas Rio Choluteca,145000.0,prestamos_sector_publico
Honduras,890,2021,Sector Público,Programa Bono de Alivio a Familias Vulnerables Afectadas por Fenómenos Naturales Producto del Cambio Climático,70000000.0,prestamos_sector_publico
Honduras,891,2008,Sector Público,Ampliación Proyecto Carretera Villa San Antonio  Goascorán  subvención no reembolsable (ZONAF),10000000.0,prestamos_sector_publico
Honduras,892,1971,Sector Público,LC - Banadesa,500000.0,prestamos_sector_publico
Honduras,893,2002,Sector Público,Proyecto Desarrollo Rural Sostenible de Zonas de Fragilidad Ecológica de la Región del Trifinio (Prodert),12800000.0,prestamos_sector_publico
Nicaragua,894,1992,Sector Público,Rehabilitacion De La Pesca Artesanal Del Pacifico Y Reactivacion De Los Centros De Acopio.,3700000.0,prestamos_sector_publico
Nicaragua,895,1981,Sector Público,Proyecto de Desarrollo Rural Integrado de la Región Norte del País (Pronorte) Principalmente en la Construcción de Maquinaria y Equipo Materiales y Servicios,11000000.0,prestamos_sector_publico
Honduras,896,1973,Sector Público,Construcción Incluyendo la Pavimentación del Tramo Tegucigalpa - Danlí de la Carretera CA6,8140000.0,prestamos_sector_publico
Honduras,897,1971,Sector Público,Financiamiento Parcial de la Construcción de la Carretera CA3 Choluteca Frontera con Nicaragua Incluyendo el Camino de Acceso al Poblado de el Triunfo y la Parte Correspondiente a Honduras del Costo de la Construcción del Puente Sobre el Río Guasaule,500000.0,prestamos_sector_publico
Honduras,898,2023,Sector Público,Programa de Crédito para la Agroindustria y Cajas Rurales,25000000.0,prestamos_sector_publico
Nicaragua,899,2021,Sector Público,Proyecto Bio-CLIMA,24316473.0,prestamos_sector_publico
Honduras,900,1986,Sector Público,Construcción de Obras Complementarias al Proyecto de Carretera Siguatepeque - Valle - Jesús de Otoro (Sección I del Proyecto Siguatepeque - La Esperanza en la Ruta CA-11A),500000.0,prestamos_sector_publico
Nicaragua,901,1980,Sector Público,Financiar Estudios de Preinversión Agrícola e Industrial para la Instalación de una Planta para la Producción de Alcohol Etílico anhidro a ser Usados Como Carburante Mezclado con Gasolina,230000.0,prestamos_sector_publico
Nicaragua,902,1973,Sector Público,Estudios Finales De Ingenieria Y Planos Construccion Carreteras Acoyapa - San Carlos Y Sus Ramales Y Rio Blanco - Siuna,550000.0,prestamos_sector_publico
Nicaragua,903,2009,Sector Público,Proyecto de Sustitución del Hospital Militar Escuela Alejandro Dávila Bolaños,66587137.879999995,prestamos_sector_publico
Guatemala,904,1983,Sector Público,Proyecto Correspondiente a la III Etapa de la Red Regional de Telecomunicaciones,6900000.0,prestamos_sector_publico
Nicaragua,905,1978,Sector Público,Segunda Etapa de la Zona Franca Industrial las Mercedes en sus Obras de Infraestructura y Construcción de Edificios Industriales Localizadas en Terrenos Adyacentes al Aeropuerto Internacional las Mercedes,3600000.0,prestamos_sector_publico
Honduras,906,2007,Sector Público,Programa de Inversión en Infraestructura y Fortalecimiento Tecnológico de la Universidad Nacional Autónoma de Honduras,52500000.0,prestamos_sector_publico
Nicaragua,907,1980,Sector Público,Financiar un Programa de Construcción de 1700 Viviendas que Cumplan con los Requisitos Establecidos en las Normas del Programa Vivienda del Banco en las Ciudades de León Chinandega Masaya y Rivas.,8000000.0,prestamos_sector_publico
El Salvador,908,2013,Sector Público,Proyecto Construcción y Equipamiento de Edificio para Oficinas de Diputados y Grupos Parlamentarios de la Asamblea Legislativa,32000000.0,prestamos_sector_publico
Honduras,909,2003,Sector Público,Programa de Electrificación Social Etapa ES-RP-2002,12716000.0,prestamos_sector_publico
Nicaragua,910,1993,Sector Público,LC - Banco Central de Nicaragua,1000000.0,prestamos_sector_publico
Nicaragua,911,1970,Sector Público,Financiamiento de Viviendas Conforme al Programa de Vivienda Media del Banco Centroamericano.,200000.0,prestamos_sector_publico
Nicaragua,912,1971,Sector Público,Reconstrucción de la Carretera San Benito - Sébaco,4800000.0,prestamos_sector_publico
Honduras,913,1977,Sector Público,Proyecto de Emergencia para la Rehabilitación y Mejoramiento del Sistema de Conducción Principal del Distrito de Riego de San Juan de Flores en el Departamento de Francisco Morazan,640000.0,prestamos_sector_publico
Honduras,914,1991,Sector Público,Proyecto Red Regional Digital de Telecomunicaciones Centroamericanas,5580000.0,prestamos_sector_publico
Honduras,915,1975,Sector Público,Construcción de la Carretera Siguatepeque - La Esperanza - Marcala  Proyecto de Interconexión de las Rutas CA-5 y CA-11 y Sección de la CA-11,425000.0,prestamos_sector_publico
El Salvador,916,1989,Sector Público,Estudio de Perforaciones Exploratorias del Campo Geotérmico Coatepeque,5000000.0,prestamos_sector_publico
Nicaragua,917,1971,Sector Público,Finanicar Actividades Relacionadas con la Exportación de Productos No Tradicionales y Turismo.,500000.0,prestamos_sector_publico
Guatemala,918,1980,Sector Público,Financiar Complementariamente el Equipamiento y la Construcción de las Oficinas Administrativas y Residencia para Universitarios Verapaz del Instituto Femenino de Estudios Superiores (Ifes),500000.0,prestamos_sector_publico
Honduras,919,1991,Sector Público,Participación por Parte del Prestatario en el Programa Centroamericano de Agroempresas Rurales del Banco.,1000000.0,prestamos_sector_publico
Honduras,920,1988,Sector Público,Participación por Parte del Prestatario en el Programa de Rehabilitación de la Pequeña y Mediana Industria.,1000000.0,prestamos_sector_publico
Honduras,921,2008,Sector Público,Proyecto Renovación de Infraestructura (Equipos y Sistemas) para el Nuevo Formato de Plan de Vuelo,16000000.0,prestamos_sector_publico
Honduras,922,2020,Sector Público,Apoyar la implementación de la Ley General de la Industria Eléctrica (LGIE),250000000.0,prestamos_sector_publico
Honduras,923,1976,Sector Público,Construcción de una Carretera de Dos Vías de Circulacióny Aproximadamente 240 Kilómetros de Longitud que Conecte las Localidaded de Jutiapadescombros,3200000.0,prestamos_sector_publico
Panamá,924,2025,Sector Público,OPD para conservación y restauración de la cobertura boscosa,75000000.0,prestamos_sector_publico
Honduras,925,1976,Sector Público,Adquirir las Obligaciones y Cancelar al Banco el Saldo del Principal Intereses y Otros Gastos del Prestamo y Sus Dos Ampliaciones Otorgados a Mejores Alimentos de Honduras S.A. de C.V. y del Prestamo y Ampliación Otorgado a Agricola de Honduras.,1930000.0,prestamos_sector_publico
Honduras,926,2003,Sector Público,Proyecto Suministro de Aguas Subterráneas para Tegucigalpa,13600000.0,prestamos_sector_publico
Nicaragua,927,1983,Sector Público,Proyecto Correspondiente a la III Etapa de la Red Regional de Telecomunicaciones,5400000.0,prestamos_sector_publico
Nicaragua,928,2019,Sector Público,Proyecto de Mejoramiento y Ampliación de los Sistemas de Agua Potable y Saneamiento en 7 Ciudades,251470000.0,prestamos_sector_publico
Honduras,929,2008,Sector Público, Préstamo - Proyecto de Reconstrucción y Mejoramiento de Carreteras II (PRMC II),22000000.0,prestamos_sector_publico
Honduras,930,1981,Sector Público,Ejecución de los Proyectos de Vivienda y Urbanización de Interes Social (Unidades Húmedas) Denominado Colonia Hato de Enmedio en Tegucigalpa y Colonia el Cid en San Pedro Sula.,6100000.0,prestamos_sector_publico
Honduras,931,1967,Sector Público,Estudio de Factibilidad para la Reconstrucción o Nueva Construcción de un Aeropuerto Internacional,150000.0,prestamos_sector_publico
Nicaragua,932,1983,Sector Público,Construcción y Equipamiento de un Centro Nacional de Despacho de Carga,7500000.0,prestamos_sector_publico
Nicaragua,933,1993,Sector Público,Programa Producción en Colegios Vocacionales,2500000.0,prestamos_sector_publico
Honduras,934,1980,Sector Público,Construcción del Tramo de Carretera Tegucigalpa - Río del Hombre de 24 Kilómetros de Longitud Aproximadamente de la Ruta CA5,10600000.0,prestamos_sector_publico
Nicaragua,935,2015,Sector Público,Programa de Emergencia Prevención y Contención del COVID-19 en Nicaragua (Modif. al Préstamo No. 2154),11727217.21,prestamos_sector_publico
Honduras,936,2005,Sector Público,Programa Sectorial de Agua y Saneamiento,46500000.0,prestamos_sector_publico
Honduras,937,1992,Sector Público,LC - Banco central de Honduras,7000000.0,prestamos_sector_publico
Honduras,938,1989,Sector Público,Proyecto Nacional de Electrificación Rural,25000000.0,prestamos_sector_publico
Honduras,939,2022,Sector Público,Programa Temporal de Apoyo ante la Crisis de los Combustibles en Honduras,220000000.0,prestamos_sector_publico
Honduras,940,1972,Sector Público,Programa de Desarrollo y Mantenimiento de las Operaciones del Ferrocarril Nacional de Honduras,210000.0,prestamos_sector_publico
Honduras,941,2005,Sector Público,Plan Nacional de Seguridad Vial,22500000.0,prestamos_sector_publico
Honduras,942,1971,Sector Público,Adquisición de Materiales y Equipo para Señalamiento Vial Control y Conteo de Vehículos Control de Pesos y Regulación del Tránsito en la Red de Carreteras Nacionales y Regionales de Honduras,475000.0,prestamos_sector_publico
Nicaragua,943,1969,Sector Público,Financiamiento Parcial del Proyecto de Ampliación y Mejoramiento Parcial de la Red Hidrometerotológica de Nicaragua,275737.0,prestamos_sector_publico
Honduras,944,2008,Sector Público,Proyecto Ampliación Proyecto Carretera Villa San Antonio  Goascorán,20000000.0,prestamos_sector_publico
Honduras,945,1974,Sector Público,LC - Banco Nacional de Fomento,450000.0,prestamos_sector_publico
Honduras,946,2005,Sector Público,Programa de Desarrollo Agroempresarial para Pequeños y Medianos Productores de Palma Africana,7000000.0,prestamos_sector_publico
Nicaragua,947,2020,Sector Público,Programa Multisectorial para la Reactivación Económica y la Protección Social (NIC-Solidaria),300000000.0,prestamos_sector_publico
Nicaragua,948,2011,Sector Público,Programa NICARIBE,4000000.0,prestamos_sector_publico
Honduras,949,1979,Sector Público,Participación por Parte del Prestatario en el Programa de Agroempresas Rurales.,500000.0,prestamos_sector_publico
Honduras,950,1974,Sector Público,Financiar Necesidades de Capital de Trabajo Dentro del Proyecto de Rehabilitación de las Operaciones del Ferrocarril Nacional de Honduras,500000.0,prestamos_sector_publico
Nicaragua,951,1980,Sector Público,Proyecto de Control de Erosión de Occidente y Reforestación de la Cordillera de los Maribios,5000000.0,prestamos_sector_publico
Honduras,952,1987,Sector Público,Construcción a Nivel de Pavimento del Subtramo de Carretera Desvío a San Nicolás San Nicolás,1155000.0,prestamos_sector_publico
Nicaragua,953,2014,Sector Público,Proyecto Reemplazo del Hospital Regional Nuevo Amanecer de la Región Autónoma del Atlántico Norte (RAAN),52971592.0,prestamos_sector_publico
Nicaragua,954,1976,Sector Público,Terminar Costrucción Proyecto Tipitapa-Masaya-Catarina Y El Ramal Masatepe-Guanacaste.,2000000.0,prestamos_sector_publico
República Dominicana,955,2021,Sector Público,OPD para apoyar acciones de política y resultados - Reactivación Económica - Protección al capital humano durante la crisis del COVID-19 y apoyo a la reactivación económica sostenible e inclusiva,50000000.0,prestamos_sector_publico
Guatemala,956,1999,Sector Público,Proyecto de Suministro e Instalación de Ocho (8) Puentes de Abordaje Móviles para el Aeropuerto la Aurora,4844000.0,prestamos_sector_publico
Nicaragua,957,1981,Sector Público,Diseño Final de la Primera Fase del Proyecto Mejoramiento y Ampliación del Sistema de Almacenamiento (Masa),190000.0,prestamos_sector_publico
Honduras,958,2012,Sector Público,Proyecto Ampliación y Mejoramiento de la Carretera CA5 Segmento I y II (Sección 2A),18200000.0,prestamos_sector_publico
Nicaragua,959,1992,Sector Público,LC - Banco Central de Nicaragua,2000000.0,prestamos_sector_publico
El Salvador,960,2021,Sector Público,Programa de Reducción de Brecha Digital en Centros Escolares,214700000.0,prestamos_sector_publico
Honduras,961,2003,Sector Público,Proyecto Semilleros de Futuro,4000000.0,prestamos_sector_publico
Nicaragua,962,2007,Sector Público,Proyecto de Reposición de Flota de 350 Autobuses Urbanos del Transporte Público del Municipio de Managua,26250000.0,prestamos_sector_publico
Nicaragua,963,1972,Sector Público,LC - Instituto de Fomento Nacional,500000.0,prestamos_sector_publico
Nicaragua,964,1976,Sector Público,Segunda Etapa de la Red Regional de Telecomunicaciones en la Parte que Corresponde a la República de Nicaragua,5000000.0,prestamos_sector_publico
Honduras,965,1990,Sector Público,Proyecto de Rehabilitación de las Plantas Generadoras de Energía Eléctrica Cañaveral y Río Lindo,12700000.0,prestamos_sector_publico
Honduras,966,1992,Sector Público,Estudios de Factibilidad Técnica Económica y Diseños de Ingeniería del Proyecto de Desarrollo Turístico de la Bahía de Tela,1600000.0,prestamos_sector_publico
Honduras,967,1982,Sector Público,Proyecto de Distribución Primaria el Níspero - Santa Rosa de Copán - La Entrada,2730000.0,prestamos_sector_publico
El Salvador,968,1994,Sector Público,Financiamiento Puente para el Préstamo No. 279-FCIE,10000000.0,prestamos_sector_publico
Nicaragua,969,1974,Sector Público,Reconstrucción del Puerto de Potosí,500000.0,prestamos_sector_publico
Guatemala,970,1981,Sector Público,LC - Secretaría Permanente del Tratado General de Integración Económica Centroamericana,300000.0,prestamos_sector_publico
Honduras,971,2004,Sector Público,Proyecto Interconector Corredores Atlántico-Pacífico Villa San Antonio Goascorán,109470000.0,prestamos_sector_publico
Honduras,972,2001,Sector Público,Programa Escuela Saludable,6500000.0,prestamos_sector_publico
Honduras,973,2018,Sector Público,Libramiento Anillo Periférico-Carretera CA-5 Sur,44262590.7,prestamos_sector_publico
Nicaragua,974,2007,Sector Público,Proyecto Mejoras Puntuales de la Carretera Río Blanco - Siuna - Puente Banacruz,5000000.0,prestamos_sector_publico
Honduras,975,1980,Sector Público,Completar el Urbanización de los Terrenos de y Construcción de Unidades Habitacionales en el Proyecto Faldas o Lomas del Pedregal.,100000.0,prestamos_sector_publico
Honduras,976,1988,Sector Público,Participación por Parte del Prestatario en el Programa de Rehabilitación de la Pequeña y Mediana Industria.,1000000.0,prestamos_sector_publico
Nicaragua,977,1971,Sector Público,LC - Instituto de Fomento Nacional,500000.0,prestamos_sector_publico
Nicaragua,978,1992,Sector Público,LC - Banco Central de Nicaragua,17727000.0,prestamos_sector_publico
República Dominicana,979,2016,Sector Público,LGC - Banco de Reservas de la República Dominicana (Banreservas),100000000.0,prestamos_sector_publico
Honduras,980,2021,Sector Público,Proyecto de Construcción del Puente Vehicular Marítimo Coyolito - Amapala,207766365.18,prestamos_sector_publico
Honduras,981,1984,Sector Público,Construcción a Nivel de Subbase de la Carretera La Paz - Tutule - Marcala de Aproximadamente 70 Kilometros de la Ruta CA-7 en la República de Honduras,6500000.0,prestamos_sector_publico
Honduras,982,1969,Sector Público,Adquisición de una Unidad Turboeléctrica de 15 Megavatios para ser Instalada Como Equipo de Reserva en San Pedro Sula y la Adquisición de Equipo y Materiales para el Mejoramiento y Ampliación de los Sistemas,3274000.0,prestamos_sector_publico
Nicaragua,983,2013,Sector Público,Proyecto Mejoramiento de la Carretera Río Blanco Mulukukú,38000000.0,prestamos_sector_publico
Nicaragua,984,2015,Sector Público,Programa de Infraestructura y Acompañamiento Social en la Costa Caribe Norte,5069155.11,prestamos_sector_publico
Honduras,985,1983,Sector Público,Estudio Enriquecimiento Proteínico del Banano por Fermentación Sólida para Usos de Alimentación Animal,360000.0,prestamos_sector_publico
Honduras,986,2014,Sector Público,Proyecto Ampliación y Mejoramiento de la Carretera Ca5 Segmento I y II (Sección 2A),2044117.73,prestamos_sector_publico
Honduras,987,1996,Sector Público,Proyecto Ampliación Centrales Telefónicas Digitales de Tegucigalpa San Pedro Sula y el Progreso,15910000.0,prestamos_sector_publico
Honduras,988,1990,Sector Público,Construcción a Nivel de Pavimento del Tramo de Carretera Desvío a San Nicolás - Pito Solo de la Ruta de Interconexión Ca4/Ca5 Incluyendo Tres Ramales de esta Vía a las Poblaciones de Ceguaca Zacapa y San Juan,3700000.0,prestamos_sector_publico
Honduras,989,2024,Sector Público,Programa de Carreteras Resilientes de Honduras (PCR-HN) Tramo B-1 Libramiento El Progreso,96300000.0,prestamos_sector_publico
Honduras,990,1975,Sector Público,Mejoramiento de las Pistas de Aterrizaje de los Aeropuertos Internacionales de Toncontín José Ramón Villeda Morales y Golosón,3340000.0,prestamos_sector_publico
Honduras,991,2006,Sector Público,Proyecto Rehabilitación de la Carretera Tegucigalpa-Catacamas,75300000.0,prestamos_sector_publico
Honduras,992,1976,Sector Público,Segunda Etapa de la Red Regional de Telecomunicaciones en la Parte que Corresponde a la República de Honduras,4500000.0,prestamos_sector_publico
Nicaragua,993,1980,Sector Público,Construcción de las Obras de Interconexión Entre la República de Nicaragua y la República de Costa Rica,1500000.0,prestamos_sector_publico
Nicaragua,994,1968,Sector Público,Financiamiento Parcial de la  Pavimentación de la Carretera San Benito - Rama,4000000.0,prestamos_sector_publico
Honduras,995,1974,Sector Público,Elaboración de los Estudios Finales de Ingeniería Planos Especificaciones y Documentos de Licitación para la Construcción y Equipamiento de Tres Plantas de Almacenamiento de Granos a Localizarse en Danlí Juticalpa y Tocoa,75000.0,prestamos_sector_publico
Honduras,996,2005,Sector Público,Programa de Desarrollo Integral Sostenible Corredor del Quetzal,5000000.0,prestamos_sector_publico
Nicaragua,997,2011,Sector Público,IV Proyecto de Rehabilitación y Mantenimiento de Carreteras,50000000.0,prestamos_sector_publico
Honduras,998,1990,Sector Público,Adquisición Instalación e Interconexión de una Central de Conmutación Digital con su Correspondiente Planta Externa para la Zona de Miraflores,14600000.0,prestamos_sector_publico
Honduras,999,1988,Sector Público,II Etapa de la Campaña del Control de la Sigatoka Negra y Otras Enfermedades y Plagas del Plátano,9000000.0,prestamos_sector_publico
Nicaragua,1000,1995,Sector Público,LC - Banco Central de Nicaragua,3000000.0,prestamos_sector_publico
Honduras,1001,1990,Sector Público,LC - Banco Central de Honduras,2000000.0,prestamos_sector_publico
Nicaragua,1002,1981,Sector Público,Construcción (Sin Pavimento) y Supervisión de la III Etapa de la Carretera Acoyapa - San Carlos,17500000.0,prestamos_sector_publico
República Dominicana,1003,2021,Sector Público,OPD para apoyar acciones de política y resultados de desarrollo - Cambio Climático - Apoyo a la transición del Sector Energético ante el cambio climático,50000000.0,prestamos_sector_publico
Guatemala,1004,2000,Sector Público,Programa de Fondo de Inversión Social,50000000.0,prestamos_sector_publico
Nicaragua,1005,2009,Sector Público,Línea Para Gestión de Liquidez-BCN,200000000.0,prestamos_sector_publico
Nicaragua,1006,1967,Sector Público,Mejoramiento y Ampliación el Servicio de Distribución de Energía Eléctrica todo el País Mediante la Compra de Equipo de Distribución de Energía Eléctrica y de Transporte Especial para Operación y Aditamentos,481000.0,prestamos_sector_publico
Panamá,1007,2007,Sector Público,Incremento LGC - Banco Internacional de Costa Rica  S.A. (BICSA),19000000.0,prestamos_sector_publico
El Salvador,1008,2025,Sector Público,Incremento de LCR para Entidades Públicas Descentralizadas No. 2310 a cargo de FOVIAL,150000000.0,prestamos_sector_publico
Honduras,1009,2017,Sector Público,Proyecto Construcción del Corredor Logístico Villa de San Antonio-Goascorán  Secciones II y III,86834740.0,prestamos_sector_publico
Nicaragua,1010,2012,Sector Público,Proyecto Reemplazo y Equipamiento del Hospital Carlos Roberto Huembes,102874502.32,prestamos_sector_publico
Nicaragua,1011,1974,Sector Público,Elaboración de los Estudios de Ingeniería y Anteproyecto Arquitectónico del Parque Industrial las Mercedes (Pilam),60000.0,prestamos_sector_publico
Nicaragua,1012,1990,Sector Público,LC - Banco Central de Nicaragua,2000000.0,prestamos_sector_publico
Honduras,1013,1993,Sector Público,Programa de Mejoramiento en el Municipio del Distrito Central República de Honduras,20000000.0,prestamos_sector_publico
Honduras,1014,1992,Sector Público,Proyecto Adquisición del Sistema de Excitación y Regulación de Voltaje de la Planta Hidroeléctrica Río Lindo Así Como el Montaje del Mismo,1672000.0,prestamos_sector_publico
Honduras,1015,1988,Sector Público,Adquisición Instalación e Interconexión de una Central de Conmutación Digital con su Correspondiente Planta Externa para la Ciudad de el Progreso Yoro,5800000.0,prestamos_sector_publico
El Salvador,1016,2010,Sector Público,Proyecto Apertura Boulevard Diego de Holguín Santa Tecla Tramo II,18340000.0,prestamos_sector_publico
Nicaragua,1017,1982,Sector Público,LC - Rehabilitación de varias empresas propiedad del Gobierno de Nicaragua,2000000.0,prestamos_sector_publico
Honduras,1018,1964,Sector Público,Financiar los Estudios de Factibilidad del Programa de Almacenamiento y Conservación de Granos Básicos (Maíz Arroz Frijoles y Sorgo),60000.0,prestamos_sector_publico
Nicaragua,1019,1970,Sector Público,Reconstrucción y Ampliación de la Red de Distribución Eléctrica Propiedad de la Municipalidad de Masaya,286000.0,prestamos_sector_publico
Honduras,1020,2002,Sector Público,Proyecto Electrificación de Puerto Lempira,312285.0,prestamos_sector_publico
Nicaragua,1021,1964,Sector Público,Financiar los Estudios de Viabilidad del Programa de Carreteras de Acceso en la Zona de Matagalpa Boaco y Chontales Proyecto Nestlé Infonac,576000.0,prestamos_sector_publico
Honduras,1022,1981,Sector Público,LC - Banco Nacional de Desarrollo Agrícola,869350.0,prestamos_sector_publico
Honduras,1023,1993,Sector Público,Adquisición e Instalación de Señales Viales en Carrteras Pavimentadas Principales y en Vías Urbanas de Ciudades Importantes de la República de Honduras,9300000.0,prestamos_sector_publico
Nicaragua,1024,1974,Sector Público,Completar el Costo de Construcción y Supervisión de la Carretera San Benitosébaco Incluyendo la Construcción del Desvío a la Ciudad Darío,3150000.0,prestamos_sector_publico
Nicaragua,1025,2006,Sector Público,Préstamo - Banco Central de Nicaragua,150000000.0,prestamos_sector_publico
Honduras,1026,2021,Sector Público,Línea de crédito para financiar capital de trabajo en consecuencia de los efectos de la Pandemia del COVID19 en COCESNA.,5000000.0,prestamos_sector_publico
Honduras,1027,1986,Sector Público,LC - Banco Central de Honduras,3000000.0,prestamos_sector_publico
Honduras,1028,1975,Sector Público,Costo de los Materiales a Adquirirse para el Proyecto de Mejoramiento y Expansión de los Sistemas de Distribución de Energía Eléctrica del Prestatario,8300000.0,prestamos_sector_publico
Nicaragua,1029,2021,Sector Público,Programa de Ampliación del Sistema de Transmisión Eléctrica en Nicaragua,40100000.0,prestamos_sector_publico
Panamá,1030,2005,Sector Público,LGC - Banco Internacional de Costa Rica  S.A. (BICSA),20000000.0,prestamos_sector_publico
Nicaragua,1031,1975,Sector Público,LC - Instituto de Fomento Nacional,864000.0,prestamos_sector_publico
Honduras,1032,2020,Sector Público,Programa de Emergencia de Apoyo y Preparación ante el COVID-19 y de Reactivación Económica,50000000.0,prestamos_sector_publico
Honduras,1033,2004,Sector Público,Proyecto Planta Desalinizadora y Potabilizadora de Amapala,750000.0,prestamos_sector_publico
Nicaragua,1034,1977,Sector Público,Programa para la Erradicación de la Roya del Cafeto,500000.0,prestamos_sector_publico
Nicaragua,1035,1975,Sector Público,Fondos Destinados Exclusivamente a Terminar la Pavimentación de la Carretera San Benitorama,1240000.0,prestamos_sector_publico
Honduras,1036,2005,Sector Público,Préstamo - República de Honduras - Proyecto de Infraestructura Rural (PIR),15000000.0,prestamos_sector_publico
Honduras,1037,2012,Sector Público,Renovación de Infraestructura (Equipos y Sistemas) para el Nuevo Formato de Plan de Vuelo Adquisición e Instalación de un Radar Secundario en el Sitio las Nubes en Nicaragua y Sistema de Comunicación Hf,15005222.09,prestamos_sector_publico
Honduras,1038,1986,Sector Público,Proyecto Mejoramiento de los Servicios de la Navegación Aérea en Centroamérica,6400000.0,prestamos_sector_publico
Nicaragua,1039,2002,Sector Público, Proyecto Estabilización del Camino Santa Clara - Susucayán - El Jícaro,3756260.5000000005,prestamos_sector_publico
Nicaragua,1040,1975,Sector Público,Construcción Sin Incluir Costo de Supervisión e Imprevistos de la Sección 1 de la Carretera Acoyapa - San Carlos,5450000.0,prestamos_sector_publico
Honduras,1041,1979,Sector Público,Financiar los Estudios de Factibilidad Técnicaeconómica de los Aeropuertos en las Islas de Guanaja y Utila y los Estudios de Ingeniería del Diseño Final,325000.0,prestamos_sector_publico
Honduras,1042,2012,Sector Público,Proyecto Construcción del Corredor Logístico Villa de San Antonio Goascorán Sección II y III,76060000.0,prestamos_sector_publico
Nicaragua,1043,2018,Sector Público,VIII Programa de Mejoramiento y Ampliación de Carreteras,176654696.0,prestamos_sector_publico
Honduras,1044,1991,Sector Público,Construcción de la Carretera San Pedro Sulapuerto Cortés,33000000.0,prestamos_sector_publico
Honduras,1045,1990,Sector Público,LC - Banco Central de Honduras,2000000.0,prestamos_sector_publico
Nicaragua,1046,2006,Sector Público,Proyecto Mejoramiento de la Red Relevante de Caminos Alimentadores de la Carretera Acoyapa  San Carlos - Frontera con Costa Rica,9500000.0,prestamos_sector_publico
Nicaragua,1047,1978,Sector Público,Estudio de Factibilidad Puerto Cabezas,750000.0,prestamos_sector_publico
Nicaragua,1048,2020,Sector Público,Programa Nacional de Construcción de Viviendas de Interés Social,171653400.0,prestamos_sector_publico
República Dominicana,1049,2021,Sector Público,OPD para apoyar acciones de política y resultados de desarrollo - Energía - Impulso a la Reforma del Sector Energético ,250000000.0,prestamos_sector_publico
Honduras,1050,1965,Sector Público,Estudios Preliminares de Ingeniería y Factibilidad Económica de la Carretera Entre la Ciudad de Juticalpa y Puerto Castilla Pasando por San Francisco de la Paz Gualaco San Esteban y Corocito con una Longitud Total de 246Kms,150500.0,prestamos_sector_publico
Nicaragua,1051,2016,Sector Público,Proyecto Mejoramiento de la Carretera Muy Muy-Matiguás-Río Blanco,58700000.0,prestamos_sector_publico
Nicaragua,1052,1969,Sector Público,Estudios de Ingeniería de las Carreteras de Acoyapa - San Carlos y Tuma - Siuna Ambas de la República de Nicaragua,660000.0,prestamos_sector_publico
Guatemala,1053,2005,Sector Público,Programa Multisectorial de Fortalecimiento de la Inversión,400000000.0,prestamos_sector_publico
Nicaragua,1054,1980,Sector Público,Estudios viales de Nicaragua (Managua-Leon; Leon-Chinandega-Corinto; Managua Montefresco-Las Conchitas; Y Sibaco-Matagalpa-Jinotega),1125000.0,prestamos_sector_publico
Nicaragua,1055,2016,Sector Público,Proyecto Subestación Central Managua,6736817.2,prestamos_sector_publico
Nicaragua,1056,1995,Sector Público,Proyecto Zona Franca Industrial las Mercedes  III Etapa,10100000.0,prestamos_sector_publico
Nicaragua,1057,1994,Sector Público,Proyecto Comercialización de Granos Básicos,4000000.0,prestamos_sector_publico
Nicaragua,1058,1970,Sector Público,Compra de títulos hipotecarios al Banco de la Vivienda de Nicaragua,5000000.0,prestamos_sector_publico
Nicaragua,1059,1975,Sector Público,Costo de los Estudios de Ingeniería Diseños Planos de Construcción Documentos de Licitación y de Contratación para la Construcción de la Carretera Litoral Sur,600000.0,prestamos_sector_publico
Nicaragua,1060,1970,Sector Público,Financiar los Costos de Ingeniería y Construcción y la Adquisición de Equipos Necesarios para el Complejo Portuario Ciudad Ramael Bluff en la Costa Atlántica de Nicaragua,3115000.0,prestamos_sector_publico
Guatemala,1061,1987,Sector Público,Rehabilitación de la Carretera CA-2 Oriente Tramo Taxisco - Ciudad Pedro de Alvarado (Frontera con El Salvador) de la República de Guatemala,6330000.0,prestamos_sector_publico
Nicaragua,1062,1993,Sector Público,LC - Banco Central de Nicaragua,5000000.0,prestamos_sector_publico
Honduras,1063,1975,Sector Público,Construcción de Diques a los Ríos Piedras Santa Ana o Bermejo Sauce y Blanco o Zapotal en la Ciudad de San Pedro Sula,4500000.0,prestamos_sector_publico
Nicaragua,1064,1991,Sector Público,LC - Banco Central de Nicaragua,3000000.0,prestamos_sector_publico
Nicaragua,1065,1966,Sector Público,Financiar los Estudios de Factibilidad del Programa de Carreteras de Sébaco - San Benito y Circunvalación de Managua (CA1),77790.0,prestamos_sector_publico
Nicaragua,1066,1969,Sector Público,Compra de los bonos hipotecarios para Financiar Viviendas Conforme al Programa de Vivienda Media del Banco Centroamericano.,400000.0,prestamos_sector_publico
Honduras,1067,1983,Sector Público,Proyecto Correspondiente a la III Etapa de la Red Regional de Telecomunicaciones,5700000.0,prestamos_sector_publico
Honduras,1068,2010,Sector Público,Programa de Electrificación Social etapa ESSE-FN-2008,30000000.0,prestamos_sector_publico
Nicaragua,1069,1989,Sector Público,Participación por Parte del Prestatario en el Programa de Rehabilitación de la Pequeña y Mediana Industria.,1000000.0,prestamos_sector_publico
Nicaragua,1070,1972,Sector Público,Estudios Carreteras Managua-Masaya; Litoral Sur Y Masaya-Catarina-El Guanacaste; Masatepe-San Marcos Y San Marcos-Ticuantepe.,490000.0,prestamos_sector_publico
Honduras,1071,1992,Sector Público,Proyecto Anillo Periférico Urbano de la Ciudad de Tegucigalpa,20000000.0,prestamos_sector_publico
Honduras,1072,1977,Sector Público,Proyecto para el Control de Inundaciones en la Ciudad de San Pedro Sula que Comprende el Dragado y Protección de Taludes de los Ríos Piedras Santa Ana o Bermejo Sauce y Blanco y de las Quebradas Santa Anita y la Guama,2500000.0,prestamos_sector_publico
República Dominicana,1073,2022,Sector Público,OPD para apoyar acciones de política y resultados de desarrollo,100000000.0,prestamos_sector_publico
Nicaragua,1074,1982,Sector Público,Proyecto de Viviendas y Lotes Urbanizados de Interés Social en el Lugar Denominado Batahola en la Ciudad de Managua.,1000000.0,prestamos_sector_publico
Nicaragua,1075,1967,Sector Público,Construcción de la Carretera Portezuelo - Las Mercedes (CA1),1610000.0,prestamos_sector_publico
Nicaragua,1076,1970,Sector Público,Adquisición por el Prestatario de Acciones de Capital Social de la Firma Textiles Fabricato de Nicaragua S.A. (Fabritex) que se Dedica a la Fabricación de Tejidos Planos de Algodón y Mezclas con Fibras Sintéticas.,200000.0,prestamos_sector_publico
Nicaragua,1077,2008,Sector Público,Préstamo - Rehabilitación y Pavimentación de las Carreteras Nejapa-Izapa-Puerto Sandino y La Paz Centro-Malpaisillo-Villa 15 de Julio,130000000.0,prestamos_sector_publico
Nicaragua,1078,1992,Sector Público,Adquisición de Bienes y Servicios Relacionados con la Ejecución del Proyecto Digitalización de la Red Atlántico Sur,5800000.0,prestamos_sector_publico
Honduras,1079,2006,Sector Público,Programa de Equipamiento General del Sector Salud,50000000.05,prestamos_sector_publico
Honduras,1080,2012,Sector Público,Programa de Desarrollo Agrícola Bajo Riego (PDABR),52032754.0,prestamos_sector_publico
Honduras,1081,1993,Sector Público,Programa Producción en Colegios Vocacionales de Honduras,2500000.0,prestamos_sector_publico
Nicaragua,1082,2005,Sector Público,Proyecto Programa de Atención Integral a la Niñez Nicaragüense,5000000.0,prestamos_sector_publico
Nicaragua,1083,1982,Sector Público,Construcción y Equipamiento de Cuatro Talleres Garajes para el Mantenimiento de las Unidades del Transporte Urbano de la Ciudad de Managua,12200000.0,prestamos_sector_publico
Honduras,1084,1982,Sector Público,Proyecto de Transmisión Tegucigalpa - Danlí,3300000.0,prestamos_sector_publico
Honduras,1085,2012,Sector Público,Proyecto Construcción del Corredor Logístico Villa de San Antonio-Goascorán Sección II y III - (Garantía),18940000.0,prestamos_sector_publico
Honduras,1086,2011,Sector Público,Proyecto Social de Inclusión a la Educación Superior,5100000.0,prestamos_sector_publico
Honduras,1087,2002,Sector Público,Proyecto Modernización del Riego en Micro Cuencas del Oeste del Valle de Comayagua (Promorco),12800000.0,prestamos_sector_publico
Nicaragua,1088,2014,Sector Público,Proyecto Mejoramiento de Caminos Rurales y Carreteras con Conexión al Caribe Nicaragüense,149250000.0,prestamos_sector_publico
Nicaragua,1089,2004,Sector Público,Programa de Electrificación Rural en Zonas Productivas del Área Concesionada,4750000.0,prestamos_sector_publico
Panamá,1090,2019,Sector Público,LGC - Caja de Ahorros,100000000.0,prestamos_sector_publico
Honduras,1091,1975,Sector Público,Construcción a Nivel de Terracería Subbase Puentes y Estructura de Drenaje del Tramo la Ceiba - Jutiapa de la Ruta CA-13,3800000.0,prestamos_sector_publico
Nicaragua,1092,2020,Sector Público,Programa Nacional de Electrificación Sostenible y Energía Renovable para Nicaragua (PNESER) - Componente C,143000000.0,prestamos_sector_publico
Nicaragua,1093,1976,Sector Público,Financiar Parte de los Costos de Bienes y Servicios para la Construcción de una Zona Franca Industrial de Exportación a Localizarse Adyacente al Aeropuerto Internacional las Mercedes,3560000.0,prestamos_sector_publico
Guatemala,1094,2009,Sector Público,Apoyo Presupuestario en Concepto de la Implementación del Documento Personal de Identificación (DPI),115000000.0,prestamos_sector_publico
Nicaragua,1095,1992,Sector Público,LC - Banco Central de Nicaragua,3000000.0,prestamos_sector_publico
Nicaragua,1096,2006,Sector Público,Proyecto Construcción de la Central Hidroeléctrica Larreynaga,36718000.0,prestamos_sector_publico
Panamá,1097,2020,Sector Público,OPD en Respuesta a la Pandemia y Recuperación del Crecimiento en Panamá,250000000.0,prestamos_sector_publico
Nicaragua,1098,1980,Sector Público,Adquisición de Maquinaria y Equipos Repuestos Accesorios y Tela Plástica Acrílica del Proyecto Programa de Tabaco de Agroinra,2400000.0,prestamos_sector_publico
Nicaragua,1099,2017,Sector Público,Proyecto de Saneamiento de Bluefield,38804000.0,prestamos_sector_publico
Nicaragua,1100,1980,Sector Público,Financiar los Estudios de Investigación y Exploración de las Minas Bonanzas Rosita la Libertad Limón y Santa Rosa,2000000.0,prestamos_sector_publico
Guatemala,1101,2014,Sector Público,Apoyo a Proyectos de Inversión en Infraestructura Social y Productiva,250000000.0,prestamos_sector_publico
Nicaragua,1102,2017,Sector Público,Incremento Programa Nacional de Electrificación Sostenible y Energía Renovable para Nicaragua (PNESER) - Componente B,86500000.0,prestamos_sector_publico
Honduras,1103,1977,Sector Público,Construcción y Supervisión de las Obras para el Interconector de las Rutas Regionales CA5 y CA6 de la Ciudad de Tegucigalpa,3600000.0,prestamos_sector_publico
Nicaragua,1104,1992,Sector Público,Adquisición de Bienes y Servicios Relacionados con la Ejecución del Proyecto Mejoramiento y Ampliación del Sistema Telefónico de Managua,6650012.0,prestamos_sector_publico
Nicaragua,1105,1973,Sector Público,Primera Etapa de un Parque Industrial para la Relocalización de Pequeñas Industrias.,1320000.0,prestamos_sector_publico
Nicaragua,1106,1971,Sector Público,Financiar los Estudios Finales de Ingeniería del Tramo las Mercedes - San Benito de la Carretera Interamericana,70000.0,prestamos_sector_publico
Honduras,1107,1985,Sector Público,Adquisición de Bienes y Servicios de Origen Japonés para la Ampliación y Mejoramiento del Sistema de Telecomunicaciones de la Republica de Honduras,8800000.0,prestamos_sector_publico
Honduras,1108,2020,Sector Público,Proyecto de Ampliación del Sistema de Abastecimiento de Agua Potable en la Ciudad de Gracias  Departamento de Lempira,10800000.0,prestamos_sector_publico
Nicaragua,1109,2007,Sector Público,Proyecto Pavimentación de la Carretera San Ramón Muy-Muy,21710557.0,prestamos_sector_publico
Nicaragua,1110,1994,Sector Público,Financiar los Servicios de Consultoría de los Estudios Viales en Nicaragua Complementando el Monto del Préstamo No 642Fo,772478.0,prestamos_sector_publico
Honduras,1111,2015,Sector Público,Proyecto Rehabilitación de los Tramos Carreteros La Entrada-Copán Ruinas-El Florido y La Entrada-Santa Rosa de Copán,5500000.0,prestamos_sector_publico
Honduras,1112,1991,Sector Público,LC - Banco Central de Honduras,1000000.0,prestamos_sector_publico
República Dominicana,1113,2023,Sector Público,Construcción de las Obras Complementarias de Riego y Suministro de Agua de la Presa Montegrande,236926411.0,prestamos_sector_publico
Nicaragua,1114,1994,Sector Público,Proyecto Ampliación y Mejoramiento del Sistema Telefónico Región Noroccidental I Fase,12100000.0,prestamos_sector_publico
Nicaragua,1115,1990,Sector Público,LC - Banco Central de Nicaragua,18000000.0,prestamos_sector_publico
Nicaragua,1116,1973,Sector Público,Costo de un Estudio de Factibilidad para la Interconexión con el Sistema Eléctrico Nacional de Costa Rica Mediante la Construcción de una Línea de Alto Voltaje de una Longitud de 290 Kilometros,50000.0,prestamos_sector_publico
Nicaragua,1117,1973,Sector Público,Fondos Destinados al Programa Nacional del Cultivo del Marañón del Prestatario.,670257.0,prestamos_sector_publico
Honduras,1118,2021,Sector Público,Apoyo para implementación del Plan Nacional de introducción de vacuna contra COVID-19,35000000.0,prestamos_sector_publico
Honduras,1119,2005,Sector Público,Proyecto de Rehabilitación y Mejoramiento de la Carretera Puerto Cortés Frontera con Guatemala (CA13) Sección I,4600000.0,prestamos_sector_publico
Nicaragua,1120,2004,Sector Público,Proyecto Mejoras Localizadas sobre la Carretera Río Blanco - Siuna - Puerto Cabezas,5000000.0,prestamos_sector_publico
Honduras,1121,1989,Sector Público,Programa de Vivienda y Mejoramiento Urbano,20000000.0,prestamos_sector_publico
Honduras,1122,2012,Sector Público,Proyecto Construcción del Corredor Logístico Villa de San Antonio-Goascorán Secciones II y III - (Garantía),145000000.0,prestamos_sector_publico
Honduras,1123,2020,Sector Público,Línea para Apoyar la Gestión de Liquidez de BCH,200000000.0,prestamos_sector_publico
Nicaragua,1124,1969,Sector Público,Estudios Finales de Ingeniería de la Carretera Sébaco San Benito y Pista de Circunvalación de Managua,250000.0,prestamos_sector_publico
Nicaragua,1125,2022,Sector Público,Programa Temporal de Apoyo ante la Crisis de los Combustibles en Nicaragua,200000000.0,prestamos_sector_publico
Nicaragua,1126,2010,Sector Público,Proyecto de Construcción y Equipamiento del Hospital General de la Zona Occidental de Managua,42826951.0,prestamos_sector_publico
República Dominicana,1127,2021,Sector Público,Fortalecimiento del Financiamiento para el Sector Agropecuario con Enfoque Tecnológico y Sostenible,60000000.0,prestamos_sector_publico
Nicaragua,1128,1970,Sector Público,Financiamiento Parcial de las Carreteras Ocotallas Manos (CA6) Puente Realfrontera con Honduras (CA3) y el Puente Sobre el Río Guasaule,733000.0,prestamos_sector_publico
Panamá,1129,2020,Sector Público,Vale Digital - Panamá Solidario Covid-19 (Fondo Ordinario),100000000.0,prestamos_sector_publico
Nicaragua,1130,1993,Sector Público,LC - Banco Central de Nicaragua,13265800.0,prestamos_sector_publico
Honduras,1131,1968,Sector Público,Financiar los Gastos de Flete Marítimo de las Unidades Generadoras Dieseleléctricas Adquiridas con los Fondos del Préstamo Original,72000.0,prestamos_sector_publico
Nicaragua,1132,2016,Sector Público,Programa de Sostenibilidad del Sector Eléctrico de Nicaragua,163500000.0,prestamos_sector_publico
Panamá,1133,2018,Sector Público,LGC - Banco Nacional de Panamá,100000000.0,prestamos_sector_publico
República Dominicana,1134,2013,Sector Público,Programa de Mejoramiento y Ampliación del Corredor Vial del Este,80200000.0,prestamos_sector_publico
Nicaragua,1135,1981,Sector Público,Proyecto de Campaña de Control y Combate de la Roya del Cafe,4800000.0,prestamos_sector_publico
Nicaragua,1136,2024,Sector Público,Programa de Mejoramiento y Ampliación en 4 Sistemas de Agua Potable en 5 Ciudades de Nicaragua,130000000.0,prestamos_sector_publico
Nicaragua,1137,2002,Sector Público,Proyecto Rehabilitación de la Carretera Chinandega-Guasaule,19500000.0,prestamos_sector_publico
Honduras,1138,1978,Sector Público,Proyecto Silos Rurales de Honduras,9000000.0,prestamos_sector_publico
Nicaragua,1139,2021,Sector Público,X Programa de Ampliación y Mejoramiento de Carreteras,382580372.14,prestamos_sector_publico
Honduras,1140,1979,Sector Público,Construcción de Obras Civiles de la Casa de Máquinas Subtérranea del Proyecto Hidroeléctrico el Cajón,30600000.0,prestamos_sector_publico
Nicaragua,1141,2008,Sector Público,Proyecto Construcción de la Central Hidroeléctrica Larreynaga,22893879.0,prestamos_sector_publico
Nicaragua,1142,1989,Sector Público,Estudios De Factibilidad de Proyectos de Rehabilitación y Mejoramiento de los Tramos de Carretera Izapa - León - Chinandega  Chinandega - Guasaule  Nejapa - Las Conchitis - Nandaime  Masaya - Granada,810000.0,prestamos_sector_publico
Nicaragua,1143,1974,Sector Público,LC - Banco Nacional de Nicaragua,700000.0,prestamos_sector_publico
Honduras,1144,1993,Sector Público,Proyectos Hidroeléctricos Remolino y Sico II en la República de Honduras Financiados Parcialmente con el Préstamo Fo6110,959000.0,prestamos_sector_publico
Honduras,1145,2020,Sector Público,Proyecto de Ampliación del Sistema de Abastecimiento de Agua Potable en la Ciudad de Gracias  Departamento de Lempira - Fondos Corea,25200000.0,prestamos_sector_publico
República Dominicana,1146,2017,Sector Público,Proyecto Múltiple de la Presa Montegrande  Fase III,249600000.0,prestamos_sector_publico
Nicaragua,1147,2021,Sector Público,Proyecto de Mejoramiento de las Capacidades Técnicas y Operativas de Puerto Corinto,21425306.65,prestamos_sector_publico
Nicaragua,1148,1969,Sector Público,Adquisición de Maquinaria y Equipo Además de Gastos de Transporte Instalación de Maquinaria y Equipo u Otras Inversiones Necesarias para la Instalación y Funcionamiento de un Centro de Formación Profesional,700000.0,prestamos_sector_publico
Honduras,1149,1992,Sector Público,Proyecto Anillo Periférico Urbano de la Ciudad de Tegucigalpa,17800000.0,prestamos_sector_publico
Nicaragua,1150,2003,Sector Público,Proyecto Apoyo a la Producción Diversificada y Exportable,5000000.0,prestamos_sector_publico
Nicaragua,1151,1992,Sector Público,LC - Banco Central de Nicaragua,15000000.0,prestamos_sector_publico
Nicaragua,1152,1980,Sector Público,Adquisición de Materiales y Equipos para la Reparación y Construcción de las Redes de Distribución del Sistema de Interconectado del Ine,3000000.0,prestamos_sector_publico
Nicaragua,1153,1973,Sector Público,Completar el Financiamiento y Mejorar la Operación de la Arteria Regional de Telecomunicaciones en la Parte que Corresponde a la República de Nicaragua,1000000.0,prestamos_sector_publico
Nicaragua,1154,1975,Sector Público,Elaboración de Estudios Geológicos del Terreno para el Parque Industrial las Mercedes (Pilam),30000.0,prestamos_sector_publico
Honduras,1155,2013,Sector Público,Proyecto para la Competitividad y el Desarrollo Rural Sostenible en la Zona Norte Denominado Horizontes del Norte,8000000.0,prestamos_sector_publico
Nicaragua,1156,2015,Sector Público,Proyecto Mejoramiento del Camino El Boquete - Santa Ana,28900000.0,prestamos_sector_publico
Honduras,1157,1990,Sector Público,Proyecto de Rehabilitación de las Plantas Generadoras de Energía Eléctrica Cañaveral y Río Lindo,1700000.0,prestamos_sector_publico
Honduras,1158,2022,Sector Público,OPD para apoyar acciones de política y resultados de desarrollo,250000000.0,prestamos_sector_publico
Nicaragua,1159,1971,Sector Público,LC - Instituto de Fomento Nacional,1275200.0,prestamos_sector_publico
Nicaragua,1160,1979,Sector Público,Proyecto Aeropuerto Internacional las Mercedes,2000000.0,prestamos_sector_publico
Nicaragua,1161,2013,Sector Público,Proyecto Mejoramiento y Ampliación de los Sistemas de Abastecimiento de Agua Potable y Saneamiento en 19 Ciudades,100069300.0,prestamos_sector_publico
Nicaragua,1162,2003,Sector Público,Programa de Desarrollo Económico de la Región Seca de Nicaragua (Prodesec),3995000.0,prestamos_sector_publico
Panamá,1163,2020,Sector Público,Vale Digital - Panamá Solidario Covid-19 (PEAP-COVID-19-RE),50000000.0,prestamos_sector_publico
Nicaragua,1164,2009,Sector Público,Proyecto de Apoyo para la Inserción de los Pequeños Productores en las Cadenas de Valor y Acceso a Mercados (PROCAVAL),8000000.0,prestamos_sector_publico
Honduras,1165,1978,Sector Público,Terminación de la Construcción y Supervisión de las Obras para el Interconector de las Rutas Regionales CA5 y CA6 en la Ciudad de Tegucigalpa Honduras,3400000.0,prestamos_sector_publico
Nicaragua,1166,2019,Sector Público,IX Programa de Mejoramiento y Ampliación de Carreteras,333874540.0,prestamos_sector_publico
República Dominicana,1167,2025,Sector Público,Proyecto Acueducto Múltiple Región Suroeste (ASURO),80900000.0,prestamos_sector_publico
Nicaragua,1168,2005,Sector Público,Programa de Viviendas de Interés Social para la Población de Escasos Recursos,5000000.0,prestamos_sector_publico
Honduras,1169,1980,Sector Público,Financiar Complementariamente la Adquisición e Instalación de Maquinaria y Equipo para Tres Plantas Estractoras del Aceite de Palma Africana,2000000.0,prestamos_sector_publico
Honduras,1170,2013,Sector Público,LGC - Banco Hondureño para la Producción y la Vivienda (BANHPROVI),55000000.0,prestamos_sector_publico
Nicaragua,1171,2016,Sector Público,VI Proyecto de Mejoramiento de Carreteras,70450000.0,prestamos_sector_publico
Nicaragua,1172,2011,Sector Público,Proyecto Mejoramiento de la Carretera Empalme Santa Ana Empalme Santa Rita,10900000.0,prestamos_sector_publico
Nicaragua,1173,1980,Sector Público,Proyecto Viviendas y Lotes Urbanizados de Interés Social en el Lugar Denominado Batahola en la Ciudad de Managua,4000000.0,prestamos_sector_publico
Honduras,1174,2011,Sector Público,Proyecto de Ampliación y Mejoramiento de la Carretera CA5 Segmento I,28000000.0,prestamos_sector_publico
Nicaragua,1175,1966,Sector Público,Estudio de Factibilidad de un Puerto en el Atlántico Sur de Nicaragua,301450.0,prestamos_sector_publico
Nicaragua,1176,1973,Sector Público,Proyecto Tipitapa - Masaya - Nandaime y Ramal Catarina - Masatepe  Consistente en Pavimentación del Tramo Tipitapa - Masaya,3400000.0,prestamos_sector_publico
Honduras,1177,1994,Sector Público,Proyecto Traslado Montaje y Puesta en Operación de Tres Turbinas de Gas,8700000.0,prestamos_sector_publico
Nicaragua,1178,1994,Sector Público,Proyecto Desarrollo Rural Integrado de las Comunidades de Planes de Vilán,1500000.0,prestamos_sector_publico
Nicaragua,1179,2005,Sector Público,Proyecto de Pavimentacion de la Carretera Matagalpa-Jinotega,9432000.0,prestamos_sector_publico
Nicaragua,1180,1975,Sector Público,LC - Instituto de Fomento Nacional,850000.0,prestamos_sector_publico
Nicaragua,1181,2016,Sector Público,Proyecto Mejoramiento de los Tramos de Camino Malacatoya-Victoria de Julio y Malacatoya-El Palo-El Papayal,65400000.0,prestamos_sector_publico
Nicaragua,1182,1977,Sector Público,Participación por Parte del Prestatario para Participar en el Programa Centroamericano para el Desarrollo o Mejoramiento de Agroempresas.,500000.0,prestamos_sector_publico
Honduras,1183,1992,Sector Público,Ejecución del Proyecto Programa Nacional de Electrificación Rural,18000000.0,prestamos_sector_publico
Honduras,1184,2025,Sector Público,Programa de Transmisión Eléctrica Etapa I,165000000.0,prestamos_sector_publico
Nicaragua,1185,1992,Sector Público,LC - Banco Central de Nicaragua,3000000.0,prestamos_sector_publico
Nicaragua,1186,2005,Sector Público,Proyecto de Pavimentación de la Carretera San Ramón Muy Muy,13600000.0,prestamos_sector_publico
Nicaragua,1187,2021,Sector Público,Proyecto Fortalecimiento de la Capacidad de Atención en la Red de Servicio Hospitalaria en Unidades de Salud Priorizadas,18475261.66,prestamos_sector_publico
Nicaragua,1188,2021,Sector Público,Programa de Saneamiento del Lago de Managua en la Ribera Sur,151449270.0,prestamos_sector_publico
Panamá,1189,2024,Sector Público,OPD para apoyo a la transición energética e impulso de la acción climática de la República de Panamá,240000000.0,prestamos_sector_publico
Honduras,1190,1988,Sector Público,Rehabilitación de la Carretera CA-5 Norte  Tramo  Río del Hombre - El Caracol  Sección III  Final del Valle de Comayagua - Siguatepeque,6000000.0,prestamos_sector_publico
República Dominicana,1191,2022,Sector Público,Proyecto de Construcción de la Línea 2C del Metro de Santo Domingo,250000000.0,prestamos_sector_publico
Honduras,1192,1980,Sector Público,Compra de Hipotecas Y/o Titulos Hipotecarios Conforme a las Políticas del Programa de Vivienda Media del Banco.,4000000.0,prestamos_sector_publico
Honduras,1193,2019,Sector Público,Programa de Apoyo a la Educación Media,80000000.0,prestamos_sector_publico
Nicaragua,1194,2013,Sector Público,Programa de Adaptación a Cambios en los Mercados y a los Efectos del Cambio Climático,7000000.0,prestamos_sector_publico
Nicaragua,1195,1989,Sector Público,Estudios de Factibilidad de Proyectos de Rehabilitación Mejoramiento y Construcción de los Tramos de Ferrocarril Masaya - Jinotepe - Diriamba  Managua - Tipitapa - Victoria de Julio  León - Río Grande - Estelí,960000.0,prestamos_sector_publico
Honduras,1196,2020,Sector Público,Proyecto de Modernización del Documento de Identificación en Honduras - IDENTIFICATE - Tramo C,10779622.95,prestamos_sector_publico
Nicaragua,1197,1971,Sector Público,Adquisición de Materiales y Equipos para la Construcción y Mejoramiento de los Sistemas de Distribución de Energía Eléctrica en Varias Poblaciones de Nicaragua,500000.0,prestamos_sector_publico
Nicaragua,1198,1980,Sector Público,Financiar un Estudio de Factibilidad para el Cultivo del Cacao,200000.0,prestamos_sector_publico
Honduras,1199,2016,Sector Público,Proyecto Construcción del Corredor Logístico Villa de San Antonio-Goascorán  Sección I  Subsección IB  Lamaní-El Quebrachal,37182437.78,prestamos_sector_publico
Nicaragua,1200,2012,Sector Público,Programa de Fomento a la Productividad Agropecuaria Sostenible (PFPAS),10000000.0,prestamos_sector_publico
Nicaragua,1201,2007,Sector Público,Proyecto Pavimentación de la Carretera Matagalpa Jinotega,16808790.0,prestamos_sector_publico
Nicaragua,1202,1981,Sector Público,Financiar Inversiones Fijas de la Primera Fase del Proyecto Mejoramiento y Ampliación del Sistema de Almacenamiento (Masa),7010000.0,prestamos_sector_publico
Nicaragua,1203,2018,Sector Público,Proyecto de Mejoramiento de las Capacidades Técnicas y Operativas de Puerto Corinto,163200000.0,prestamos_sector_publico
Nicaragua,1204,1995,Sector Público,LC - Banco Central de Nicaragua,1000000.0,prestamos_sector_publico
Honduras,1205,2005,Sector Público,Proyecto Desarrollo de la Infraestructura Básica en la Bahía de Tela,7000000.0,prestamos_sector_publico
Nicaragua,1206,1973,Sector Público,Proyecto Hidrometeorológico Centroamericano en la Parte que Corresponde a Nicaragua,450000.0,prestamos_sector_publico
Nicaragua,1207,1994,Sector Público,LC - Banco Central de Nicaragua,17100000.0,prestamos_sector_publico
Nicaragua,1208,2021,Sector Público,Proyecto Fortalecimiento de la Capacidad de Atención en la Red de Servicio Hospitalaria en Unidades de Salud Priorizadas - Cofinanciamiento United Kingdom Export Finance (UKEF),66556330.54,prestamos_sector_publico
Honduras,1209,1995,Sector Público,Proyecto Desarrollo Integral de la Mujer en Municipios del Sur de Francisco Morazan Norte de Valle y Choluteca,1500000.0,prestamos_sector_publico
Honduras,1210,1987,Sector Público,Rehabilitación de la Carretera CA-5 Norte  Tramo  Río del Hombre - El Caracol - Sección Valle de Comayagua,4700000.0,prestamos_sector_publico
México,1211,2016,Sector Público,Proyectos de Infraestructura Productiva con Impacto Diferido en el Registro del Gasto,150000000.0,prestamos_sector_publico
Nicaragua,1212,2013,Sector Público,Programa de Adaptación a Cambios en los Mercados y a los Efectos del Cambio Climático - Tramo B,16000000.0,prestamos_sector_publico
Nicaragua,1213,1990,Sector Público,Rehabilitación de la Carretera Nejapa - Izapa,10000000.0,prestamos_sector_publico
Nicaragua,1214,1974,Sector Público,Proyecto para la Ciudad de Managua,3700000.0,prestamos_sector_publico
Nicaragua,1215,1980,Sector Público,Construcción y Equipamiento de un Centro Nacional de Despacho de Carga,2800000.0,prestamos_sector_publico
Nicaragua,1216,2017,Sector Público,VII Programa de Mejoramiento y Rehabilitación de Carreteras,238000000.0,prestamos_sector_publico
Nicaragua,1217,1979,Sector Público,Adquisición de Equipo y Dragado del Puerto de Corinto,750000.0,prestamos_sector_publico
Nicaragua,1218,2013,Sector Público,Proyecto Construcción y Equipamiento del Hospital Departamental de Chinandega,81876173.0,prestamos_sector_publico
Nicaragua,1219,2008,Sector Público,Programa de Reactivación de la Producción y Aprovechamiento Forestal en la Costa Caribe,7000000.0,prestamos_sector_publico
Nicaragua,1220,1982,Sector Público,Proyecto de Ampliación del Sistema de Telex de la República de Nicaragua,4500000.0,prestamos_sector_publico
Panamá,1221,2018,Sector Público,Proyecto Corredor de las Playas  Tramo 1,450000000.0,prestamos_sector_publico
Honduras,1222,2013,Sector Público,Programa Mejora de la Infraestructura Educativa,30000000.0,prestamos_sector_publico
Nicaragua,1223,1974,Sector Público,Elaboración de Estudios Básicos de Ingeniería Preliminar Estudios Finales Diseños y Planos de Construcción de la Sección Final de la Nueva Carretera Managuamasaya y su Conexión con la Carretera Tipitapa - Masaya - Catarina,150000.0,prestamos_sector_publico
Nicaragua,1224,2011,Sector Público,Proyecto Ampliación de la Cobertura Rural de la Policía Nacional para Fortalecer la Seguridad Ciudadana,16334985.0,prestamos_sector_publico
Panamá,1225,2018,Sector Público,Incremento LGC - Banco Latinoamericano de Comercio Exterior  S.A. (BLADEX),60000000.0,prestamos_sector_publico
Honduras,1226,2003,Sector Público,Programa Nacional de Electrificación Social  Etapa-ES-N98  Ampliación No. 2,10111243.47,prestamos_sector_publico
Honduras,1227,1988,Sector Público,Participación por Parte del Prestatario en el Programa de Rehabilitación de la Pequeña y Mediana Industria.,1000000.0,prestamos_sector_publico
Nicaragua,1228,1973,Sector Público,Financiamiento de la Red de Enlaces por Microonda y Radio para la Red Nacional de Nicaragua Complementaria a la Arteria Regional de Telecomunicaciones,3215600.0,prestamos_sector_publico
Nicaragua,1229,2018,Sector Público,Proyecto de Mejoramiento en los Aeropuertos de la Costa Caribe Sur,25260000.0,prestamos_sector_publico
Nicaragua,1230,1993,Sector Público,Proyecto Mejoramiento Operativo Integral de Puestos Fronterizos de la República de Nicaragua I Etapa,14300000.0,prestamos_sector_publico
Nicaragua,1231,1980,Sector Público,Rubros de Construcción de la Primera Etapa del Mercado de Mayoreo de la Ciudad de Managua,730000.0,prestamos_sector_publico
Nicaragua,1232,1993,Sector Público,Adquisición de Bienes y Servicios Relacionados con la Ejecución del Proyecto Anillo Digital Interurbano y Enlace Digital Camoapaboaco,7600000.0,prestamos_sector_publico
República Dominicana,1233,2010,Sector Público,Proyecto Hidroeléctrico Palomino,80000000.0,prestamos_sector_publico
Nicaragua,1234,2002,Sector Público,Proyecto Acumulación de Capital Humano en Hogares Rurales en Extrema Pobreza,5000000.0,prestamos_sector_publico
Regional,1235,2025,Sector Público,Segundo Circuito SIEPAC,37187479.0,prestamos_sector_publico
Nicaragua,1236,1989,Sector Público,Estudios De Factibilidad De Proyectos De Sectores Productivo,880000.0,prestamos_sector_publico
Nicaragua,1237,1972,Sector Público,Financiar Viviendas Conforme al Programa de Vivienda Media del Banco.,107300.0,prestamos_sector_publico
Nicaragua,1238,1980,Sector Público,Reconstrucción y el Mejoramiento del Servicio de Transporte en el Lago de Nicaragua,11600000.0,prestamos_sector_publico
Nicaragua,1239,2012,Sector Público,V Proyecto de Rehabilitación y Mantenimiento de Carreteras,45000000.0,prestamos_sector_publico
Nicaragua,1240,1971,Sector Público,Financiar Viviendas Conforme al Programa de Vivienda Media del Banco Centroamericano.,450000.0,prestamos_sector_publico
Honduras,1241,2012,Sector Público,Programa de Desarrollo Integral Sostenible Corredor del Quetzal Fase II,5000000.0,prestamos_sector_publico
Nicaragua,1242,2003,Sector Público,Proyecto Rehabilitación de la Carretera Chinandega-Guasaule,11100000.0,prestamos_sector_publico
Nicaragua,1243,2013,Sector Público,Proyecto Central Hidroeléctrica El Barro,120600000.0,prestamos_sector_publico
Nicaragua,1244,2012,Sector Público,Proyecto de Rehabilitación y Mejoramiento del Tramo de Carretera Empalme Nejapa  Empalme Puerto Sandino,38602152.47,prestamos_sector_publico
Nicaragua,1245,1995,Sector Público,Proyecto Reinserción Socioeconómica de Población Afectada por la Guerra y en Extrema Pobreza (Municipio de Siuna) Autónoma del Atlántico Norte,1500000.0,prestamos_sector_publico
Nicaragua,1246,2010,Sector Público,Programa Nacional de Electrificación Sostenible y Energía Renovable para Nicaragua (PNESER),75000000.0,prestamos_sector_publico
Nicaragua,1247,1993,Sector Público,Proyecto Central Termoeléctrica Gral José Dolores Estrada,19600000.0,prestamos_sector_publico
Nicaragua,1248,1978,Sector Público,Proyecto de Cultivo Piloto de Camarón de Mar,421000.0,prestamos_sector_publico
Nicaragua,1249,1981,Sector Público,Construcción de la Línea de Transmisión Momotombo - Los Brasiles del Proyecto Geotermológico Momotombo,2750000.0,prestamos_sector_publico
Nicaragua,1250,1974,Sector Público,Financiar Obras de Construcción Supervisión y Consultoría de la Carretera la Mercedes San Benito Incluyendo la Radial de Conexión con la Carretera Tipitapa - Masaya,6200000.0,prestamos_sector_publico
Nicaragua,1251,1973,Sector Público,Proyecto el Viejo Potosí,3600000.0,prestamos_sector_publico
Nicaragua,1252,2003,Sector Público,Proyecto Formación de Capital Humano en Bosawás,1695000.0,prestamos_sector_publico
República Dominicana,1253,2023,Sector Público,Programa de Ecoviviendas,250300000.0,prestamos_sector_publico
Nicaragua,1254,2015,Sector Público,Programa de Construcción y Mejoras de Viviendas de Interés Social,55000000.0,prestamos_sector_publico
Panamá,1255,2015,Sector Público,Línea 2 del Metro de Panamá,200000000.0,prestamos_sector_publico
Panamá,1256,2017,Sector Público,LGC - Banco Latinoamericano de Comercio Exterior  S.A. (BLADEX),100000000.0,prestamos_sector_publico
Nicaragua,1257,1989,Sector Público,Participación por Parte del Prestatario en el Programa de Rehabilitación de la Pequeña y Mediana Industria.,1000000.0,prestamos_sector_publico
República Dominicana,1258,2022,Sector Público,Programa de Abastecimiento de Ambulancias para el Sistema de Salud,30000000.0,prestamos_sector_publico
Nicaragua,1259,1974,Sector Público,Adquisición de Costo de Transporte de 12 Montacargas a ser Utilizado por el Prestatario en sus Operaciones en el Puerto de Corinto Republica de Nicaragua,175000.0,prestamos_sector_publico
Nicaragua,1260,1977,Sector Público,Programa para el Combate de la Roya del Café,5000000.0,prestamos_sector_publico
Nicaragua,1261,2007,Sector Público,Programa de Electrificación Rural en Apoyo a Aglomerados,15000000.0,prestamos_sector_publico
República Dominicana,1262,2007,Sector Público,Proyecto Hidroeléctrico Palomino ,50000000.0,prestamos_sector_publico
Nicaragua,1263,2015,Sector Público,Proyecto Mejoramiento de los Tramos de la Carretera Nejapa el Crucero Diriamba Jinotepe Nandaime,55320174.78,prestamos_sector_publico
República Dominicana,1264,2024,Sector Público,Proyecto de Desarrollo Integral del Puerto de Haina,100000000.0,prestamos_sector_publico
Nicaragua,1265,1978,Sector Público,Construcción y Supervisión de la Sección II y del Ramal a San Miguelito (Sin Pavimentar) de la Carretera Acoyapa - San Carlos,11700000.0,prestamos_sector_publico
Nicaragua,1266,2002,Sector Público,Programa de Transformación Productiva (PTP),882051.45,prestamos_sector_publico
Panamá,1267,2022,Sector Público,Facilidad revolvente - Proyecto Corredor de las Playas ubicado en la provincia de Panamá Oeste,145000000.0,prestamos_sector_publico
Nicaragua,1268,1994,Sector Público,LC - Banco Central de Nicaragua,22000000.0,prestamos_sector_publico
Nicaragua,1269,2004,Sector Público,Estudios de Factibilidad de la Construcción del Proyecto Central Hidroeléctrica Larreynaga,1275000.0,prestamos_sector_publico
Nicaragua,1270,1994,Sector Público,CoProyecto Capitalización de los Pequeños Productores del Trópico Seco-Región I,2357394.0,prestamos_sector_publico
Nicaragua,1271,2005,Sector Público,Programa Global de Obras Múltiples para la Modernización de Enacal,11600000.0,prestamos_sector_publico
Nicaragua,1272,2005,Sector Público,Proyecto de Ampliación y Equipamiento para la Cobertura Rural y Municipal de la Policía Nacional de Nicaragua,5000000.0,prestamos_sector_publico
Panamá,1273,2017,Sector Público,Proyecto Campus Gorgas Fase I,70000000.0,prestamos_sector_publico
Nicaragua,1274,2014,Sector Público,Programa de Sostenibilidad del Sector Agua y Saneamiento Rural,30000000.0,prestamos_sector_publico
República Dominicana,1275,2020,Sector Público,LGC - Banco Nacional de las Exportaciones (BANDEX),30000000.0,prestamos_sector_publico
