_id,anio_aprobacion,cantidad,cantidad_aprobaciones,descripcion,descripcion_proyecto,fondo,modalidad,monto_bruto_usd,origen,pais,producto,sector_institucional,cantidad_unificada,descripcion_unificada,tipo_miembro
1,2010,1.0,,DI-137/2010 - Costa Rica (CRI) - Fondos Ordinarios - No Reembolsable - ,,Fondos Ordinarios,No Reembolsable,200000.0,cooperacion,Costa Rica,Ayuda de Emergencia y por Desastres Naturales,,1.0,DI-137/2010 - Costa Rica (CRI) - Fondos Ordinarios - No Reembolsable - ,Fundador
2,2010,1.0,,DI-13/2010 - El Salvador (SLV) - FONTEC - Fondo de Cooperación Técnica - Recuperación Contingente - ,,FONTEC - Fondo de Cooperación Técnica,Recuperación Contingente,200000.0,cooperacion,El Salvador,Cooperación Técnica,,1.0,DI-13/2010 - El Salvador (SLV) - FONTEC - Fondo de Cooperación Técnica - Recuperación Contingente - ,Fundador
3,2010,1.0,,DI-62/2010 - Honduras (HND) - Fondos Ordinarios - No Reembolsable - ,,Fondos Ordinarios,No Reembolsable,250000.0,cooperacion,Honduras,Ayuda de Emergencia y por Desastres Naturales,,1.0,DI-62/2010 - Honduras (HND) - Fondos Ordinarios - No Reembolsable - ,Fundador
4,2010,1.0,,DI-129/2010 - Guatemala (GTM) - FONTEC - Fondo de Cooperación Técnica - Recuperación Contingente - ,,FONTEC - Fondo de Cooperación Técnica,Recuperación Contingente,150000.0,cooperacion,Guatemala,Cooperación Técnica,,1.0,DI-129/2010 - Guatemala (GTM) - FONTEC - Fondo de Cooperación Técnica - Recuperación Contingente - ,Fundador
5,2020,1.0,,DI-137/2020 - Cuba (CUB) - Fondos Ordinarios - No Reembolsable - 500564,,Fondos Ordinarios,No Reembolsable,975175.88,cooperacion,Cuba,Ayuda de Emergencia y por Desastres Naturales,,1.0,DI-137/2020 - Cuba (CUB) - Fondos Ordinarios - No Reembolsable - 500564,Extrarregional
6,2010,1.0,,DI-159/2010 - Colombia (COL) - Fondos Ordinarios - No Reembolsable - ,,Fondos Ordinarios,No Reembolsable,200000.0,cooperacion,Colombia,Ayuda de Emergencia y por Desastres Naturales,,1.0,DI-159/2010 - Colombia (COL) - Fondos Ordinarios - No Reembolsable - ,Extrarregional
7,2013,1.0,,DI-38/2013 - Argentina (ARG) - Fondos Ordinarios - No Reembolsable - 302348,,Fondos Ordinarios,No Reembolsable,250000.0,cooperacion,Argentina,Ayuda de Emergencia y por Desastres Naturales,,1.0,DI-38/2013 - Argentina (ARG) - Fondos Ordinarios - No Reembolsable - 302348,Extrarregional
8,2010,1.0,,DI-4/2010 - Republica Dominicana (DOM) - Fondos Ordinarios - No Reembolsable - ,,Fondos Ordinarios,No Reembolsable,200000.0,cooperacion,República Dominicana,Ayuda de Emergencia y por Desastres Naturales,,1.0,DI-4/2010 - Republica Dominicana (DOM) - Fondos Ordinarios - No Reembolsable - ,Regional No-Fundador
9,2013,1.0,,DI-111/2013 - México (MEX) - Fondos Ordinarios - No Reembolsable - 302378,,Fondos Ordinarios,No Reembolsable,250000.0,cooperacion,México,Ayuda de Emergencia y por Desastres Naturales,,1.0,DI-111/2013 - México (MEX) - Fondos Ordinarios - No Reembolsable - 302378,Extrarregional
10,2010,1.0,,PRE-36/2010 - Belice (BLZ) - FONTEC - Fondo de Cooperación Técnica - Recuperación Contingente - ,,FONTEC - Fondo de Cooperación Técnica,Recuperación Contingente,25000.0,cooperacion,Belice,Cooperación Técnica,,1.0,PRE-36/2010 - Belice (BLZ) - FONTEC - Fondo de Cooperación Técnica - Recuperación Contingente - ,Regional No-Fundador
11,2010,1.0,,DI-73/2010 - Regional - FONTEC - Fondo de Cooperación Técnica - No Reembolsable - 302175,,FONTEC - Fondo de Cooperación Técnica,No Reembolsable,58004.82,cooperacion,Regional,Cooperación Técnica,,1.0,DI-73/2010 - Regional - FONTEC - Fondo de Cooperación Técnica - No Reembolsable - 302175,Sin clasificar
12,2011,1.0,,DI-159/2011 - Costa Rica (CRI) - FONTEC - Fondo de Cooperación Técnica - Recuperación Contingente - 302283,,FONTEC - Fondo de Cooperación Técnica,Recuperación Contingente,1236210.0,cooperacion,Costa Rica,Cooperación Técnica,,1.0,DI-159/2011 - Costa Rica (CRI) - FONTEC - Fondo de Cooperación Técnica - Recuperación Contingente - 302283,Fundador
13,2010,1.0,,DI-152/2010 - El Salvador (SLV) - FONTEC - Fondo de Cooperación Técnica - Recuperación Contingente - ,,FONTEC - Fondo de Cooperación Técnica,Recuperación Contingente,90000.0,cooperacion,El Salvador,Cooperación Técnica,,1.0,DI-152/2010 - El Salvador (SLV) - FONTEC - Fondo de Cooperación Técnica - Recuperación Contingente - ,Fundador
14,2010,1.0,,PRE-44/2010 - Honduras (HND) - FONTEC - Fondo de Cooperación Técnica - No Reembolsable - ,,FONTEC - Fondo de Cooperación Técnica,No Reembolsable,24960.0,cooperacion,Honduras,Cooperación Técnica,,1.0,PRE-44/2010 - Honduras (HND) - FONTEC - Fondo de Cooperación Técnica - No Reembolsable - ,Fundador
15,2010,1.0,,DI-62/2010 - Guatemala (GTM) - Fondos Ordinarios - No Reembolsable - ,,Fondos Ordinarios,No Reembolsable,250000.0,cooperacion,Guatemala,Ayuda de Emergencia y por Desastres Naturales,,1.0,DI-62/2010 - Guatemala (GTM) - Fondos Ordinarios - No Reembolsable - ,Fundador
16,2020,1.0,,Republic of Korea’s In-kind contribution to support Central America’s response to COVID-19,,KTF,No Reembolsable,333333.33,cooperacion,Cuba,Cooperación Técnica,,1.0,Republic of Korea’s In-kind contribution to support Central America’s response to COVID-19,Extrarregional
17,2011,1.0,,DI-21/2011 - Colombia (COL) - Fondos Ordinarios - No Reembolsable - ,,Fondos Ordinarios,No Reembolsable,200000.0,cooperacion,Colombia,Ayuda de Emergencia y por Desastres Naturales,,1.0,DI-21/2011 - Colombia (COL) - Fondos Ordinarios - No Reembolsable - ,Extrarregional
18,2016,1.0,,DI-14/2016 - Argentina (ARG) - Fondos Ordinarios - No Reembolsable - 500124,,Fondos Ordinarios,No Reembolsable,250000.0,cooperacion,Argentina,Ayuda de Emergencia y por Desastres Naturales,,1.0,DI-14/2016 - Argentina (ARG) - Fondos Ordinarios - No Reembolsable - 500124,Extrarregional
19,2017,1.0,,DI-02/2017 - Republica Dominicana (DOM) - Fondos Ordinarios - No Reembolsable - 500247,,Fondos Ordinarios,No Reembolsable,200000.0,cooperacion,República Dominicana,Ayuda de Emergencia y por Desastres Naturales,,1.0,DI-02/2017 - Republica Dominicana (DOM) - Fondos Ordinarios - No Reembolsable - 500247,Regional No-Fundador
20,2017,1.0,,DI-82/2017 - México (MEX) - Fondos Ordinarios - No Reembolsable - 500309,,Fondos Ordinarios,No Reembolsable,250000.0,cooperacion,México,Ayuda de Emergencia y por Desastres Naturales,,1.0,DI-82/2017 - México (MEX) - Fondos Ordinarios - No Reembolsable - 500309,Extrarregional
21,2019,1.0,,PRE-07/2019 - Belice (BLZ) - FONTEC - Fondo de Cooperación Técnica - No Reembolsable - 500409,,FONTEC - Fondo de Cooperación Técnica,No Reembolsable,25000.5,cooperacion,Belice,Cooperación Técnica,,1.0,PRE-07/2019 - Belice (BLZ) - FONTEC - Fondo de Cooperación Técnica - No Reembolsable - 500409,Regional No-Fundador
22,2011,1.0,,DI-167/2011 - Regional - Fondos Ordinarios - No Reembolsable - 302216,,Fondos Ordinarios,No Reembolsable,66020.0,cooperacion,Regional,Otras Cooperaciones Financieras,,1.0,DI-167/2011 - Regional - Fondos Ordinarios - No Reembolsable - 302216,Sin clasificar
23,2011,1.0,,PRE-36/2011 - Costa Rica (CRI) - FONTEC - Fondo de Cooperación Técnica - Recuperación Contingente - ,,FONTEC - Fondo de Cooperación Técnica,Recuperación Contingente,15000.0,cooperacion,Costa Rica,Cooperación Técnica,,1.0,PRE-36/2011 - Costa Rica (CRI) - FONTEC - Fondo de Cooperación Técnica - Recuperación Contingente - ,Fundador
24,2010,1.0,,DI-62/2010 - El Salvador (SLV) - Fondos Ordinarios - No Reembolsable - ,,Fondos Ordinarios,No Reembolsable,250000.0,cooperacion,El Salvador,Ayuda de Emergencia y por Desastres Naturales,,1.0,DI-62/2010 - El Salvador (SLV) - Fondos Ordinarios - No Reembolsable - ,Fundador
25,2011,1.0,,DI-110/2011 - Honduras (HND) - FONTEC - Fondo de Cooperación Técnica - Recuperación Contingente - 302168,,FONTEC - Fondo de Cooperación Técnica,Recuperación Contingente,6000000.0,cooperacion,Honduras,Cooperación Técnica,,1.0,DI-110/2011 - Honduras (HND) - FONTEC - Fondo de Cooperación Técnica - Recuperación Contingente - 302168,Fundador
26,2011,1.0,,DI-11/2011 - Guatemala (GTM) - Fondos Ordinarios - No Reembolsable - 302130,,Fondos Ordinarios,No Reembolsable,1000000.0,cooperacion,Guatemala,Cooperación de Países Fundadores y Regionales no Fundadores,,1.0,DI-11/2011 - Guatemala (GTM) - Fondos Ordinarios - No Reembolsable - 302130,Fundador
27,2022,1.0,,DI-140/2022 - Cuba (CUB) - Fondos Ordinarios - No Reembolsable - 500892,,Fondos Ordinarios,No Reembolsable,208460.0,cooperacion,Cuba,Ayuda de Emergencia y por Desastres Naturales,,1.0,DI-140/2022 - Cuba (CUB) - Fondos Ordinarios - No Reembolsable - 500892,Extrarregional
28,2017,1.0,,DI-29/2017 - Colombia (COL) - Fondos Ordinarios - No Reembolsable - 500275,,Fondos Ordinarios,No Reembolsable,250000.0,cooperacion,Colombia,Ayuda de Emergencia y por Desastres Naturales,,1.0,DI-29/2017 - Colombia (COL) - Fondos Ordinarios - No Reembolsable - 500275,Extrarregional
29,2020,1.0,,DI-43/2020 - Argentina (ARG) - Fondos Ordinarios - No Reembolsable - 500535,,Fondos Ordinarios,No Reembolsable,1000000.0,cooperacion,Argentina,Ayuda de Emergencia y por Desastres Naturales,,1.0,DI-43/2020 - Argentina (ARG) - Fondos Ordinarios - No Reembolsable - 500535,Extrarregional
30,2019,1.0,,PRE-26/2019 - Republica Dominicana (DOM) - FONTEC - Fondo de Cooperación Técnica - No Reembolsable - 500433,,FONTEC - Fondo de Cooperación Técnica,No Reembolsable,36540.0,cooperacion,República Dominicana,Cooperación Técnica,,1.0,PRE-26/2019 - Republica Dominicana (DOM) - FONTEC - Fondo de Cooperación Técnica - No Reembolsable - 500433,Regional No-Fundador
31,2017,1.0,,DI-83/2017 - México (MEX) - Fondos Ordinarios - No Reembolsable - 500310,,Fondos Ordinarios,No Reembolsable,250000.0,cooperacion,México,Ayuda de Emergencia y por Desastres Naturales,,1.0,DI-83/2017 - México (MEX) - Fondos Ordinarios - No Reembolsable - 500310,Extrarregional
32,2020,1.0,,DI-21/2020 - Belice (BLZ) - Fondos Ordinarios - No Reembolsable - 500526,,Fondos Ordinarios,No Reembolsable,1000000.0,cooperacion,Belice,Ayuda de Emergencia y por Desastres Naturales,,1.0,DI-21/2020 - Belice (BLZ) - Fondos Ordinarios - No Reembolsable - 500526,Regional No-Fundador
33,2016,1.0,,DI-24/2016 - Regional - FONTEC - Fondo de Cooperación Técnica - No Reembolsable - 500128,,FONTEC - Fondo de Cooperación Técnica,No Reembolsable,1500000.0,cooperacion,Regional,Cooperación Técnica,,1.0,DI-24/2016 - Regional - FONTEC - Fondo de Cooperación Técnica - No Reembolsable - 500128,Sin clasificar
34,2012,1.0,,DI-156/2012 - Costa Rica (CRI) - Fondos Ordinarios - No Reembolsable - 302247,,Fondos Ordinarios,No Reembolsable,1000000.0,cooperacion,Costa Rica,Cooperación de Países Fundadores y Regionales no Fundadores,,1.0,DI-156/2012 - Costa Rica (CRI) - Fondos Ordinarios - No Reembolsable - 302247,Fundador
35,2010,1.0,,PRE-55/2010 - El Salvador (SLV) - FONTEC - Fondo de Cooperación Técnica - Recuperación Contingente - ,,FONTEC - Fondo de Cooperación Técnica,Recuperación Contingente,6000.0,cooperacion,El Salvador,Cooperación Técnica,,1.0,PRE-55/2010 - El Salvador (SLV) - FONTEC - Fondo de Cooperación Técnica - Recuperación Contingente - ,Fundador
36,2011,1.0,,DI-124/2011 - Honduras (HND) - Fondos Ordinarios - No Reembolsable - 302196,,Fondos Ordinarios,No Reembolsable,250000.0,cooperacion,Honduras,Ayuda de Emergencia y por Desastres Naturales,,1.0,DI-124/2011 - Honduras (HND) - Fondos Ordinarios - No Reembolsable - 302196,Fundador
37,2011,1.0,,DI-118/2011 - Guatemala (GTM) - Fondos Ordinarios - No Reembolsable - 302192,,Fondos Ordinarios,No Reembolsable,200000.0,cooperacion,Guatemala,Ayuda de Emergencia y por Desastres Naturales,,1.0,DI-118/2011 - Guatemala (GTM) - Fondos Ordinarios - No Reembolsable - 302192,Fundador
38,2024,1.0,,PRE-33/2024 - Cuba (CUB) - FONTEC - Fondo de Cooperación Técnica - No Reembolsable - 501062,,FONTEC - Fondo de Cooperación Técnica,No Reembolsable,56488.06,cooperacion,Cuba,Cooperación Técnica,,1.0,PRE-33/2024 - Cuba (CUB) - FONTEC - Fondo de Cooperación Técnica - No Reembolsable - 501062,Extrarregional
39,2020,1.0,,DI-140/2020 - Colombia (COL) - Fondos Ordinarios - No Reembolsable - 500662,,Fondos Ordinarios,No Reembolsable,500000.0,cooperacion,Colombia,Ayuda de Emergencia y por Desastres Naturales,,1.0,DI-140/2020 - Colombia (COL) - Fondos Ordinarios - No Reembolsable - 500662,Extrarregional
40,2022,1.0,,DI-28/2022 - Argentina (ARG) - Fondos Ordinarios - No Reembolsable - 500821,,Fondos Ordinarios,No Reembolsable,250000.0,cooperacion,Argentina,Ayuda de Emergencia y por Desastres Naturales,,1.0,DI-28/2022 - Argentina (ARG) - Fondos Ordinarios - No Reembolsable - 500821,Extrarregional
41,2020,1.0,,DI-21/2020 - Republica Dominicana (DOM) - Fondos Ordinarios - No Reembolsable - 500527,,Fondos Ordinarios,No Reembolsable,1000000.0,cooperacion,República Dominicana,Ayuda de Emergencia y por Desastres Naturales,,1.0,DI-21/2020 - Republica Dominicana (DOM) - Fondos Ordinarios - No Reembolsable - 500527,Regional No-Fundador
42,2020,1.0,,DI-25/2020 - México (MEX) - Fondos Ordinarios - No Reembolsable - 500529,,Fondos Ordinarios,No Reembolsable,1000000.0,cooperacion,México,Ayuda de Emergencia y por Desastres Naturales,,1.0,DI-25/2020 - México (MEX) - Fondos Ordinarios - No Reembolsable - 500529,Extrarregional
43,2020,1.0,,Republic of Korea’s In-kind contribution to support Central America’s response to COVID-19,,KTF,No Reembolsable,333333.33,cooperacion,Belice,Cooperación Técnica,,1.0,Republic of Korea’s In-kind contribution to support Central America’s response to COVID-19,Regional No-Fundador
44,2016,1.0,,PRE-43/2016 - Regional - FONTEC - Fondo de Cooperación Técnica - No Reembolsable - 500199,,FONTEC - Fondo de Cooperación Técnica,No Reembolsable,441000.0,cooperacion,Regional,Cooperación Técnica,,1.0,PRE-43/2016 - Regional - FONTEC - Fondo de Cooperación Técnica - No Reembolsable - 500199,Sin clasificar
45,2012,1.0,,DI-56/2012 - Costa Rica (CRI) - FONTEC - Fondo de Cooperación Técnica - Recuperación Contingente - 302284,,FONTEC - Fondo de Cooperación Técnica,Recuperación Contingente,419410.0,cooperacion,Costa Rica,Cooperación Técnica,,1.0,DI-56/2012 - Costa Rica (CRI) - FONTEC - Fondo de Cooperación Técnica - Recuperación Contingente - 302284,Fundador
46,2011,1.0,,DI-120/2011 - El Salvador (SLV) - Fondos Ordinarios - No Reembolsable - 302194,,Fondos Ordinarios,No Reembolsable,250000.0,cooperacion,El Salvador,Ayuda de Emergencia y por Desastres Naturales,,1.0,DI-120/2011 - El Salvador (SLV) - Fondos Ordinarios - No Reembolsable - 302194,Fundador
47,2011,1.0,,DI-164/2011 - Honduras (HND) - Fondos Ordinarios - No Reembolsable - 302218,,Fondos Ordinarios,No Reembolsable,1000000.0,cooperacion,Honduras,Cooperación de Países Fundadores y Regionales no Fundadores,,1.0,DI-164/2011 - Honduras (HND) - Fondos Ordinarios - No Reembolsable - 302218,Fundador
48,2011,1.0,,DI-126/2011 - Guatemala (GTM) - Fondos Ordinarios - No Reembolsable - ,,Fondos Ordinarios,No Reembolsable,200000.0,cooperacion,Guatemala,Ayuda de Emergencia y por Desastres Naturales,,1.0,DI-126/2011 - Guatemala (GTM) - Fondos Ordinarios - No Reembolsable - ,Fundador
49,2025,1.0,,DI-58/2025 - Cuba (CUB) - Fondos Ordinarios - No Reembolsable - 501237,,Fondos Ordinarios,No Reembolsable,250000.0,cooperacion,Cuba,Ayuda de Emergencia y por Desastres Naturales,,1.0,DI-58/2025 - Cuba (CUB) - Fondos Ordinarios - No Reembolsable - 501237,Extrarregional
50,2020,1.0,,DI-42/2020 - Colombia (COL) - Fondos Ordinarios - No Reembolsable - 500531,,Fondos Ordinarios,No Reembolsable,1000000.0,cooperacion,Colombia,Ayuda de Emergencia y por Desastres Naturales,,1.0,DI-42/2020 - Colombia (COL) - Fondos Ordinarios - No Reembolsable - 500531,Extrarregional
51,2022,1.0,,PRE-153/2022 - Argentina (ARG) - FONTEC - Fondo de Cooperación Técnica - No Reembolsable - 500912,,FONTEC - Fondo de Cooperación Técnica,No Reembolsable,99750.0,cooperacion,Argentina,Cooperación Técnica,,1.0,PRE-153/2022 - Argentina (ARG) - FONTEC - Fondo de Cooperación Técnica - No Reembolsable - 500912,Extrarregional
52,2020,1.0,,Integration of Battery Energy Storage Systems (BESS) in CA,,KTF,No Reembolsable,58333.33,cooperacion,República Dominicana,Cooperación Técnica,,1.0,Integration of Battery Energy Storage Systems (BESS) in CA,Regional No-Fundador
53,2023,1.0,,DI-125/2023 - México (MEX) - Fondos Ordinarios - No Reembolsable - 501093,,Fondos Ordinarios,No Reembolsable,500000.0,cooperacion,México,Ayuda de Emergencia y por Desastres Naturales,,1.0,DI-125/2023 - México (MEX) - Fondos Ordinarios - No Reembolsable - 501093,Extrarregional
54,2021,1.0,,DI-03/2021 - Belice (BLZ) - Fondos Ordinarios - No Reembolsable - 500672,,Fondos Ordinarios,No Reembolsable,500000.0,cooperacion,Belice,Ayuda de Emergencia y por Desastres Naturales,,1.0,DI-03/2021 - Belice (BLZ) - Fondos Ordinarios - No Reembolsable - 500672,Regional No-Fundador
55,2017,1.0,,DI-19/2017 - Regional - FONTEC - Fondo de Cooperación Técnica - No Reembolsable - 500261,,FONTEC - Fondo de Cooperación Técnica,No Reembolsable,2793105.0,cooperacion,Regional,Cooperación Técnica,,1.0,DI-19/2017 - Regional - FONTEC - Fondo de Cooperación Técnica - No Reembolsable - 500261,Sin clasificar
56,2012,1.0,,DI-94/2012 - Costa Rica (CRI) - FONTEC - Fondo de Cooperación Técnica - Recuperación Contingente - 302264,,FONTEC - Fondo de Cooperación Técnica,Recuperación Contingente,856800.0,cooperacion,Costa Rica,Cooperación Técnica,,1.0,DI-94/2012 - Costa Rica (CRI) - FONTEC - Fondo de Cooperación Técnica - Recuperación Contingente - 302264,Fundador
57,2012,1.0,,DI-109/2012 - El Salvador (SLV) - Fondos Ordinarios - No Reembolsable - 302289,,Fondos Ordinarios,No Reembolsable,1000000.0,cooperacion,El Salvador,Cooperación de Países Fundadores y Regionales no Fundadores,,1.0,DI-109/2012 - El Salvador (SLV) - Fondos Ordinarios - No Reembolsable - 302289,Fundador
58,2011,1.0,,PRE-24/2011 - Honduras (HND) - FONTEC - Fondo de Cooperación Técnica - No Reembolsable - ,,FONTEC - Fondo de Cooperación Técnica,No Reembolsable,25000.0,cooperacion,Honduras,Cooperación Técnica,,1.0,PRE-24/2011 - Honduras (HND) - FONTEC - Fondo de Cooperación Técnica - No Reembolsable - ,Fundador
59,2011,1.0,,DI-157/2011 - Guatemala (GTM) - FONTEC - Fondo de Cooperación Técnica - Reembolsable - 302188,,FONTEC - Fondo de Cooperación Técnica,Reembolsable,198500.0,cooperacion,Guatemala,Cooperación Técnica,,1.0,DI-157/2011 - Guatemala (GTM) - FONTEC - Fondo de Cooperación Técnica - Reembolsable - 302188,Fundador
60,2020,1.0,,PRE-101/2020 - Colombia (COL) - FONTEC - Fondo de Cooperación Técnica - No Reembolsable - 500651,,FONTEC - Fondo de Cooperación Técnica,No Reembolsable,99750.0,cooperacion,Colombia,Cooperación Técnica,,1.0,PRE-101/2020 - Colombia (COL) - FONTEC - Fondo de Cooperación Técnica - No Reembolsable - 500651,Extrarregional
61,2025,1.0,,PRE-56/2025 - Argentina (ARG) - FONTEC - Fondo de Cooperación Técnica - No Reembolsable - 501188,,FONTEC - Fondo de Cooperación Técnica,No Reembolsable,99750.0,cooperacion,Argentina,Cooperación Técnica,,1.0,PRE-56/2025 - Argentina (ARG) - FONTEC - Fondo de Cooperación Técnica - No Reembolsable - 501188,Extrarregional
62,2020,1.0,,Republic of Korea’s In-kind contribution to support Central America’s response to COVID-19,,KTF,No Reembolsable,333333.33,cooperacion,República Dominicana,Cooperación Técnica,,1.0,Republic of Korea’s In-kind contribution to support Central America’s response to COVID-19,Regional No-Fundador
63,2021,1.0,,DI-22/2021 - Belice (BLZ) - Fondos Ordinarios - No Reembolsable - 500731,,Fondos Ordinarios,No Reembolsable,500000.0,cooperacion,Belice,Ayuda de Emergencia y por Desastres Naturales,,1.0,DI-22/2021 - Belice (BLZ) - Fondos Ordinarios - No Reembolsable - 500731,Regional No-Fundador
64,2017,1.0,,PRE-26/2017 - Regional - FONTEC - Fondo de Cooperación Técnica - No Reembolsable - 500282,,FONTEC - Fondo de Cooperación Técnica,No Reembolsable,360500.0,cooperacion,Regional,Cooperación Técnica,,1.0,PRE-26/2017 - Regional - FONTEC - Fondo de Cooperación Técnica - No Reembolsable - 500282,Sin clasificar
65,2012,1.0,,PRE-11/2012 - Costa Rica (CRI) - FONTEC - Fondo de Cooperación Técnica - No Reembolsable - 302208,,FONTEC - Fondo de Cooperación Técnica,No Reembolsable,20000.0,cooperacion,Costa Rica,Cooperación Técnica,,1.0,PRE-11/2012 - Costa Rica (CRI) - FONTEC - Fondo de Cooperación Técnica - No Reembolsable - 302208,Fundador
66,2012,1.0,,DI-54/2012 - El Salvador (SLV) - FONTEC - Fondo de Cooperación Técnica - Recuperación Contingente - 302256,,FONTEC - Fondo de Cooperación Técnica,Recuperación Contingente,200000.0,cooperacion,El Salvador,Cooperación Técnica,,1.0,DI-54/2012 - El Salvador (SLV) - FONTEC - Fondo de Cooperación Técnica - Recuperación Contingente - 302256,Fundador
67,2011,1.0,,PRE-33/2011 - Honduras (HND) - FONTEC - Fondo de Cooperación Técnica - Recuperación Contingente - ,,FONTEC - Fondo de Cooperación Técnica,Recuperación Contingente,6000.0,cooperacion,Honduras,Cooperación Técnica,,1.0,PRE-33/2011 - Honduras (HND) - FONTEC - Fondo de Cooperación Técnica - Recuperación Contingente - ,Fundador
68,2011,1.0,,DI-24/2011 - Guatemala (GTM) - FONTEC - Fondo de Cooperación Técnica - Recuperación Contingente - 302158,,FONTEC - Fondo de Cooperación Técnica,Recuperación Contingente,1000000.0,cooperacion,Guatemala,Cooperación Técnica,,1.0,DI-24/2011 - Guatemala (GTM) - FONTEC - Fondo de Cooperación Técnica - Recuperación Contingente - 302158,Fundador
69,2022,1.0,,PRE-63/2022 - Colombia (COL) - FONTEC - Fondo de Cooperación Técnica - No Reembolsable - 500770,,FONTEC - Fondo de Cooperación Técnica,No Reembolsable,99750.0,cooperacion,Colombia,Cooperación Técnica,,1.0,PRE-63/2022 - Colombia (COL) - FONTEC - Fondo de Cooperación Técnica - No Reembolsable - 500770,Extrarregional
70,2021,1.0,,Development of the Santiago of los Caballeros Railway Line ,,KTF,No Reembolsable,630000.0,cooperacion,República Dominicana,Cooperación Técnica,,1.0,Development of the Santiago of los Caballeros Railway Line ,Regional No-Fundador
71,2021,1.0,,PRE-93/2021 - Belice (BLZ) - FONTEC - Fondo de Cooperación Técnica - No Reembolsable - 500768,,FONTEC - Fondo de Cooperación Técnica,No Reembolsable,99750.0,cooperacion,Belice,Cooperación Técnica,,1.0,PRE-93/2021 - Belice (BLZ) - FONTEC - Fondo de Cooperación Técnica - No Reembolsable - 500768,Regional No-Fundador
72,2017,1.0,,PRE-47/2017 - Regional - FONTEC - Fondo de Cooperación Técnica - No Reembolsable - 500307,,FONTEC - Fondo de Cooperación Técnica,No Reembolsable,36750.0,cooperacion,Regional,Cooperación Técnica,,1.0,PRE-47/2017 - Regional - FONTEC - Fondo de Cooperación Técnica - No Reembolsable - 500307,Sin clasificar
73,2012,1.0,,PRE-57/2012 - Costa Rica (CRI) - FONTEC - Fondo de Cooperación Técnica - Recuperación Contingente - 302296,,FONTEC - Fondo de Cooperación Técnica,Recuperación Contingente,15000.0,cooperacion,Costa Rica,Cooperación Técnica,,1.0,PRE-57/2012 - Costa Rica (CRI) - FONTEC - Fondo de Cooperación Técnica - Recuperación Contingente - 302296,Fundador
74,2012,1.0,,DI-8/2012 - El Salvador (SLV) - FONTEC - Fondo de Cooperación Técnica - Recuperación Contingente - 302430,,FONTEC - Fondo de Cooperación Técnica,Recuperación Contingente,650000.0,cooperacion,El Salvador,Cooperación Técnica,,1.0,DI-8/2012 - El Salvador (SLV) - FONTEC - Fondo de Cooperación Técnica - Recuperación Contingente - 302430,Fundador
75,2012,1.0,,DI-118/2012 - Honduras (HND) - FONTEC - Fondo de Cooperación Técnica - Recuperación Contingente - ,,FONTEC - Fondo de Cooperación Técnica,Recuperación Contingente,278400.0,cooperacion,Honduras,Cooperación Técnica,,1.0,DI-118/2012 - Honduras (HND) - FONTEC - Fondo de Cooperación Técnica - Recuperación Contingente - ,Fundador
76,2012,1.0,,DI-136/2012 - Guatemala (GTM) - Fondos Ordinarios - No Reembolsable - 302315,,Fondos Ordinarios,No Reembolsable,250000.0,cooperacion,Guatemala,Ayuda de Emergencia y por Desastres Naturales,,1.0,DI-136/2012 - Guatemala (GTM) - Fondos Ordinarios - No Reembolsable - 302315,Fundador
77,2022,1.0,,PRE-66/2022 - Colombia (COL) - FONTEC - Fondo de Cooperación Técnica - Recuperación Contingente - 500798,,FONTEC - Fondo de Cooperación Técnica,Recuperación Contingente,249338.11,cooperacion,Colombia,Cooperación Técnica,,1.0,PRE-66/2022 - Colombia (COL) - FONTEC - Fondo de Cooperación Técnica - Recuperación Contingente - 500798,Extrarregional
78,2021,1.0,,DI-103/2021 - Republica Dominicana (DOM) - FONTEC - Fondo de Cooperación Técnica - No Reembolsable - 500737,,FONTEC - Fondo de Cooperación Técnica,No Reembolsable,550000.0,cooperacion,República Dominicana,Cooperación Técnica,,1.0,DI-103/2021 - Republica Dominicana (DOM) - FONTEC - Fondo de Cooperación Técnica - No Reembolsable - 500737,Regional No-Fundador
79,2022,1.0,,DI-179/2022 - Belice (BLZ) - Fondos Ordinarios - No Reembolsable - 500915,,Fondos Ordinarios,No Reembolsable,1000000.0,cooperacion,Belice,Ayuda de Emergencia y por Desastres Naturales,,1.0,DI-179/2022 - Belice (BLZ) - Fondos Ordinarios - No Reembolsable - 500915,Regional No-Fundador
80,2017,1.0,,PRE-63/2017 - Regional - FONTEC - Fondo de Cooperación Técnica - No Reembolsable - 500323,,FONTEC - Fondo de Cooperación Técnica,No Reembolsable,731953.2,cooperacion,Regional,Cooperación Técnica,,1.0,PRE-63/2017 - Regional - FONTEC - Fondo de Cooperación Técnica - No Reembolsable - 500323,Sin clasificar
81,2013,1.0,,DI-23/2013 - Costa Rica (CRI) - FONTEC - Fondo de Cooperación Técnica - Recuperación Contingente - ,,FONTEC - Fondo de Cooperación Técnica,Recuperación Contingente,2275000.0,cooperacion,Costa Rica,Cooperación Técnica,,1.0,DI-23/2013 - Costa Rica (CRI) - FONTEC - Fondo de Cooperación Técnica - Recuperación Contingente - ,Fundador
82,2015,1.0,,DI-106/2015 - El Salvador (SLV) - FONTEC - Fondo de Cooperación Técnica - No Reembolsable - 500130,,FONTEC - Fondo de Cooperación Técnica,No Reembolsable,100000.0,cooperacion,El Salvador,Cooperación Técnica,,1.0,DI-106/2015 - El Salvador (SLV) - FONTEC - Fondo de Cooperación Técnica - No Reembolsable - 500130,Fundador
83,2012,1.0,,DI-126/2012 - Honduras (HND) - FONTEC - Fondo de Cooperación Técnica - No Reembolsable - ,,FONTEC - Fondo de Cooperación Técnica,No Reembolsable,317994.0,cooperacion,Honduras,Cooperación Técnica,,1.0,DI-126/2012 - Honduras (HND) - FONTEC - Fondo de Cooperación Técnica - No Reembolsable - ,Fundador
84,2012,1.0,,DI-26/2012 - Guatemala (GTM) - Fondos Ordinarios - No Reembolsable - 302228,,Fondos Ordinarios,No Reembolsable,1000000.0,cooperacion,Guatemala,Cooperación de Países Fundadores y Regionales no Fundadores,,1.0,DI-26/2012 - Guatemala (GTM) - Fondos Ordinarios - No Reembolsable - 302228,Fundador
85,2022,1.0,,PRE-76/2022 - Colombia (COL) - FONTEC - Fondo de Cooperación Técnica - No Reembolsable - 500863,,FONTEC - Fondo de Cooperación Técnica,No Reembolsable,99750.0,cooperacion,Colombia,Cooperación Técnica,,1.0,PRE-76/2022 - Colombia (COL) - FONTEC - Fondo de Cooperación Técnica - No Reembolsable - 500863,Extrarregional
86,2021,1.0,,DI-108/2021 - Republica Dominicana (DOM) - Fondos Ordinarios - No Reembolsable - 500742,,Fondos Ordinarios,No Reembolsable,1000000.0,cooperacion,República Dominicana,Cooperación de Países Fundadores y Regionales no Fundadores,,1.0,DI-108/2021 - Republica Dominicana (DOM) - Fondos Ordinarios - No Reembolsable - 500742,Regional No-Fundador
87,2022,1.0,,Modernization of Hospitals and Healthcare Services in Belize,,KTF,No Reembolsable,950000.0,cooperacion,Belice,Cooperación Técnica,,1.0,Modernization of Hospitals and Healthcare Services in Belize,Regional No-Fundador
88,2018,1.0,,PRE-27/2018 - Regional - FONTEC - Fondo de Cooperación Técnica - No Reembolsable - 500358,,FONTEC - Fondo de Cooperación Técnica,No Reembolsable,125475.0,cooperacion,Regional,Cooperación Técnica,,1.0,PRE-27/2018 - Regional - FONTEC - Fondo de Cooperación Técnica - No Reembolsable - 500358,Sin clasificar
89,2015,1.0,,DI-106/2015 - Costa Rica (CRI) - FONTEC - Fondo de Cooperación Técnica - No Reembolsable - 500137,,FONTEC - Fondo de Cooperación Técnica,No Reembolsable,100000.0,cooperacion,Costa Rica,Cooperación Técnica,,1.0,DI-106/2015 - Costa Rica (CRI) - FONTEC - Fondo de Cooperación Técnica - No Reembolsable - 500137,Fundador
90,2015,1.0,,DI-106/2015 - El Salvador (SLV) - FONTEC - Fondo de Cooperación Técnica - No Reembolsable - 500233,,FONTEC - Fondo de Cooperación Técnica,No Reembolsable,250000.0,cooperacion,El Salvador,Cooperación Técnica,,1.0,DI-106/2015 - El Salvador (SLV) - FONTEC - Fondo de Cooperación Técnica - No Reembolsable - 500233,Fundador
91,2014,1.0,,PRE-21/2014 - Honduras (HND) - FONTEC - Fondo de Cooperación Técnica - Recuperación Contingente - 302434,,FONTEC - Fondo de Cooperación Técnica,Recuperación Contingente,5500.0,cooperacion,Honduras,Cooperación Técnica,,1.0,PRE-21/2014 - Honduras (HND) - FONTEC - Fondo de Cooperación Técnica - Recuperación Contingente - 302434,Fundador
92,2012,1.0,,PRE-7/2012 - Guatemala (GTM) - FONTEC - Fondo de Cooperación Técnica - Recuperación Contingente - 302207,,FONTEC - Fondo de Cooperación Técnica,Recuperación Contingente,15000.0,cooperacion,Guatemala,Cooperación Técnica,,1.0,PRE-7/2012 - Guatemala (GTM) - FONTEC - Fondo de Cooperación Técnica - Recuperación Contingente - 302207,Fundador
93,2022,1.0,,PRE-88/2022 - Colombia (COL) - FONTEC - Fondo de Cooperación Técnica - No Reembolsable - 500859,,FONTEC - Fondo de Cooperación Técnica,No Reembolsable,99478.79,cooperacion,Colombia,Cooperación Técnica,,1.0,PRE-88/2022 - Colombia (COL) - FONTEC - Fondo de Cooperación Técnica - No Reembolsable - 500859,Extrarregional
94,2021,1.0,,DI-129/2021 - Republica Dominicana (DOM) - Fondos Ordinarios - No Reembolsable - 500756,,Fondos Ordinarios,No Reembolsable,1000000.0,cooperacion,República Dominicana,Ayuda de Emergencia y por Desastres Naturales,,1.0,DI-129/2021 - Republica Dominicana (DOM) - Fondos Ordinarios - No Reembolsable - 500756,Regional No-Fundador
95,2023,1.0,,DI-1/2023 - Belice (BLZ) - Fondos Ordinarios - No Reembolsable - DI-1/2023,,Fondos Ordinarios,No Reembolsable,974037.02,cooperacion,Belice,Otras Cooperaciones Financieras,,1.0,DI-1/2023 - Belice (BLZ) - Fondos Ordinarios - No Reembolsable - DI-1/2023,Regional No-Fundador
96,2019,1.0,,PRE-24/2019 - Regional - FONTEC - Fondo de Cooperación Técnica - No Reembolsable - 500427,,FONTEC - Fondo de Cooperación Técnica,No Reembolsable,525000.0,cooperacion,Regional,Cooperación Técnica,,1.0,PRE-24/2019 - Regional - FONTEC - Fondo de Cooperación Técnica - No Reembolsable - 500427,Sin clasificar
97,2015,1.0,,DI-122/2015 - Costa Rica (CRI) - Fondos Ordinarios - No Reembolsable - ,,Fondos Ordinarios,No Reembolsable,1000000.0,cooperacion,Costa Rica,Cooperación de Países Fundadores y Regionales no Fundadores,,1.0,DI-122/2015 - Costa Rica (CRI) - Fondos Ordinarios - No Reembolsable - ,Fundador
98,2015,1.0,,DI-96/2015 - El Salvador (SLV) - Fondos Ordinarios - No Reembolsable - 500096,,Fondos Ordinarios,No Reembolsable,250000.0,cooperacion,El Salvador,Ayuda de Emergencia y por Desastres Naturales,,1.0,DI-96/2015 - El Salvador (SLV) - Fondos Ordinarios - No Reembolsable - 500096,Fundador
99,2015,1.0,,DI-106/2015 - Honduras (HND) - FONTEC - Fondo de Cooperación Técnica - No Reembolsable - 500162,,FONTEC - Fondo de Cooperación Técnica,No Reembolsable,100000.0,cooperacion,Honduras,Cooperación Técnica,,1.0,DI-106/2015 - Honduras (HND) - FONTEC - Fondo de Cooperación Técnica - No Reembolsable - 500162,Fundador
100,2013,1.0,,PRE-54/2013 - Guatemala (GTM) - FONTEC - Fondo de Cooperación Técnica - Recuperación Contingente - 302364,,FONTEC - Fondo de Cooperación Técnica,Recuperación Contingente,9000.0,cooperacion,Guatemala,Cooperación Técnica,,1.0,PRE-54/2013 - Guatemala (GTM) - FONTEC - Fondo de Cooperación Técnica - Recuperación Contingente - 302364,Fundador
101,2023,1.0,,PRE-33/2023 - Colombia (COL) - FONTEC - Fondo de Cooperación Técnica - No Reembolsable - 500931,,FONTEC - Fondo de Cooperación Técnica,No Reembolsable,99750.0,cooperacion,Colombia,Cooperación Técnica,,1.0,PRE-33/2023 - Colombia (COL) - FONTEC - Fondo de Cooperación Técnica - No Reembolsable - 500931,Extrarregional
102,2021,1.0,,DI-13/2021 - Republica Dominicana (DOM) - Fondos Ordinarios - No Reembolsable - 500666,,Fondos Ordinarios,No Reembolsable,500000.0,cooperacion,República Dominicana,Ayuda de Emergencia y por Desastres Naturales,,1.0,DI-13/2021 - Republica Dominicana (DOM) - Fondos Ordinarios - No Reembolsable - 500666,Regional No-Fundador
103,2023,1.0,,PRE-10/2023 - Belice (BLZ) - FONTEC - Fondo de Cooperación Técnica - No Reembolsable - 500928,,FONTEC - Fondo de Cooperación Técnica,No Reembolsable,29925.0,cooperacion,Belice,Cooperación Técnica,,1.0,PRE-10/2023 - Belice (BLZ) - FONTEC - Fondo de Cooperación Técnica - No Reembolsable - 500928,Regional No-Fundador
104,2019,1.0,,PRE-36/2019 - Regional - FONTEC - Fondo de Cooperación Técnica - No Reembolsable - 500434,,FONTEC - Fondo de Cooperación Técnica,No Reembolsable,34755.0,cooperacion,Regional,Cooperación Técnica,,1.0,PRE-36/2019 - Regional - FONTEC - Fondo de Cooperación Técnica - No Reembolsable - 500434,Sin clasificar
105,2015,1.0,,DI-29/2015 - Costa Rica (CRI) - FONTEC - Fondo de Cooperación Técnica - Recuperación Contingente - 500021,,FONTEC - Fondo de Cooperación Técnica,Recuperación Contingente,1488962.2,cooperacion,Costa Rica,Cooperación Técnica,,1.0,DI-29/2015 - Costa Rica (CRI) - FONTEC - Fondo de Cooperación Técnica - Recuperación Contingente - 500021,Fundador
106,2015,1.0,,PRE-12/2015 - El Salvador (SLV) - FONTEC - Fondo de Cooperación Técnica - No Reembolsable - 500026,,FONTEC - Fondo de Cooperación Técnica,No Reembolsable,25000.0,cooperacion,El Salvador,Cooperación Técnica,,1.0,PRE-12/2015 - El Salvador (SLV) - FONTEC - Fondo de Cooperación Técnica - No Reembolsable - 500026,Fundador
107,2015,1.0,,DI-81/2015 - Honduras (HND) - Fondos Ordinarios - No Reembolsable - 500079,,Fondos Ordinarios,No Reembolsable,250000.0,cooperacion,Honduras,Ayuda de Emergencia y por Desastres Naturales,,1.0,DI-81/2015 - Honduras (HND) - Fondos Ordinarios - No Reembolsable - 500079,Fundador
108,2014,1.0,,DI-64/2014 - Guatemala (GTM) - Fondos Ordinarios - No Reembolsable - 302454,,Fondos Ordinarios,No Reembolsable,250000.0,cooperacion,Guatemala,Ayuda de Emergencia y por Desastres Naturales,,1.0,DI-64/2014 - Guatemala (GTM) - Fondos Ordinarios - No Reembolsable - 302454,Fundador
109,2025,1.0,,PRE-42/2025 - Colombia (COL) - FONTEC - Fondo de Cooperación Técnica - No Reembolsable - 501164,,FONTEC - Fondo de Cooperación Técnica,No Reembolsable,99744.75,cooperacion,Colombia,Cooperación Técnica,,1.0,PRE-42/2025 - Colombia (COL) - FONTEC - Fondo de Cooperación Técnica - No Reembolsable - 501164,Extrarregional
110,2021,1.0,,DI-22/2021 - Republica Dominicana (DOM) - Fondos Ordinarios - No Reembolsable - 500693,,Fondos Ordinarios,No Reembolsable,500000.0,cooperacion,República Dominicana,Ayuda de Emergencia y por Desastres Naturales,,1.0,DI-22/2021 - Republica Dominicana (DOM) - Fondos Ordinarios - No Reembolsable - 500693,Regional No-Fundador
111,2023,1.0,,PRE-115/2023 - Belice (BLZ) - TCPT - Taiwan CABEI Partnership Trust Fund - No Reembolsable - 501072,,TCPT - Taiwan CABEI Partnership Trust Fund,No Reembolsable,400000.0,cooperacion,Belice,Cooperación Técnica,,1.0,PRE-115/2023 - Belice (BLZ) - TCPT - Taiwan CABEI Partnership Trust Fund - No Reembolsable - 501072,Regional No-Fundador
112,2019,1.0,,PRE-50/2019 - Regional - FONTEC - Fondo de Cooperación Técnica - No Reembolsable - 500438,,FONTEC - Fondo de Cooperación Técnica,No Reembolsable,36220.8,cooperacion,Regional,Cooperación Técnica,,1.0,PRE-50/2019 - Regional - FONTEC - Fondo de Cooperación Técnica - No Reembolsable - 500438,Sin clasificar
113,2015,1.0,,DI-66/2015 - Costa Rica (CRI) - Fondos Ordinarios - No Reembolsable - 500052,,Fondos Ordinarios,No Reembolsable,250000.0,cooperacion,Costa Rica,Ayuda de Emergencia y por Desastres Naturales,,1.0,DI-66/2015 - Costa Rica (CRI) - Fondos Ordinarios - No Reembolsable - 500052,Fundador
114,2016,1.0,,DI-107/2016 - El Salvador (SLV) - Fondos Ordinarios - No Reembolsable - 500211,,Fondos Ordinarios,No Reembolsable,1000000.0,cooperacion,El Salvador,Cooperación de Países Fundadores y Regionales no Fundadores,,1.0,DI-107/2016 - El Salvador (SLV) - Fondos Ordinarios - No Reembolsable - 500211,Fundador
115,2015,1.0,,PRE-46/2015 - Honduras (HND) - FONTEC - Fondo de Cooperación Técnica - Recuperación Contingente - 500088,,FONTEC - Fondo de Cooperación Técnica,Recuperación Contingente,990000.0,cooperacion,Honduras,Cooperación Técnica,,1.0,PRE-46/2015 - Honduras (HND) - FONTEC - Fondo de Cooperación Técnica - Recuperación Contingente - 500088,Fundador
116,2014,1.0,,DI-99/2014 - Guatemala (GTM) - Fondos Ordinarios - No Reembolsable - 302467,,Fondos Ordinarios,No Reembolsable,250000.0,cooperacion,Guatemala,Ayuda de Emergencia y por Desastres Naturales,,1.0,DI-99/2014 - Guatemala (GTM) - Fondos Ordinarios - No Reembolsable - 302467,Fundador
117,2021,1.0,,DI-84/2021 - Republica Dominicana (DOM) - FONTEC - Fondo de Cooperación Técnica - Recuperación Contingente - 500704,,FONTEC - Fondo de Cooperación Técnica,Recuperación Contingente,1680000.0,cooperacion,República Dominicana,Cooperación Técnica,,1.0,DI-84/2021 - Republica Dominicana (DOM) - FONTEC - Fondo de Cooperación Técnica - Recuperación Contingente - 500704,Regional No-Fundador
118,2023,1.0,,PRE-15/2023 - Belice (BLZ) - FONTEC - Fondo de Cooperación Técnica - No Reembolsable - 500929,,FONTEC - Fondo de Cooperación Técnica,No Reembolsable,78750.0,cooperacion,Belice,Cooperación Técnica,,1.0,PRE-15/2023 - Belice (BLZ) - FONTEC - Fondo de Cooperación Técnica - No Reembolsable - 500929,Regional No-Fundador
119,2019,1.0,,PRE-65/2019 - Regional - FONTEC - Fondo de Cooperación Técnica - No Reembolsable - 500453,,FONTEC - Fondo de Cooperación Técnica,No Reembolsable,99750.0,cooperacion,Regional,Cooperación Técnica,,1.0,PRE-65/2019 - Regional - FONTEC - Fondo de Cooperación Técnica - No Reembolsable - 500453,Sin clasificar
120,2015,1.0,,DI-96/2015 - Costa Rica (CRI) - Fondos Ordinarios - No Reembolsable - 500083,,Fondos Ordinarios,No Reembolsable,250000.0,cooperacion,Costa Rica,Ayuda de Emergencia y por Desastres Naturales,,1.0,DI-96/2015 - Costa Rica (CRI) - Fondos Ordinarios - No Reembolsable - 500083,Fundador
121,2016,1.0,,PRE-24/2016 - El Salvador (SLV) - FONTEC - Fondo de Cooperación Técnica - No Reembolsable - 500127,,FONTEC - Fondo de Cooperación Técnica,No Reembolsable,24990.0,cooperacion,El Salvador,Cooperación Técnica,,1.0,PRE-24/2016 - El Salvador (SLV) - FONTEC - Fondo de Cooperación Técnica - No Reembolsable - 500127,Fundador
122,2016,1.0,,DI-6/2016 - Honduras (HND) - Fondos Ordinarios - No Reembolsable - 500100,,Fondos Ordinarios,No Reembolsable,250000.0,cooperacion,Honduras,Ayuda de Emergencia y por Desastres Naturales,,1.0,DI-6/2016 - Honduras (HND) - Fondos Ordinarios - No Reembolsable - 500100,Fundador
123,2015,1.0,,DI-103/2015 - Guatemala (GTM) - Fondos Ordinarios - No Reembolsable - 500081,,Fondos Ordinarios,No Reembolsable,250000.0,cooperacion,Guatemala,Ayuda de Emergencia y por Desastres Naturales,,1.0,DI-103/2015 - Guatemala (GTM) - Fondos Ordinarios - No Reembolsable - 500081,Fundador
124,2021,1.0,,PRE-07/2021 - Republica Dominicana (DOM) - FONTEC - Fondo de Cooperación Técnica - No Reembolsable - 500668,,FONTEC - Fondo de Cooperación Técnica,No Reembolsable,75000.0,cooperacion,República Dominicana,Cooperación Técnica,,1.0,PRE-07/2021 - Republica Dominicana (DOM) - FONTEC - Fondo de Cooperación Técnica - No Reembolsable - 500668,Regional No-Fundador
125,2024,1.0,,DI-43/2024 - Belice (BLZ) - Fondos Ordinarios - No Reembolsable - 501127,,Fondos Ordinarios,No Reembolsable,250000.0,cooperacion,Belice,Ayuda de Emergencia y por Desastres Naturales,,1.0,DI-43/2024 - Belice (BLZ) - Fondos Ordinarios - No Reembolsable - 501127,Regional No-Fundador
126,2019,1.0,,PRE-66/2019 - Regional - FATPIR - Fondo de Asistencia Técnica para Proyectos de Integración Regional - No Reembolsable - 500458,,FATPIR - Fondo de Asistencia Técnica para Proyectos de Integración Regional,No Reembolsable,150000.0,cooperacion,Regional,Cooperación Técnica,,1.0,PRE-66/2019 - Regional - FATPIR - Fondo de Asistencia Técnica para Proyectos de Integración Regional - No Reembolsable - 500458,Sin clasificar
127,2015,1.0,,PRE-29/2015 - Costa Rica (CRI) - FONTEC - Fondo de Cooperación Técnica - Recuperación Contingente - 500042,,FONTEC - Fondo de Cooperación Técnica,Recuperación Contingente,110000.0,cooperacion,Costa Rica,Cooperación Técnica,,1.0,PRE-29/2015 - Costa Rica (CRI) - FONTEC - Fondo de Cooperación Técnica - Recuperación Contingente - 500042,Fundador
128,2019,1.0,,PRE-03/2019 - El Salvador (SLV) - FONTEC - Fondo de Cooperación Técnica - No Reembolsable - 500408,,FONTEC - Fondo de Cooperación Técnica,No Reembolsable,750000.0,cooperacion,El Salvador,Cooperación Técnica,,1.0,PRE-03/2019 - El Salvador (SLV) - FONTEC - Fondo de Cooperación Técnica - No Reembolsable - 500408,Fundador
129,2016,1.0,,PRE-35/2016 - Honduras (HND) - FONTEC - Fondo de Cooperación Técnica - Recuperación Contingente - ,,FONTEC - Fondo de Cooperación Técnica,Recuperación Contingente,371250.0,cooperacion,Honduras,Cooperación Técnica,,1.0,PRE-35/2016 - Honduras (HND) - FONTEC - Fondo de Cooperación Técnica - Recuperación Contingente - ,Fundador
130,2015,1.0,,DI-106/2015 - Guatemala (GTM) - FONTEC - Fondo de Cooperación Técnica - No Reembolsable - 500143,,FONTEC - Fondo de Cooperación Técnica,No Reembolsable,100000.0,cooperacion,Guatemala,Cooperación Técnica,,1.0,DI-106/2015 - Guatemala (GTM) - FONTEC - Fondo de Cooperación Técnica - No Reembolsable - 500143,Fundador
131,2021,1.0,,PRE-101/2021 - Republica Dominicana (DOM) - FONTEC - Fondo de Cooperación Técnica - No Reembolsable - 500796,,FONTEC - Fondo de Cooperación Técnica,No Reembolsable,89208.0,cooperacion,República Dominicana,Cooperación Técnica,,1.0,PRE-101/2021 - Republica Dominicana (DOM) - FONTEC - Fondo de Cooperación Técnica - No Reembolsable - 500796,Regional No-Fundador
132,2024,1.0,,PRE-107/2024 - Belice (BLZ) - TCPT - Taiwan CABEI Partnership Trust Fund - No Reembolsable - 501158,,TCPT - Taiwan CABEI Partnership Trust Fund,No Reembolsable,986050.45,cooperacion,Belice,Cooperación Técnica,,1.0,PRE-107/2024 - Belice (BLZ) - TCPT - Taiwan CABEI Partnership Trust Fund - No Reembolsable - 501158,Regional No-Fundador
133,2019,1.0,,PRE-70/2019 - Regional - FATPIR - Fondo de Asistencia Técnica para Proyectos de Integración Regional - No Reembolsable - 500460,,FATPIR - Fondo de Asistencia Técnica para Proyectos de Integración Regional,No Reembolsable,34500.0,cooperacion,Regional,Cooperación Técnica,,1.0,PRE-70/2019 - Regional - FATPIR - Fondo de Asistencia Técnica para Proyectos de Integración Regional - No Reembolsable - 500460,Sin clasificar
134,2016,1.0,,DI-111/2016 - Costa Rica (CRI) - Fondos Ordinarios - No Reembolsable - 500243,,Fondos Ordinarios,No Reembolsable,250000.0,cooperacion,Costa Rica,Ayuda de Emergencia y por Desastres Naturales,,1.0,DI-111/2016 - Costa Rica (CRI) - Fondos Ordinarios - No Reembolsable - 500243,Fundador
135,2019,1.0,,PRE-76/2019 - El Salvador (SLV) - FONTEC - Fondo de Cooperación Técnica - No Reembolsable - 500450,,FONTEC - Fondo de Cooperación Técnica,No Reembolsable,52500.0,cooperacion,El Salvador,Cooperación Técnica,,1.0,PRE-76/2019 - El Salvador (SLV) - FONTEC - Fondo de Cooperación Técnica - No Reembolsable - 500450,Fundador
136,2016,1.0,,PRE-60/2016 - Honduras (HND) - FONTEC - Fondo de Cooperación Técnica - No Reembolsable - 500232,,FONTEC - Fondo de Cooperación Técnica,No Reembolsable,24990.0,cooperacion,Honduras,Cooperación Técnica,,1.0,PRE-60/2016 - Honduras (HND) - FONTEC - Fondo de Cooperación Técnica - No Reembolsable - 500232,Fundador
137,2015,1.0,,DI-96/2015 - Guatemala (GTM) - Fondos Ordinarios - No Reembolsable - 500074,,Fondos Ordinarios,No Reembolsable,250000.0,cooperacion,Guatemala,Ayuda de Emergencia y por Desastres Naturales,,1.0,DI-96/2015 - Guatemala (GTM) - Fondos Ordinarios - No Reembolsable - 500074,Fundador
138,2021,1.0,,PRE-32/2021 - Republica Dominicana (DOM) - FONTEC - Fondo de Cooperación Técnica - No Reembolsable - 500699,,FONTEC - Fondo de Cooperación Técnica,No Reembolsable,99540.0,cooperacion,República Dominicana,Cooperación Técnica,,1.0,PRE-32/2021 - Republica Dominicana (DOM) - FONTEC - Fondo de Cooperación Técnica - No Reembolsable - 500699,Regional No-Fundador
139,2024,1.0,,PRE-80/2024 - Belice (BLZ) - FONTEC - Fondo de Cooperación Técnica - No Reembolsable - 501107,,FONTEC - Fondo de Cooperación Técnica,No Reembolsable,99750.0,cooperacion,Belice,Cooperación Técnica,,1.0,PRE-80/2024 - Belice (BLZ) - FONTEC - Fondo de Cooperación Técnica - No Reembolsable - 501107,Regional No-Fundador
140,2019,1.0,,PRE-77/2019 - Regional - FONTEC - Fondo de Cooperación Técnica - No Reembolsable - 500473,,FONTEC - Fondo de Cooperación Técnica,No Reembolsable,635355.0,cooperacion,Regional,Cooperación Técnica,,1.0,PRE-77/2019 - Regional - FONTEC - Fondo de Cooperación Técnica - No Reembolsable - 500473,Sin clasificar
141,2016,1.0,,DI-32/2016 - Costa Rica (CRI) - FONTEC - Fondo de Cooperación Técnica - No Reembolsable - ,,FONTEC - Fondo de Cooperación Técnica,No Reembolsable,40845.0,cooperacion,Costa Rica,Cooperación Técnica,,1.0,DI-32/2016 - Costa Rica (CRI) - FONTEC - Fondo de Cooperación Técnica - No Reembolsable - ,Fundador
142,2020,1.0,,DI-21/2020 - El Salvador (SLV) - Fondos Ordinarios - No Reembolsable - 500522,,Fondos Ordinarios,No Reembolsable,1000000.0,cooperacion,El Salvador,Ayuda de Emergencia y por Desastres Naturales,,1.0,DI-21/2020 - El Salvador (SLV) - Fondos Ordinarios - No Reembolsable - 500522,Fundador
143,2016,1.0,,PRE-7/2016 - Honduras (HND) - FONTEC - Fondo de Cooperación Técnica - Recuperación Contingente - 500098,,FONTEC - Fondo de Cooperación Técnica,Recuperación Contingente,27500.0,cooperacion,Honduras,Cooperación Técnica,,1.0,PRE-7/2016 - Honduras (HND) - FONTEC - Fondo de Cooperación Técnica - Recuperación Contingente - 500098,Fundador
144,2015,1.0,,PRE-9/2015 - Guatemala (GTM) - FONTEC - Fondo de Cooperación Técnica - No Reembolsable - 500016,,FONTEC - Fondo de Cooperación Técnica,No Reembolsable,13650.0,cooperacion,Guatemala,Cooperación Técnica,,1.0,PRE-9/2015 - Guatemala (GTM) - FONTEC - Fondo de Cooperación Técnica - No Reembolsable - 500016,Fundador
145,2022,1.0,,Deployment of an Integrated Public Safety Platform (IPSP) Pilot in the province of Santiago  Dominican Republic,,KTF,No Reembolsable,950000.0,cooperacion,República Dominicana,Cooperación Técnica,,1.0,Deployment of an Integrated Public Safety Platform (IPSP) Pilot in the province of Santiago  Dominican Republic,Regional No-Fundador
146,2025,1.0,,PRE-45/2025 - Belice (BLZ) - FCC - Fondo de Preparación de Proyectos de Inversión en Cambio Climático - No Reembolsable - 501219,,FCC - Fondo de Preparación de Proyectos de Inversión en Cambio Climático,No Reembolsable,950000.0,cooperacion,Belice,Cooperación Técnica,,1.0,PRE-45/2025 - Belice (BLZ) - FCC - Fondo de Preparación de Proyectos de Inversión en Cambio Climático - No Reembolsable - 501219,Regional No-Fundador
147,2019,1.0,,PRE-78/2019 - Regional - FATPIR - Fondo de Asistencia Técnica para Proyectos de Integración Regional - No Reembolsable - 500474,,FATPIR - Fondo de Asistencia Técnica para Proyectos de Integración Regional,No Reembolsable,34500.0,cooperacion,Regional,Cooperación Técnica,,1.0,PRE-78/2019 - Regional - FATPIR - Fondo de Asistencia Técnica para Proyectos de Integración Regional - No Reembolsable - 500474,Sin clasificar
148,2016,1.0,,DI-49/2016 - Costa Rica (CRI) - Fondos Ordinarios - No Reembolsable - ,,Fondos Ordinarios,No Reembolsable,250000.0,cooperacion,Costa Rica,Ayuda de Emergencia y por Desastres Naturales,,1.0,DI-49/2016 - Costa Rica (CRI) - Fondos Ordinarios - No Reembolsable - ,Fundador
149,2020,1.0,,DI-87/2020 - El Salvador (SLV) - Fondos Ordinarios - No Reembolsable - 500624,,Fondos Ordinarios,No Reembolsable,500000.0,cooperacion,El Salvador,Ayuda de Emergencia y por Desastres Naturales,,1.0,DI-87/2020 - El Salvador (SLV) - Fondos Ordinarios - No Reembolsable - 500624,Fundador
150,2016,1.0,,PRE-75/2016 - Honduras (HND) - FONTEC - Fondo de Cooperación Técnica - No Reembolsable - 500245,,FONTEC - Fondo de Cooperación Técnica,No Reembolsable,15750.0,cooperacion,Honduras,Cooperación Técnica,,1.0,PRE-75/2016 - Honduras (HND) - FONTEC - Fondo de Cooperación Técnica - No Reembolsable - 500245,Fundador
151,2016,1.0,,DI-29/2016 - Guatemala (GTM) - Fondos Ordinarios - No Reembolsable - 500115,,Fondos Ordinarios,No Reembolsable,1000000.0,cooperacion,Guatemala,Cooperación de Países Fundadores y Regionales no Fundadores,,1.0,DI-29/2016 - Guatemala (GTM) - Fondos Ordinarios - No Reembolsable - 500115,Fundador
152,2022,1.0,,DI-104/2022 - Republica Dominicana (DOM) - FONTEC - Fondo de Cooperación Técnica - No Reembolsable - 500873,,FONTEC - Fondo de Cooperación Técnica,No Reembolsable,262500.0,cooperacion,República Dominicana,Cooperación Técnica,,1.0,DI-104/2022 - Republica Dominicana (DOM) - FONTEC - Fondo de Cooperación Técnica - No Reembolsable - 500873,Regional No-Fundador
153,2010,1.0,,DI-169/2010 - Panamá (PAN) - Fondos Ordinarios - No Reembolsable - ,,Fondos Ordinarios,No Reembolsable,200000.0,cooperacion,Panamá,Ayuda de Emergencia y por Desastres Naturales,,1.0,DI-169/2010 - Panamá (PAN) - Fondos Ordinarios - No Reembolsable - ,Regional No-Fundador
154,2019,1.0,,PRE-85/2019 - Regional - FONTEC - Fondo de Cooperación Técnica - No Reembolsable - 500471,,FONTEC - Fondo de Cooperación Técnica,No Reembolsable,34230.0,cooperacion,Regional,Cooperación Técnica,,1.0,PRE-85/2019 - Regional - FONTEC - Fondo de Cooperación Técnica - No Reembolsable - 500471,Sin clasificar
155,2016,1.0,,PRE-66/2016 - Costa Rica (CRI) - FONTEC - Fondo de Cooperación Técnica - No Reembolsable - 500227,,FONTEC - Fondo de Cooperación Técnica,No Reembolsable,19950.0,cooperacion,Costa Rica,Cooperación Técnica,,1.0,PRE-66/2016 - Costa Rica (CRI) - FONTEC - Fondo de Cooperación Técnica - No Reembolsable - 500227,Fundador
156,2020,1.0,,Integration of Battery Energy Storage Systems (BESS) in CA,,KTF,No Reembolsable,58333.33,cooperacion,El Salvador,Cooperación Técnica,,1.0,Integration of Battery Energy Storage Systems (BESS) in CA,Fundador
157,2017,1.0,,DI-107/2017 - Honduras (HND) - Fondos Ordinarios - No Reembolsable - 500312,,Fondos Ordinarios,No Reembolsable,1000000.0,cooperacion,Honduras,Cooperación de Países Fundadores y Regionales no Fundadores,,1.0,DI-107/2017 - Honduras (HND) - Fondos Ordinarios - No Reembolsable - 500312,Fundador
158,2016,1.0,,PRE-26/2016 - Guatemala (GTM) - FONTEC - Fondo de Cooperación Técnica - No Reembolsable - 500185,,FONTEC - Fondo de Cooperación Técnica,No Reembolsable,24990.0,cooperacion,Guatemala,Cooperación Técnica,,1.0,PRE-26/2016 - Guatemala (GTM) - FONTEC - Fondo de Cooperación Técnica - No Reembolsable - 500185,Fundador
159,2022,1.0,,DI-143/2022 - Republica Dominicana (DOM) - Fondos Ordinarios - No Reembolsable - 500896,,Fondos Ordinarios,No Reembolsable,500000.0,cooperacion,República Dominicana,Ayuda de Emergencia y por Desastres Naturales,,1.0,DI-143/2022 - Republica Dominicana (DOM) - Fondos Ordinarios - No Reembolsable - 500896,Regional No-Fundador
160,2012,1.0,,DI-149/2012 - Panamá (PAN) - Fondos Ordinarios - No Reembolsable - 302322,,Fondos Ordinarios,No Reembolsable,250000.0,cooperacion,Panamá,Ayuda de Emergencia y por Desastres Naturales,,1.0,DI-149/2012 - Panamá (PAN) - Fondos Ordinarios - No Reembolsable - 302322,Regional No-Fundador
161,2020,1.0,,DI-26/2020 - Regional - Fondos Ordinarios - No Reembolsable - 500530,,Fondos Ordinarios,No Reembolsable,2100000.0,cooperacion,Regional,Ayuda de Emergencia y por Desastres Naturales,,1.0,DI-26/2020 - Regional - Fondos Ordinarios - No Reembolsable - 500530,Sin clasificar
162,2016,1.0,,PRE-68/2016 - Costa Rica (CRI) - FONTEC - Fondo de Cooperación Técnica - No Reembolsable - 500228,,FONTEC - Fondo de Cooperación Técnica,No Reembolsable,24937.5,cooperacion,Costa Rica,Cooperación Técnica,,1.0,PRE-68/2016 - Costa Rica (CRI) - FONTEC - Fondo de Cooperación Técnica - No Reembolsable - 500228,Fundador
163,2020,1.0,,Republic of Korea’s In-kind contribution to support Central America’s response to COVID-19,,KTF,No Reembolsable,333333.33,cooperacion,El Salvador,Cooperación Técnica,,1.0,Republic of Korea’s In-kind contribution to support Central America’s response to COVID-19,Fundador
164,2017,1.0,,DI-99/2017 - Honduras (HND) - Fondos Ordinarios - No Reembolsable - 500321,,Fondos Ordinarios,No Reembolsable,250000.0,cooperacion,Honduras,Ayuda de Emergencia y por Desastres Naturales,,1.0,DI-99/2017 - Honduras (HND) - Fondos Ordinarios - No Reembolsable - 500321,Fundador
165,2016,1.0,,PRE-54/2016 - Guatemala (GTM) - FONTEC - Fondo de Cooperación Técnica - No Reembolsable - 500205,,FONTEC - Fondo de Cooperación Técnica,No Reembolsable,24681.3,cooperacion,Guatemala,Cooperación Técnica,,1.0,PRE-54/2016 - Guatemala (GTM) - FONTEC - Fondo de Cooperación Técnica - No Reembolsable - 500205,Fundador
166,2022,1.0,,DI-152/2022 - Republica Dominicana (DOM) - Fondos Ordinarios - No Reembolsable - 500909,,Fondos Ordinarios,No Reembolsable,500000.0,cooperacion,República Dominicana,Ayuda de Emergencia y por Desastres Naturales,,1.0,DI-152/2022 - Republica Dominicana (DOM) - Fondos Ordinarios - No Reembolsable - 500909,Regional No-Fundador
167,2013,1.0,,DI-115/2013 - Panamá (PAN) - Fondos Ordinarios - No Reembolsable - ,,Fondos Ordinarios,No Reembolsable,270000.0,cooperacion,Panamá,Otras Cooperaciones Financieras,,1.0,DI-115/2013 - Panamá (PAN) - Fondos Ordinarios - No Reembolsable - ,Regional No-Fundador
168,2020,1.0,,DI-55/2020 - Regional - Fondos Ordinarios - No Reembolsable - 500560,,Fondos Ordinarios,No Reembolsable,2300000.0,cooperacion,Regional,Ayuda de Emergencia y por Desastres Naturales,,1.0,DI-55/2020 - Regional - Fondos Ordinarios - No Reembolsable - 500560,Sin clasificar
169,2016,1.0,,PRE-76/2016 - Costa Rica (CRI) - FONTEC - Fondo de Cooperación Técnica - Recuperación Contingente - 500219,,FONTEC - Fondo de Cooperación Técnica,Recuperación Contingente,192500.0,cooperacion,Costa Rica,Cooperación Técnica,,1.0,PRE-76/2016 - Costa Rica (CRI) - FONTEC - Fondo de Cooperación Técnica - Recuperación Contingente - 500219,Fundador
170,2020,1.0,,Support for the development of the Pacific Train in El Salvador,,KTF,No Reembolsable,450000.0,cooperacion,El Salvador,Cooperación Técnica,,1.0,Support for the development of the Pacific Train in El Salvador,Fundador
171,2017,1.0,,PRE-11/2017 - Honduras (HND) - FONTEC - Fondo de Cooperación Técnica - No Reembolsable - 500254,,FONTEC - Fondo de Cooperación Técnica,No Reembolsable,24150.0,cooperacion,Honduras,Cooperación Técnica,,1.0,PRE-11/2017 - Honduras (HND) - FONTEC - Fondo de Cooperación Técnica - No Reembolsable - 500254,Fundador
172,2016,1.0,,PRE-59/2016 - Guatemala (GTM) - FONTEC - Fondo de Cooperación Técnica - No Reembolsable - ,,FONTEC - Fondo de Cooperación Técnica,No Reembolsable,24150.0,cooperacion,Guatemala,Cooperación Técnica,,1.0,PRE-59/2016 - Guatemala (GTM) - FONTEC - Fondo de Cooperación Técnica - No Reembolsable - ,Fundador
173,2022,1.0,,DI-36/2022 - Republica Dominicana (DOM) - FCC - Fondo de Preparación de Proyectos de Inversión en Cambio Climático - No Reembolsable - 500810,,FCC - Fondo de Preparación de Proyectos de Inversión en Cambio Climático,No Reembolsable,1558750.0,cooperacion,República Dominicana,Cooperación Técnica,,1.0,DI-36/2022 - Republica Dominicana (DOM) - FCC - Fondo de Preparación de Proyectos de Inversión en Cambio Climático - No Reembolsable - 500810,Regional No-Fundador
174,2020,1.0,,DI-139/2020 - Panamá (PAN) - Fondos Ordinarios - No Reembolsable - 500676,,Fondos Ordinarios,No Reembolsable,500000.0,cooperacion,Panamá,Ayuda de Emergencia y por Desastres Naturales,,1.0,DI-139/2020 - Panamá (PAN) - Fondos Ordinarios - No Reembolsable - 500676,Regional No-Fundador
175,2020,1.0,,Establishment of a Biotech manufacturing cluster to increase accessibility and affordability of healthcare and medical equipment in Central America,,KTF,No Reembolsable,350000.0,cooperacion,Regional,Cooperación Técnica,,1.0,Establishment of a Biotech manufacturing cluster to increase accessibility and affordability of healthcare and medical equipment in Central America,Sin clasificar
176,2016,1.0,,PRE-77/2016 - Costa Rica (CRI) - FONTEC - Fondo de Cooperación Técnica - No Reembolsable - 500236,,FONTEC - Fondo de Cooperación Técnica,No Reembolsable,15750.0,cooperacion,Costa Rica,Cooperación Técnica,,1.0,PRE-77/2016 - Costa Rica (CRI) - FONTEC - Fondo de Cooperación Técnica - No Reembolsable - 500236,Fundador
177,2021,1.0,,DI-104/2021 - El Salvador (SLV) - Fondos Ordinarios - No Reembolsable - 500716,,Fondos Ordinarios,No Reembolsable,1000000.0,cooperacion,El Salvador,Cooperación de Países Fundadores y Regionales no Fundadores,,1.0,DI-104/2021 - El Salvador (SLV) - Fondos Ordinarios - No Reembolsable - 500716,Fundador
178,2017,1.0,,PRE-45/2017 - Honduras (HND) - FONTEC - Fondo de Cooperación Técnica - No Reembolsable - 500305,,FONTEC - Fondo de Cooperación Técnica,No Reembolsable,14700.0,cooperacion,Honduras,Cooperación Técnica,,1.0,PRE-45/2017 - Honduras (HND) - FONTEC - Fondo de Cooperación Técnica - No Reembolsable - 500305,Fundador
179,2016,1.0,,PRE-78/2016 - Guatemala (GTM) - FONTEC - Fondo de Cooperación Técnica - No Reembolsable - ,,FONTEC - Fondo de Cooperación Técnica,No Reembolsable,24990.0,cooperacion,Guatemala,Cooperación Técnica,,1.0,PRE-78/2016 - Guatemala (GTM) - FONTEC - Fondo de Cooperación Técnica - No Reembolsable - ,Fundador
180,2022,1.0,,DI-36/2022 - Republica Dominicana (DOM) - FONTEC - Fondo de Cooperación Técnica - Recuperación Contingente - 500810,,FONTEC - Fondo de Cooperación Técnica,Recuperación Contingente,2135375.0,cooperacion,República Dominicana,Cooperación Técnica,,1.0,DI-36/2022 - Republica Dominicana (DOM) - FONTEC - Fondo de Cooperación Técnica - Recuperación Contingente - 500810,Regional No-Fundador
181,2020,1.0,,DI-21/2020 - Panamá (PAN) - Fondos Ordinarios - No Reembolsable - 500525,,Fondos Ordinarios,No Reembolsable,1000000.0,cooperacion,Panamá,Ayuda de Emergencia y por Desastres Naturales,,1.0,DI-21/2020 - Panamá (PAN) - Fondos Ordinarios - No Reembolsable - 500525,Regional No-Fundador
182,2020,1.0,,Kor-BCIE Diagnosis and Accompaniment for the Channeling of Resources from Institucional,,KTF,No Reembolsable,100000.0,cooperacion,Regional,Cooperación Técnica,,1.0,Kor-BCIE Diagnosis and Accompaniment for the Channeling of Resources from Institucional,Sin clasificar
183,2017,1.0,,DI-99/2017 - Costa Rica (CRI) - Fondos Ordinarios - No Reembolsable - 500315,,Fondos Ordinarios,No Reembolsable,250000.0,cooperacion,Costa Rica,Ayuda de Emergencia y por Desastres Naturales,,1.0,DI-99/2017 - Costa Rica (CRI) - Fondos Ordinarios - No Reembolsable - 500315,Fundador
184,2021,1.0,,DI-22/2021 - El Salvador (SLV) - Fondos Ordinarios - No Reembolsable - 500795,,Fondos Ordinarios,No Reembolsable,500000.0,cooperacion,El Salvador,Ayuda de Emergencia y por Desastres Naturales,,1.0,DI-22/2021 - El Salvador (SLV) - Fondos Ordinarios - No Reembolsable - 500795,Fundador
185,2017,1.0,,PRE-59/2017 - Honduras (HND) - FONTEC - Fondo de Cooperación Técnica - No Reembolsable - 500317,,FONTEC - Fondo de Cooperación Técnica,No Reembolsable,24937.5,cooperacion,Honduras,Cooperación Técnica,,1.0,PRE-59/2017 - Honduras (HND) - FONTEC - Fondo de Cooperación Técnica - No Reembolsable - 500317,Fundador
186,2017,1.0,,PRE-15/2017 - Guatemala (GTM) - FONTEC - Fondo de Cooperación Técnica - No Reembolsable - 500263,,FONTEC - Fondo de Cooperación Técnica,No Reembolsable,30187.5,cooperacion,Guatemala,Cooperación Técnica,,1.0,PRE-15/2017 - Guatemala (GTM) - FONTEC - Fondo de Cooperación Técnica - No Reembolsable - 500263,Fundador
187,2022,1.0,,Intelligent Traffic Systems in Santo Domingo and the National Highways of the Dominican Republic,,KTF,No Reembolsable,600000.0,cooperacion,República Dominicana,Cooperación Técnica,,1.0,Intelligent Traffic Systems in Santo Domingo and the National Highways of the Dominican Republic,Regional No-Fundador
188,2020,1.0,,Integration of Battery Energy Storage Systems (BESS) in CA,,KTF,No Reembolsable,58333.33,cooperacion,Panamá,Cooperación Técnica,,1.0,Integration of Battery Energy Storage Systems (BESS) in CA,Regional No-Fundador
189,2020,1.0,,PRE-04/2020 - Regional - FONTEC - Fondo de Cooperación Técnica - No Reembolsable - 500487,,FONTEC - Fondo de Cooperación Técnica,No Reembolsable,84540.75,cooperacion,Regional,Cooperación Técnica,,1.0,PRE-04/2020 - Regional - FONTEC - Fondo de Cooperación Técnica - No Reembolsable - 500487,Sin clasificar
190,2017,1.0,,PRE-14/2017 - Costa Rica (CRI) - FONTEC - Fondo de Cooperación Técnica - No Reembolsable - 500257,,FONTEC - Fondo de Cooperación Técnica,No Reembolsable,24990.0,cooperacion,Costa Rica,Cooperación Técnica,,1.0,PRE-14/2017 - Costa Rica (CRI) - FONTEC - Fondo de Cooperación Técnica - No Reembolsable - 500257,Fundador
191,2021,1.0,,PRE-47/2021 - El Salvador (SLV) - FONTEC - Fondo de Cooperación Técnica - No Reembolsable - 500706,,FONTEC - Fondo de Cooperación Técnica,No Reembolsable,36750.0,cooperacion,El Salvador,Cooperación Técnica,,1.0,PRE-47/2021 - El Salvador (SLV) - FONTEC - Fondo de Cooperación Técnica - No Reembolsable - 500706,Fundador
192,2017,1.0,,PRE-60/2017 - Honduras (HND) - FONTEC - Fondo de Cooperación Técnica - No Reembolsable - 500320,,FONTEC - Fondo de Cooperación Técnica,No Reembolsable,24937.5,cooperacion,Honduras,Cooperación Técnica,,1.0,PRE-60/2017 - Honduras (HND) - FONTEC - Fondo de Cooperación Técnica - No Reembolsable - 500320,Fundador
193,2017,1.0,,PRE-16/2017 - Guatemala (GTM) - FONTEC - Fondo de Cooperación Técnica - No Reembolsable - 500266,,FONTEC - Fondo de Cooperación Técnica,No Reembolsable,24150.0,cooperacion,Guatemala,Cooperación Técnica,,1.0,PRE-16/2017 - Guatemala (GTM) - FONTEC - Fondo de Cooperación Técnica - No Reembolsable - 500266,Fundador
194,2022,1.0,,Modernization of the Dominican Republic Customs Management System ,,KTF,No Reembolsable,450000.0,cooperacion,República Dominicana,Cooperación Técnica,,1.0,Modernization of the Dominican Republic Customs Management System ,Regional No-Fundador
195,2020,1.0,,Republic of Korea’s In-kind contribution to support Central America’s response to COVID-19,,KTF,No Reembolsable,333333.33,cooperacion,Panamá,Cooperación Técnica,,1.0,Republic of Korea’s In-kind contribution to support Central America’s response to COVID-19,Regional No-Fundador
196,2020,1.0,,PRE-100/2020 - Regional - FONTEC - Fondo de Cooperación Técnica - No Reembolsable - 500649,,FONTEC - Fondo de Cooperación Técnica,No Reembolsable,136500.0,cooperacion,Regional,Cooperación Técnica,,1.0,PRE-100/2020 - Regional - FONTEC - Fondo de Cooperación Técnica - No Reembolsable - 500649,Sin clasificar
197,2018,1.0,,DI-128/2018 - Costa Rica (CRI) - Fondos Ordinarios - No Reembolsable - 500382,,Fondos Ordinarios,No Reembolsable,1000000.0,cooperacion,Costa Rica,Cooperación de Países Fundadores y Regionales no Fundadores,,1.0,DI-128/2018 - Costa Rica (CRI) - Fondos Ordinarios - No Reembolsable - 500382,Fundador
198,2021,1.0,,PRE-55/2021 - El Salvador (SLV) - FONTEC - Fondo de Cooperación Técnica - No Reembolsable - 500736,,FONTEC - Fondo de Cooperación Técnica,No Reembolsable,99750.0,cooperacion,El Salvador,Cooperación Técnica,,1.0,PRE-55/2021 - El Salvador (SLV) - FONTEC - Fondo de Cooperación Técnica - No Reembolsable - 500736,Fundador
199,2018,1.0,,DI-78/2018 - Honduras (HND) - Fondos Ordinarios - No Reembolsable - 500380,,Fondos Ordinarios,No Reembolsable,250000.0,cooperacion,Honduras,Ayuda de Emergencia y por Desastres Naturales,,1.0,DI-78/2018 - Honduras (HND) - Fondos Ordinarios - No Reembolsable - 500380,Fundador
200,2017,1.0,,PRE-7/2017 - Guatemala (GTM) - FONTEC - Fondo de Cooperación Técnica - No Reembolsable - 500249,,FONTEC - Fondo de Cooperación Técnica,No Reembolsable,10500.0,cooperacion,Guatemala,Cooperación Técnica,,1.0,PRE-7/2017 - Guatemala (GTM) - FONTEC - Fondo de Cooperación Técnica - No Reembolsable - 500249,Fundador
201,2022,1.0,,PRE-14/2022 - Republica Dominicana (DOM) - FONTEC - Fondo de Cooperación Técnica - No Reembolsable - 500804,,FONTEC - Fondo de Cooperación Técnica,No Reembolsable,10500.0,cooperacion,República Dominicana,Cooperación Técnica,,1.0,PRE-14/2022 - Republica Dominicana (DOM) - FONTEC - Fondo de Cooperación Técnica - No Reembolsable - 500804,Regional No-Fundador
202,2021,1.0,,Development of Line 5 of the Panama Metro,,KTF,No Reembolsable,630000.0,cooperacion,Panamá,Cooperación Técnica,,1.0,Development of Line 5 of the Panama Metro,Regional No-Fundador
203,2020,1.0,,PRE-25/2020 - Regional - FONTEC - Fondo de Cooperación Técnica - No Reembolsable - 500528,,FONTEC - Fondo de Cooperación Técnica,No Reembolsable,168000.0,cooperacion,Regional,Cooperación Técnica,,1.0,PRE-25/2020 - Regional - FONTEC - Fondo de Cooperación Técnica - No Reembolsable - 500528,Sin clasificar
204,2018,1.0,,PRE-67/2018 - Costa Rica (CRI) - FONTEC - Fondo de Cooperación Técnica - Recuperación Contingente - 500383,,FONTEC - Fondo de Cooperación Técnica,Recuperación Contingente,750000.0,cooperacion,Costa Rica,Cooperación Técnica,,1.0,PRE-67/2018 - Costa Rica (CRI) - FONTEC - Fondo de Cooperación Técnica - Recuperación Contingente - 500383,Fundador
205,2021,1.0,,PRE-57/2021 - El Salvador (SLV) - FONTEC - Fondo de Cooperación Técnica - No Reembolsable - 500730,,FONTEC - Fondo de Cooperación Técnica,No Reembolsable,31500.0,cooperacion,El Salvador,Cooperación Técnica,,1.0,PRE-57/2021 - El Salvador (SLV) - FONTEC - Fondo de Cooperación Técnica - No Reembolsable - 500730,Fundador
206,2018,1.0,,PRE-05/2018 - Honduras (HND) - Facilidad FASEP  - No Reembolsable - 500319,,Facilidad FASEP ,No Reembolsable,804129.23,cooperacion,Honduras,Cooperación Técnica,,1.0,PRE-05/2018 - Honduras (HND) - Facilidad FASEP  - No Reembolsable - 500319,Fundador
207,2018,1.0,,DI-53/2018 - Guatemala (GTM) - Fondos Ordinarios - No Reembolsable - 500360,,Fondos Ordinarios,No Reembolsable,250000.0,cooperacion,Guatemala,Ayuda de Emergencia y por Desastres Naturales,,1.0,DI-53/2018 - Guatemala (GTM) - Fondos Ordinarios - No Reembolsable - 500360,Fundador
208,2022,1.0,,PRE-24/2022 - Republica Dominicana (DOM) - FONTEC - Fondo de Cooperación Técnica - No Reembolsable - 500814,,FONTEC - Fondo de Cooperación Técnica,No Reembolsable,52500.0,cooperacion,República Dominicana,Cooperación Técnica,,1.0,PRE-24/2022 - Republica Dominicana (DOM) - FONTEC - Fondo de Cooperación Técnica - No Reembolsable - 500814,Regional No-Fundador
209,2021,1.0,,DI-127/2021 - Panamá (PAN) - FONTEC - Fondo de Cooperación Técnica - No Reembolsable - 500750,,FONTEC - Fondo de Cooperación Técnica,No Reembolsable,550000.0,cooperacion,Panamá,Cooperación Técnica,,1.0,DI-127/2021 - Panamá (PAN) - FONTEC - Fondo de Cooperación Técnica - No Reembolsable - 500750,Regional No-Fundador
210,2020,1.0,,PRE-54/2020 - Regional - FONTEC - Fondo de Cooperación Técnica - No Reembolsable - 500600,,FONTEC - Fondo de Cooperación Técnica,No Reembolsable,393750.0,cooperacion,Regional,Cooperación Técnica,,1.0,PRE-54/2020 - Regional - FONTEC - Fondo de Cooperación Técnica - No Reembolsable - 500600,Sin clasificar
211,2018,1.0,,PRE-81/2018 - Costa Rica (CRI) - FONTEC - Fondo de Cooperación Técnica - Recuperación Contingente - 500398,,FONTEC - Fondo de Cooperación Técnica,Recuperación Contingente,570000.0,cooperacion,Costa Rica,Cooperación Técnica,,1.0,PRE-81/2018 - Costa Rica (CRI) - FONTEC - Fondo de Cooperación Técnica - Recuperación Contingente - 500398,Fundador
212,2021,1.0,,PRE-89/2021 - El Salvador (SLV) - FONTEC - Fondo de Cooperación Técnica - No Reembolsable - 500758,,FONTEC - Fondo de Cooperación Técnica,No Reembolsable,26250.0,cooperacion,El Salvador,Cooperación Técnica,,1.0,PRE-89/2021 - El Salvador (SLV) - FONTEC - Fondo de Cooperación Técnica - No Reembolsable - 500758,Fundador
213,2018,1.0,,PRE-05/2018 - Honduras (HND) - FONTEC - Fondo de Cooperación Técnica - Recuperación Contingente - 500319,,FONTEC - Fondo de Cooperación Técnica,Recuperación Contingente,588754.1,cooperacion,Honduras,Cooperación Técnica,,1.0,PRE-05/2018 - Honduras (HND) - FONTEC - Fondo de Cooperación Técnica - Recuperación Contingente - 500319,Fundador
214,2018,1.0,,PRE-11/2018 - Guatemala (GTM) - FONTEC - Fondo de Cooperación Técnica - No Reembolsable - 500335,,FONTEC - Fondo de Cooperación Técnica,No Reembolsable,19745.04,cooperacion,Guatemala,Cooperación Técnica,,1.0,PRE-11/2018 - Guatemala (GTM) - FONTEC - Fondo de Cooperación Técnica - No Reembolsable - 500335,Fundador
215,2022,1.0,,PRE-58/2022 - Republica Dominicana (DOM) - FONTEC - Fondo de Cooperación Técnica - Recuperación Contingente - 500820,,FONTEC - Fondo de Cooperación Técnica,Recuperación Contingente,935000.0,cooperacion,República Dominicana,Cooperación Técnica,,1.0,PRE-58/2022 - Republica Dominicana (DOM) - FONTEC - Fondo de Cooperación Técnica - Recuperación Contingente - 500820,Regional No-Fundador
216,2021,1.0,,DI-155/2022 - Panamá (PAN) - FONTEC - Fondo de Cooperación Técnica - Recuperación Contingente - 500906,,FONTEC - Fondo de Cooperación Técnica,Recuperación Contingente,1940000.0,cooperacion,Panamá,Cooperación Técnica,,1.0,DI-155/2022 - Panamá (PAN) - FONTEC - Fondo de Cooperación Técnica - Recuperación Contingente - 500906,Regional No-Fundador
217,2020,1.0,,PRE-60/2020 - Regional - FONTEC - Fondo de Cooperación Técnica - No Reembolsable - 500605,,FONTEC - Fondo de Cooperación Técnica,No Reembolsable,52500.0,cooperacion,Regional,Cooperación Técnica,,1.0,PRE-60/2020 - Regional - FONTEC - Fondo de Cooperación Técnica - No Reembolsable - 500605,Sin clasificar
218,2019,1.0,,PRE-104/2019 - Costa Rica (CRI) - FONTEC - Fondo de Cooperación Técnica - No Reembolsable - 500475,,FONTEC - Fondo de Cooperación Técnica,No Reembolsable,99750.0,cooperacion,Costa Rica,Cooperación Técnica,,1.0,PRE-104/2019 - Costa Rica (CRI) - FONTEC - Fondo de Cooperación Técnica - No Reembolsable - 500475,Fundador
219,2021,1.0,,Support the Internationalization platform for SICA Firms under the Free Trade Agreement between the Republic of Korea and Central America,,KTF,No Reembolsable,125000.0,cooperacion,El Salvador,Cooperación Técnica,,1.0,Support the Internationalization platform for SICA Firms under the Free Trade Agreement between the Republic of Korea and Central America,Fundador
220,2018,1.0,,PRE-26/2018 - Honduras (HND) - FONTEC - Fondo de Cooperación Técnica - No Reembolsable - 500350,,FONTEC - Fondo de Cooperación Técnica,No Reembolsable,23100.0,cooperacion,Honduras,Cooperación Técnica,,1.0,PRE-26/2018 - Honduras (HND) - FONTEC - Fondo de Cooperación Técnica - No Reembolsable - 500350,Fundador
221,2018,1.0,,PRE-60/2018 - Guatemala (GTM) - FIMCA - No Reembolsable - 500356,,FIMCA,No Reembolsable,3691000.0,cooperacion,Guatemala,Cooperación Técnica,,1.0,PRE-60/2018 - Guatemala (GTM) - FIMCA - No Reembolsable - 500356,Fundador
222,2022,1.0,,PRE-61/2022 - Republica Dominicana (DOM) - FONTEC - Fondo de Cooperación Técnica - Recuperación Contingente - 500852,,FONTEC - Fondo de Cooperación Técnica,Recuperación Contingente,990000.0,cooperacion,República Dominicana,Cooperación Técnica,,1.0,PRE-61/2022 - Republica Dominicana (DOM) - FONTEC - Fondo de Cooperación Técnica - Recuperación Contingente - 500852,Regional No-Fundador
223,2021,1.0,,DI-19/2021 - Panamá (PAN) - FONTEC - Fondo de Cooperación Técnica - No Reembolsable - 500677,,FONTEC - Fondo de Cooperación Técnica,No Reembolsable,572000.0,cooperacion,Panamá,Cooperación Técnica,,1.0,DI-19/2021 - Panamá (PAN) - FONTEC - Fondo de Cooperación Técnica - No Reembolsable - 500677,Regional No-Fundador
224,2020,1.0,,PRE-63/2020 - Regional - FATPIR - Fondo de Asistencia Técnica para Proyectos de Integración Regional - No Reembolsable - 500607,,FATPIR - Fondo de Asistencia Técnica para Proyectos de Integración Regional,No Reembolsable,685000.0,cooperacion,Regional,Cooperación Técnica,,1.0,PRE-63/2020 - Regional - FATPIR - Fondo de Asistencia Técnica para Proyectos de Integración Regional - No Reembolsable - 500607,Sin clasificar
225,2019,1.0,,PRE-11/2019 - Costa Rica (CRI) - FONTEC - Fondo de Cooperación Técnica - No Reembolsable - 500414,,FONTEC - Fondo de Cooperación Técnica,No Reembolsable,23100.0,cooperacion,Costa Rica,Cooperación Técnica,,1.0,PRE-11/2019 - Costa Rica (CRI) - FONTEC - Fondo de Cooperación Técnica - No Reembolsable - 500414,Fundador
226,2022,1.0,,DI-102/2022 - El Salvador (SLV) - Fondos Ordinarios - No Reembolsable - 500874,,Fondos Ordinarios,No Reembolsable,500000.0,cooperacion,El Salvador,Ayuda de Emergencia y por Desastres Naturales,,1.0,DI-102/2022 - El Salvador (SLV) - Fondos Ordinarios - No Reembolsable - 500874,Fundador
227,2018,1.0,,PRE-40/2018 - Honduras (HND) - FONTEC - Fondo de Cooperación Técnica - Recuperación Contingente - 500362,,FONTEC - Fondo de Cooperación Técnica,Recuperación Contingente,990000.0,cooperacion,Honduras,Cooperación Técnica,,1.0,PRE-40/2018 - Honduras (HND) - FONTEC - Fondo de Cooperación Técnica - Recuperación Contingente - 500362,Fundador
228,2018,1.0,,PRE-60/2018 - Guatemala (GTM) - FONTEC - Fondo de Cooperación Técnica - No Reembolsable - 500356,,FONTEC - Fondo de Cooperación Técnica,No Reembolsable,24990.0,cooperacion,Guatemala,Cooperación Técnica,,1.0,PRE-60/2018 - Guatemala (GTM) - FONTEC - Fondo de Cooperación Técnica - No Reembolsable - 500356,Fundador
229,2023,1.0,,DI-132/2023 - Republica Dominicana (DOM) - Fondos Ordinarios - No Reembolsable - 501097,,Fondos Ordinarios,No Reembolsable,500000.0,cooperacion,República Dominicana,Ayuda de Emergencia y por Desastres Naturales,,1.0,DI-132/2023 - Republica Dominicana (DOM) - Fondos Ordinarios - No Reembolsable - 501097,Regional No-Fundador
230,2021,1.0,,DI-21/2021 - Panamá (PAN) - FONTEC - Fondo de Cooperación Técnica - Recuperación Contingente - 500675,,FONTEC - Fondo de Cooperación Técnica,Recuperación Contingente,480000.0,cooperacion,Panamá,Cooperación Técnica,,1.0,DI-21/2021 - Panamá (PAN) - FONTEC - Fondo de Cooperación Técnica - Recuperación Contingente - 500675,Regional No-Fundador
231,2020,1.0,,PRE-69/2020 - Regional - FONTEC - Fondo de Cooperación Técnica - No Reembolsable - 500601,,FONTEC - Fondo de Cooperación Técnica,No Reembolsable,189000.0,cooperacion,Regional,Cooperación Técnica,,1.0,PRE-69/2020 - Regional - FONTEC - Fondo de Cooperación Técnica - No Reembolsable - 500601,Sin clasificar
232,2019,1.0,,PRE-90/2019 - Costa Rica (CRI) - FVC - Fondo Verde para el Clima - No Reembolsable - 500479,,FVC - Fondo Verde para el Clima,No Reembolsable,562960.0,cooperacion,Costa Rica,Cooperación Técnica,,1.0,PRE-90/2019 - Costa Rica (CRI) - FVC - Fondo Verde para el Clima - No Reembolsable - 500479,Fundador
233,2022,1.0,,DI-149/2022 - El Salvador (SLV) - Fondos Ordinarios - No Reembolsable - 500905,,Fondos Ordinarios,No Reembolsable,500000.0,cooperacion,El Salvador,Ayuda de Emergencia y por Desastres Naturales,,1.0,DI-149/2022 - El Salvador (SLV) - Fondos Ordinarios - No Reembolsable - 500905,Fundador
234,2018,1.0,,PRE-41/2018 - Honduras (HND) - FONTEC - Fondo de Cooperación Técnica - Recuperación Contingente - 500363,,FONTEC - Fondo de Cooperación Técnica,Recuperación Contingente,990000.0,cooperacion,Honduras,Cooperación Técnica,,1.0,PRE-41/2018 - Honduras (HND) - FONTEC - Fondo de Cooperación Técnica - Recuperación Contingente - 500363,Fundador
235,2019,1.0,,PRE-02/2019 - Guatemala (GTM) - FONTEC - Fondo de Cooperación Técnica - No Reembolsable - 500415,,FONTEC - Fondo de Cooperación Técnica,No Reembolsable,99986.25,cooperacion,Guatemala,Cooperación Técnica,,1.0,PRE-02/2019 - Guatemala (GTM) - FONTEC - Fondo de Cooperación Técnica - No Reembolsable - 500415,Fundador
236,2023,1.0,,DI-52/2023 - Republica Dominicana (DOM) - Fondos Ordinarios - No Reembolsable - DI-52/2023,,Fondos Ordinarios,No Reembolsable,110000.0,cooperacion,República Dominicana,Otras Cooperaciones Financieras,,1.0,DI-52/2023 - Republica Dominicana (DOM) - Fondos Ordinarios - No Reembolsable - DI-52/2023,Regional No-Fundador
237,2021,1.0,,DI-22/2021 - Panamá (PAN) - Fondos Ordinarios - No Reembolsable - 500TMP,,Fondos Ordinarios,No Reembolsable,500000.0,cooperacion,Panamá,Ayuda de Emergencia y por Desastres Naturales,,1.0,DI-22/2021 - Panamá (PAN) - Fondos Ordinarios - No Reembolsable - 500TMP,Regional No-Fundador
238,2020,1.0,,PRE-78/2020 - Regional - FONTEC - Fondo de Cooperación Técnica - No Reembolsable - 500625,,FONTEC - Fondo de Cooperación Técnica,No Reembolsable,26250.0,cooperacion,Regional,Cooperación Técnica,,1.0,PRE-78/2020 - Regional - FONTEC - Fondo de Cooperación Técnica - No Reembolsable - 500625,Sin clasificar
239,2019,1.0,,PRE-93/2019 - Costa Rica (CRI) - FONTEC - Fondo de Cooperación Técnica - No Reembolsable - 500462,,FONTEC - Fondo de Cooperación Técnica,No Reembolsable,55000.0,cooperacion,Costa Rica,Cooperación Técnica,,1.0,PRE-93/2019 - Costa Rica (CRI) - FONTEC - Fondo de Cooperación Técnica - No Reembolsable - 500462,Fundador
240,2022,1.0,,Modernization of Bus Transport Network in San Salvador,,KTF,No Reembolsable,550000.0,cooperacion,El Salvador,Cooperación Técnica,,1.0,Modernization of Bus Transport Network in San Salvador,Fundador
241,2018,1.0,,PRE-61/2018 - Honduras (HND) - Facilidad FASEP  - No Reembolsable - 500377,,Facilidad FASEP ,No Reembolsable,811206.0,cooperacion,Honduras,Cooperación Técnica,,1.0,PRE-61/2018 - Honduras (HND) - Facilidad FASEP  - No Reembolsable - 500377,Fundador
242,2019,1.0,,PRE-55/2019 - Guatemala (GTM) - FONTEC - Fondo de Cooperación Técnica - No Reembolsable - 500447,,FONTEC - Fondo de Cooperación Técnica,No Reembolsable,99986.25,cooperacion,Guatemala,Cooperación Técnica,,1.0,PRE-55/2019 - Guatemala (GTM) - FONTEC - Fondo de Cooperación Técnica - No Reembolsable - 500447,Fundador
243,2023,1.0,,DI-81/2023 - Republica Dominicana (DOM) - Fondos Ordinarios - No Reembolsable - 501059,,Fondos Ordinarios,No Reembolsable,1000000.0,cooperacion,República Dominicana,Cooperación de Países Fundadores y Regionales no Fundadores,,1.0,DI-81/2023 - Republica Dominicana (DOM) - Fondos Ordinarios - No Reembolsable - 501059,Regional No-Fundador
244,2021,1.0,,PRE-27/2021 - Panamá (PAN) - FONTEC - Fondo de Cooperación Técnica - No Reembolsable - 500703,,FONTEC - Fondo de Cooperación Técnica,No Reembolsable,85000.0,cooperacion,Panamá,Cooperación Técnica,,1.0,PRE-27/2021 - Panamá (PAN) - FONTEC - Fondo de Cooperación Técnica - No Reembolsable - 500703,Regional No-Fundador
245,2020,1.0,,PRE-83/2020 - Regional - FONTEC - Fondo de Cooperación Técnica - No Reembolsable - 500628,,FONTEC - Fondo de Cooperación Técnica,No Reembolsable,25200.0,cooperacion,Regional,Cooperación Técnica,,1.0,PRE-83/2020 - Regional - FONTEC - Fondo de Cooperación Técnica - No Reembolsable - 500628,Sin clasificar
246,2020,1.0,,DI-139/2020 - Costa Rica (CRI) - Fondos Ordinarios - No Reembolsable - 500661,,Fondos Ordinarios,No Reembolsable,500000.0,cooperacion,Costa Rica,Ayuda de Emergencia y por Desastres Naturales,,1.0,DI-139/2020 - Costa Rica (CRI) - Fondos Ordinarios - No Reembolsable - 500661,Fundador
247,2022,1.0,,Modernization of the Guluchapa Water Supply System in San Salvador through dedicated Photovoltaic (PV) generation and Integrated Water Resource Management,,KTF,No Reembolsable,600000.0,cooperacion,El Salvador,Cooperación Técnica,,1.0,Modernization of the Guluchapa Water Supply System in San Salvador through dedicated Photovoltaic (PV) generation and Integrated Water Resource Management,Fundador
248,2019,1.0,,DI-61/2019 - Honduras (HND) - Fondos Ordinarios - No Reembolsable - 500445,,Fondos Ordinarios,No Reembolsable,250000.0,cooperacion,Honduras,Ayuda de Emergencia y por Desastres Naturales,,1.0,DI-61/2019 - Honduras (HND) - Fondos Ordinarios - No Reembolsable - 500445,Fundador
249,2019,1.0,,PRE-69/2019 - Guatemala (GTM) - FONTEC - Fondo de Cooperación Técnica - No Reembolsable - 500467,,FONTEC - Fondo de Cooperación Técnica,No Reembolsable,99750.0,cooperacion,Guatemala,Cooperación Técnica,,1.0,PRE-69/2019 - Guatemala (GTM) - FONTEC - Fondo de Cooperación Técnica - No Reembolsable - 500467,Fundador
250,2023,1.0,,DI-95/2023 - Republica Dominicana (DOM) - Fondos Ordinarios - No Reembolsable - 501076,,Fondos Ordinarios,No Reembolsable,500000.0,cooperacion,República Dominicana,Ayuda de Emergencia y por Desastres Naturales,,1.0,DI-95/2023 - Republica Dominicana (DOM) - Fondos Ordinarios - No Reembolsable - 501076,Regional No-Fundador
251,2021,1.0,,PRE-42/2021 - Panamá (PAN) - FONTEC - Fondo de Cooperación Técnica - No Reembolsable - 500728,,FONTEC - Fondo de Cooperación Técnica,No Reembolsable,36750.0,cooperacion,Panamá,Cooperación Técnica,,1.0,PRE-42/2021 - Panamá (PAN) - FONTEC - Fondo de Cooperación Técnica - No Reembolsable - 500728,Regional No-Fundador
252,2020,1.0,,PRE-87/2020 - Regional - FONTEC - Fondo de Cooperación Técnica - No Reembolsable - 500609,,FONTEC - Fondo de Cooperación Técnica,No Reembolsable,750000.0,cooperacion,Regional,Cooperación Técnica,,1.0,PRE-87/2020 - Regional - FONTEC - Fondo de Cooperación Técnica - No Reembolsable - 500609,Sin clasificar
253,2020,1.0,,DI-21/2020 - Costa Rica (CRI) - Fondos Ordinarios - No Reembolsable - 500520,,Fondos Ordinarios,No Reembolsable,1000000.0,cooperacion,Costa Rica,Ayuda de Emergencia y por Desastres Naturales,,1.0,DI-21/2020 - Costa Rica (CRI) - Fondos Ordinarios - No Reembolsable - 500520,Fundador
254,2023,1.0,,DI-126/2023 - El Salvador (SLV) - Fondos Ordinarios - No Reembolsable - 501095,,Fondos Ordinarios,No Reembolsable,1000000.0,cooperacion,El Salvador,Ayuda de Emergencia y por Desastres Naturales,,1.0,DI-126/2023 - El Salvador (SLV) - Fondos Ordinarios - No Reembolsable - 501095,Fundador
255,2019,1.0,,PRE-101/2019 - Honduras (HND) - FONTEC - Fondo de Cooperación Técnica - No Reembolsable - 500483,,FONTEC - Fondo de Cooperación Técnica,No Reembolsable,87150.0,cooperacion,Honduras,Cooperación Técnica,,1.0,PRE-101/2019 - Honduras (HND) - FONTEC - Fondo de Cooperación Técnica - No Reembolsable - 500483,Fundador
256,2020,1.0,,DI-133/2020 - Guatemala (GTM) - Fondos Ordinarios - No Reembolsable - 500655,,Fondos Ordinarios,No Reembolsable,500000.0,cooperacion,Guatemala,Ayuda de Emergencia y por Desastres Naturales,,1.0,DI-133/2020 - Guatemala (GTM) - Fondos Ordinarios - No Reembolsable - 500655,Fundador
257,2023,1.0,,DI-96/2023 - Republica Dominicana (DOM) - Fondos Ordinarios - No Reembolsable - 501077,,Fondos Ordinarios,No Reembolsable,500000.0,cooperacion,República Dominicana,Ayuda de Emergencia y por Desastres Naturales,,1.0,DI-96/2023 - Republica Dominicana (DOM) - Fondos Ordinarios - No Reembolsable - 501077,Regional No-Fundador
258,2021,1.0,,PRE-85/2021 - Panamá (PAN) - FONTEC - Fondo de Cooperación Técnica - No Reembolsable - 500762,,FONTEC - Fondo de Cooperación Técnica,No Reembolsable,18900.0,cooperacion,Panamá,Cooperación Técnica,,1.0,PRE-85/2021 - Panamá (PAN) - FONTEC - Fondo de Cooperación Técnica - No Reembolsable - 500762,Regional No-Fundador
259,2020,1.0,,PRE-90/2020 - Regional - FONTEC - Fondo de Cooperación Técnica - No Reembolsable - 500618,,FONTEC - Fondo de Cooperación Técnica,No Reembolsable,105000.0,cooperacion,Regional,Cooperación Técnica,,1.0,PRE-90/2020 - Regional - FONTEC - Fondo de Cooperación Técnica - No Reembolsable - 500618,Sin clasificar
260,2020,1.0,,DI-76/2020 - Costa Rica (CRI) - FONTEC - Fondo de Cooperación Técnica - Recuperación Contingente - 500559,,FONTEC - Fondo de Cooperación Técnica,Recuperación Contingente,916072.22,cooperacion,Costa Rica,Cooperación Técnica,,1.0,DI-76/2020 - Costa Rica (CRI) - FONTEC - Fondo de Cooperación Técnica - Recuperación Contingente - 500559,Fundador
261,2023,1.0,,DI-13/2023 - El Salvador (SLV) - Fondos Ordinarios - No Reembolsable - 500941,,Fondos Ordinarios,No Reembolsable,250000.0,cooperacion,El Salvador,Ayuda de Emergencia y por Desastres Naturales,,1.0,DI-13/2023 - El Salvador (SLV) - Fondos Ordinarios - No Reembolsable - 500941,Fundador
262,2019,1.0,,PRE-103/2019 - Honduras (HND) - FONTEC - Fondo de Cooperación Técnica - No Reembolsable - 500482,,FONTEC - Fondo de Cooperación Técnica,No Reembolsable,99750.0,cooperacion,Honduras,Cooperación Técnica,,1.0,PRE-103/2019 - Honduras (HND) - FONTEC - Fondo de Cooperación Técnica - No Reembolsable - 500482,Fundador
263,2020,1.0,,DI-21/2020 - Guatemala (GTM) - Fondos Ordinarios - No Reembolsable - 500524,,Fondos Ordinarios,No Reembolsable,1000000.0,cooperacion,Guatemala,Ayuda de Emergencia y por Desastres Naturales,,1.0,DI-21/2020 - Guatemala (GTM) - Fondos Ordinarios - No Reembolsable - 500524,Fundador
264,2023,1.0,,PRE-25/2023 - Republica Dominicana (DOM) - FONTEC - Fondo de Cooperación Técnica - No Reembolsable - 500953,,FONTEC - Fondo de Cooperación Técnica,No Reembolsable,4265.7,cooperacion,República Dominicana,Cooperación Técnica,,1.0,PRE-25/2023 - Republica Dominicana (DOM) - FONTEC - Fondo de Cooperación Técnica - No Reembolsable - 500953,Regional No-Fundador
265,2021,1.0,,Support the Internationalization platform for SICA Firms under the Free Trade Agreement between the Republic of Korea and Central America,,KTF,No Reembolsable,125000.0,cooperacion,Panamá,Cooperación Técnica,,1.0,Support the Internationalization platform for SICA Firms under the Free Trade Agreement between the Republic of Korea and Central America,Regional No-Fundador
266,2020,1.0,,Regional investment fund,,KTF,No Reembolsable,100000.0,cooperacion,Regional,Cooperación Técnica,,1.0,Regional investment fund,Sin clasificar
267,2020,1.0,,DI-87/2020 - Costa Rica (CRI) - Fondos Ordinarios - No Reembolsable - 500617,,Fondos Ordinarios,No Reembolsable,500000.0,cooperacion,Costa Rica,Ayuda de Emergencia y por Desastres Naturales,,1.0,DI-87/2020 - Costa Rica (CRI) - Fondos Ordinarios - No Reembolsable - 500617,Fundador
268,2023,1.0,,DI-83/2023 - El Salvador (SLV) - Fondos Ordinarios - No Reembolsable - DI-83/2023,,Fondos Ordinarios,No Reembolsable,160000.0,cooperacion,El Salvador,Otras Cooperaciones Financieras,,1.0,DI-83/2023 - El Salvador (SLV) - Fondos Ordinarios - No Reembolsable - DI-83/2023,Fundador
269,2019,1.0,,PRE-25/2019 - Honduras (HND) - FONTEC - Fondo de Cooperación Técnica - No Reembolsable - 500407,,FONTEC - Fondo de Cooperación Técnica,No Reembolsable,14700.0,cooperacion,Honduras,Cooperación Técnica,,1.0,PRE-25/2019 - Honduras (HND) - FONTEC - Fondo de Cooperación Técnica - No Reembolsable - 500407,Fundador
270,2020,1.0,,DI-87/2020 - Guatemala (GTM) - Fondos Ordinarios - No Reembolsable - 500656,,Fondos Ordinarios,No Reembolsable,500000.0,cooperacion,Guatemala,Ayuda de Emergencia y por Desastres Naturales,,1.0,DI-87/2020 - Guatemala (GTM) - Fondos Ordinarios - No Reembolsable - 500656,Fundador
271,2023,1.0,,PRE-26/2023 - Republica Dominicana (DOM) - FONTEC - Fondo de Cooperación Técnica - No Reembolsable - 500952,,FONTEC - Fondo de Cooperación Técnica,No Reembolsable,48168.75,cooperacion,República Dominicana,Cooperación Técnica,,1.0,PRE-26/2023 - Republica Dominicana (DOM) - FONTEC - Fondo de Cooperación Técnica - No Reembolsable - 500952,Regional No-Fundador
272,2022,1.0,,DI-145/2022 - Panamá (PAN) - Fondos Ordinarios - No Reembolsable - 500876,,Fondos Ordinarios,No Reembolsable,1000000.0,cooperacion,Panamá,Cooperación de Países Fundadores y Regionales no Fundadores,,1.0,DI-145/2022 - Panamá (PAN) - Fondos Ordinarios - No Reembolsable - 500876,Regional No-Fundador
273,2021,1.0,,Development of a Trade Repository for the cross-border clearing and settlement of sovereign securities,,KTF,No Reembolsable,100000.0,cooperacion,Regional,Cooperación Técnica,,1.0,Development of a Trade Repository for the cross-border clearing and settlement of sovereign securities,Sin clasificar
274,2020,1.0,,Integration of Battery Energy Storage Systems (BESS) in CA,,KTF,No Reembolsable,58333.33,cooperacion,Costa Rica,Cooperación Técnica,,1.0,Integration of Battery Energy Storage Systems (BESS) in CA,Fundador
275,2023,1.0,,PRE-123/2023 - El Salvador (SLV) - FONTEC - Fondo de Cooperación Técnica - No Reembolsable - 501092,,FONTEC - Fondo de Cooperación Técnica,No Reembolsable,52500.0,cooperacion,El Salvador,Cooperación Técnica,,1.0,PRE-123/2023 - El Salvador (SLV) - FONTEC - Fondo de Cooperación Técnica - No Reembolsable - 501092,Fundador
276,2019,1.0,,PRE-51/2019 - Honduras (HND) - FONTEC - Fondo de Cooperación Técnica - No Reembolsable - 500443,,FONTEC - Fondo de Cooperación Técnica,No Reembolsable,3675.0,cooperacion,Honduras,Cooperación Técnica,,1.0,PRE-51/2019 - Honduras (HND) - FONTEC - Fondo de Cooperación Técnica - No Reembolsable - 500443,Fundador
277,2020,1.0,,Integration of Battery Energy Storage Systems (BESS) in CA,,KTF,No Reembolsable,58333.33,cooperacion,Guatemala,Cooperación Técnica,,1.0,Integration of Battery Energy Storage Systems (BESS) in CA,Fundador
278,2023,1.0,,PRE-43/2023 - Republica Dominicana (DOM) - FONTEC - Fondo de Cooperación Técnica - Recuperación Contingente - 500966,,FONTEC - Fondo de Cooperación Técnica,Recuperación Contingente,995000.0,cooperacion,República Dominicana,Cooperación Técnica,,1.0,PRE-43/2023 - Republica Dominicana (DOM) - FONTEC - Fondo de Cooperación Técnica - Recuperación Contingente - 500966,Regional No-Fundador
279,2022,1.0,,Integration of the Public Bus & Metro Systems in West Panama Province,,KTF,No Reembolsable,600000.0,cooperacion,Panamá,Cooperación Técnica,,1.0,Integration of the Public Bus & Metro Systems in West Panama Province,Regional No-Fundador
280,2021,1.0,,DI-151/2021 - Regional - FONTEC - Fondo de Cooperación Técnica - No Reembolsable - 500755,,FONTEC - Fondo de Cooperación Técnica,No Reembolsable,1540000.0,cooperacion,Regional,Cooperación Técnica,,1.0,DI-151/2021 - Regional - FONTEC - Fondo de Cooperación Técnica - No Reembolsable - 500755,Sin clasificar
281,2020,1.0,,PRE-08/2020 - Costa Rica (CRI) - FONTEC - Fondo de Cooperación Técnica - No Reembolsable - 500477,,FONTEC - Fondo de Cooperación Técnica,No Reembolsable,28875.0,cooperacion,Costa Rica,Cooperación Técnica,,1.0,PRE-08/2020 - Costa Rica (CRI) - FONTEC - Fondo de Cooperación Técnica - No Reembolsable - 500477,Fundador
282,2023,1.0,,PRE-42/2023 - El Salvador (SLV) - FONTEC - Fondo de Cooperación Técnica - No Reembolsable - 500945,,FONTEC - Fondo de Cooperación Técnica,No Reembolsable,63000.0,cooperacion,El Salvador,Cooperación Técnica,,1.0,PRE-42/2023 - El Salvador (SLV) - FONTEC - Fondo de Cooperación Técnica - No Reembolsable - 500945,Fundador
283,2019,1.0,,PRE-58/2019 - Honduras (HND) - FONTEC - Fondo de Cooperación Técnica - No Reembolsable - 500449,,FONTEC - Fondo de Cooperación Técnica,No Reembolsable,67024.65,cooperacion,Honduras,Cooperación Técnica,,1.0,PRE-58/2019 - Honduras (HND) - FONTEC - Fondo de Cooperación Técnica - No Reembolsable - 500449,Fundador
284,2020,1.0,,PRE-24/2020 - Guatemala (GTM) - FONTEC - Fondo de Cooperación Técnica - No Reembolsable - 500501,,FONTEC - Fondo de Cooperación Técnica,No Reembolsable,35749.5,cooperacion,Guatemala,Cooperación Técnica,,1.0,PRE-24/2020 - Guatemala (GTM) - FONTEC - Fondo de Cooperación Técnica - No Reembolsable - 500501,Fundador
285,2023,1.0,,PRE-45/2023 - Republica Dominicana (DOM) - FONTEC - Fondo de Cooperación Técnica - No Reembolsable - 500958,,FONTEC - Fondo de Cooperación Técnica,No Reembolsable,52500.0,cooperacion,República Dominicana,Cooperación Técnica,,1.0,PRE-45/2023 - Republica Dominicana (DOM) - FONTEC - Fondo de Cooperación Técnica - No Reembolsable - 500958,Regional No-Fundador
286,2024,1.0,,DI-140/2024 - Panamá (PAN) - Fondos Ordinarios - No Reembolsable - 501190,,Fondos Ordinarios,No Reembolsable,725000.0,cooperacion,Panamá,Iniciativa PRODES,,1.0,DI-140/2024 - Panamá (PAN) - Fondos Ordinarios - No Reembolsable - 501190,Regional No-Fundador
287,2021,1.0,,PRE-112/2021 - Regional - FONTEC - Fondo de Cooperación Técnica - No Reembolsable - 500780,,FONTEC - Fondo de Cooperación Técnica,No Reembolsable,74313.75,cooperacion,Regional,Cooperación Técnica,,1.0,PRE-112/2021 - Regional - FONTEC - Fondo de Cooperación Técnica - No Reembolsable - 500780,Sin clasificar
288,2020,1.0,,PRE-124/2020 - Costa Rica (CRI) - FONTEC - Fondo de Cooperación Técnica - No Reembolsable - 500653,,FONTEC - Fondo de Cooperación Técnica,No Reembolsable,75000.0,cooperacion,Costa Rica,Cooperación Técnica,,1.0,PRE-124/2020 - Costa Rica (CRI) - FONTEC - Fondo de Cooperación Técnica - No Reembolsable - 500653,Fundador
289,2024,1.0,,DI-44/2024 - El Salvador (SLV) - Fondos Ordinarios - No Reembolsable - 501132,,Fondos Ordinarios,No Reembolsable,1000000.0,cooperacion,El Salvador,Ayuda de Emergencia y por Desastres Naturales,,1.0,DI-44/2024 - El Salvador (SLV) - Fondos Ordinarios - No Reembolsable - 501132,Fundador
290,2019,1.0,,PRE-71/2019 - Honduras (HND) - FONTEC - Fondo de Cooperación Técnica - No Reembolsable - 500461,,FONTEC - Fondo de Cooperación Técnica,No Reembolsable,99039.25,cooperacion,Honduras,Cooperación Técnica,,1.0,PRE-71/2019 - Honduras (HND) - FONTEC - Fondo de Cooperación Técnica - No Reembolsable - 500461,Fundador
291,2020,1.0,,PRE-67/2020 - Guatemala (GTM) - FONTEC - Fondo de Cooperación Técnica - No Reembolsable - 500613,,FONTEC - Fondo de Cooperación Técnica,No Reembolsable,26250.0,cooperacion,Guatemala,Cooperación Técnica,,1.0,PRE-67/2020 - Guatemala (GTM) - FONTEC - Fondo de Cooperación Técnica - No Reembolsable - 500613,Fundador
292,2023,1.0,,PRE-90/2023 - Republica Dominicana (DOM) - FONTEC - Fondo de Cooperación Técnica - No Reembolsable - 500956,,FONTEC - Fondo de Cooperación Técnica,No Reembolsable,52500.0,cooperacion,República Dominicana,Cooperación Técnica,,1.0,PRE-90/2023 - Republica Dominicana (DOM) - FONTEC - Fondo de Cooperación Técnica - No Reembolsable - 500956,Regional No-Fundador
293,2021,1.0,,PRE-120/2021 - Regional - FONTEC - Fondo de Cooperación Técnica - No Reembolsable - 500670,,FONTEC - Fondo de Cooperación Técnica,No Reembolsable,78750.0,cooperacion,Regional,Cooperación Técnica,,1.0,PRE-120/2021 - Regional - FONTEC - Fondo de Cooperación Técnica - No Reembolsable - 500670,Sin clasificar
294,2020,1.0,,PRE-14/2020 - Costa Rica (CRI) - FONTEC - Fondo de Cooperación Técnica - No Reembolsable - 500499,,FONTEC - Fondo de Cooperación Técnica,No Reembolsable,36739.5,cooperacion,Costa Rica,Cooperación Técnica,,1.0,PRE-14/2020 - Costa Rica (CRI) - FONTEC - Fondo de Cooperación Técnica - No Reembolsable - 500499,Fundador
295,2024,1.0,,DI-99/2024 - El Salvador (SLV) - Fondos Ordinarios - No Reembolsable - 501153,,Fondos Ordinarios,No Reembolsable,725000.0,cooperacion,El Salvador,Cooperación de Países Fundadores y Regionales no Fundadores,,1.0,DI-99/2024 - El Salvador (SLV) - Fondos Ordinarios - No Reembolsable - 501153,Fundador
296,2020,1.0,,DI-132/2020 - Honduras (HND) - Fondos Ordinarios - No Reembolsable - 500654,,Fondos Ordinarios,No Reembolsable,500000.0,cooperacion,Honduras,Ayuda de Emergencia y por Desastres Naturales,,1.0,DI-132/2020 - Honduras (HND) - Fondos Ordinarios - No Reembolsable - 500654,Fundador
297,2020,1.0,,PRE-88/2020 - Guatemala (GTM) - FONTEC - Fondo de Cooperación Técnica - No Reembolsable - 500509,,FONTEC - Fondo de Cooperación Técnica,No Reembolsable,71988.0,cooperacion,Guatemala,Cooperación Técnica,,1.0,PRE-88/2020 - Guatemala (GTM) - FONTEC - Fondo de Cooperación Técnica - No Reembolsable - 500509,Fundador
298,2024,1.0,,DI-103/2024 - Republica Dominicana (DOM) - Fondos Ordinarios - No Reembolsable - 501161,,Fondos Ordinarios,No Reembolsable,525000.0,cooperacion,República Dominicana,Iniciativa PRODES,,1.0,DI-103/2024 - Republica Dominicana (DOM) - Fondos Ordinarios - No Reembolsable - 501161,Regional No-Fundador
299,2021,1.0,,PRE-13/2021 - Regional - FONTEC - Fondo de Cooperación Técnica - No Reembolsable - 500685,,FONTEC - Fondo de Cooperación Técnica,No Reembolsable,34650.0,cooperacion,Regional,Cooperación Técnica,,1.0,PRE-13/2021 - Regional - FONTEC - Fondo de Cooperación Técnica - No Reembolsable - 500685,Sin clasificar
300,2020,1.0,,Republic of Korea’s In-kind contribution to support Central America’s response to COVID-19,,KTF,No Reembolsable,333333.33,cooperacion,Costa Rica,Cooperación Técnica,,1.0,Republic of Korea’s In-kind contribution to support Central America’s response to COVID-19,Fundador
301,2014,1.0,,PRE-33/2014 - Institucional - FONTEC - Fondo de Cooperación Técnica - No Reembolsable - 302453,,FONTEC - Fondo de Cooperación Técnica,No Reembolsable,82040.0,cooperacion,Institucional,Cooperación Técnica,,1.0,PRE-33/2014 - Institucional - FONTEC - Fondo de Cooperación Técnica - No Reembolsable - 302453,Sin clasificar
302,2020,1.0,,DI-21/2020 - Honduras (HND) - Fondos Ordinarios - No Reembolsable - 500523,,Fondos Ordinarios,No Reembolsable,1000000.0,cooperacion,Honduras,Ayuda de Emergencia y por Desastres Naturales,,1.0,DI-21/2020 - Honduras (HND) - Fondos Ordinarios - No Reembolsable - 500523,Fundador
303,2020,1.0,,Republic of Korea’s In-kind contribution to support Central America’s response to COVID-19,,KTF,No Reembolsable,333333.33,cooperacion,Guatemala,Cooperación Técnica,,1.0,Republic of Korea’s In-kind contribution to support Central America’s response to COVID-19,Fundador
304,2024,1.0,,DI-133/2024 - Republica Dominicana (DOM) - Fondos Ordinarios - No Reembolsable - 501175,,Fondos Ordinarios,No Reembolsable,200000.0,cooperacion,República Dominicana,Iniciativa PRODES,,1.0,DI-133/2024 - Republica Dominicana (DOM) - Fondos Ordinarios - No Reembolsable - 501175,Regional No-Fundador
305,2021,1.0,,PRE-15/2021 - Regional - FONTEC - Fondo de Cooperación Técnica - No Reembolsable - 500687,,FONTEC - Fondo de Cooperación Técnica,No Reembolsable,52500.0,cooperacion,Regional,Cooperación Técnica,,1.0,PRE-15/2021 - Regional - FONTEC - Fondo de Cooperación Técnica - No Reembolsable - 500687,Sin clasificar
306,2021,1.0,,DI-22/2021 - Costa Rica (CRI) - Fondos Ordinarios - No Reembolsable - 500713,,Fondos Ordinarios,No Reembolsable,500000.0,cooperacion,Costa Rica,Ayuda de Emergencia y por Desastres Naturales,,1.0,DI-22/2021 - Costa Rica (CRI) - Fondos Ordinarios - No Reembolsable - 500713,Fundador
307,2016,1.0,,PRE-23/2016 - Institucional - FONTEC - Fondo de Cooperación Técnica - No Reembolsable - 500175,,FONTEC - Fondo de Cooperación Técnica,No Reembolsable,17869.5,cooperacion,Institucional,Cooperación Técnica,,1.0,PRE-23/2016 - Institucional - FONTEC - Fondo de Cooperación Técnica - No Reembolsable - 500175,Sin clasificar
308,2020,1.0,,DI-87/2020 - Honduras (HND) - Fondos Ordinarios - No Reembolsable - 500622,,Fondos Ordinarios,No Reembolsable,500000.0,cooperacion,Honduras,Ayuda de Emergencia y por Desastres Naturales,,1.0,DI-87/2020 - Honduras (HND) - Fondos Ordinarios - No Reembolsable - 500622,Fundador
309,2020,1.0,,Support natural disaster redevelopment efforts incorporating climate adaption measure,,KTF,No Reembolsable,116666.67,cooperacion,Guatemala,Cooperación Técnica,,1.0,Support natural disaster redevelopment efforts incorporating climate adaption measure,Fundador
310,2024,1.0,,DI-39/2024 - Republica Dominicana (DOM) - Fondos Ordinarios - No Reembolsable - 501129,,Fondos Ordinarios,No Reembolsable,600000.0,cooperacion,República Dominicana,Ayuda de Emergencia y por Desastres Naturales,,1.0,DI-39/2024 - Republica Dominicana (DOM) - Fondos Ordinarios - No Reembolsable - 501129,Regional No-Fundador
311,2021,1.0,,PRE-60/2021 - Regional - FATPIR - Fondo de Asistencia Técnica para Proyectos de Integración Regional - No Reembolsable - 500733,,FATPIR - Fondo de Asistencia Técnica para Proyectos de Integración Regional,No Reembolsable,25000.0,cooperacion,Regional,Cooperación Técnica,,1.0,PRE-60/2021 - Regional - FATPIR - Fondo de Asistencia Técnica para Proyectos de Integración Regional - No Reembolsable - 500733,Sin clasificar
312,2021,1.0,,Leveraging Technologies to Support the Governement of Costa Rica with the development of a climate-smart greenhouse ,,KTF,No Reembolsable,700000.0,cooperacion,Costa Rica,Cooperación Técnica,,1.0,Leveraging Technologies to Support the Governement of Costa Rica with the development of a climate-smart greenhouse ,Fundador
313,2016,1.0,,PRE-40/2016 - Institucional - FONTEC - Fondo de Cooperación Técnica - No Reembolsable - 500194,,FONTEC - Fondo de Cooperación Técnica,No Reembolsable,31500.0,cooperacion,Institucional,Cooperación Técnica,,1.0,PRE-40/2016 - Institucional - FONTEC - Fondo de Cooperación Técnica - No Reembolsable - 500194,Sin clasificar
314,2020,1.0,,DI-91/2020 - Honduras (HND) - Fondos Ordinarios - No Reembolsable - 500519,,Fondos Ordinarios,No Reembolsable,1000000.0,cooperacion,Honduras,Cooperación de Países Fundadores y Regionales no Fundadores,,1.0,DI-91/2020 - Honduras (HND) - Fondos Ordinarios - No Reembolsable - 500519,Fundador
315,2021,1.0,,DI-22/2021 - Guatemala (GTM) - Fondos Ordinarios - No Reembolsable - 500748,,Fondos Ordinarios,No Reembolsable,500000.0,cooperacion,Guatemala,Ayuda de Emergencia y por Desastres Naturales,,1.0,DI-22/2021 - Guatemala (GTM) - Fondos Ordinarios - No Reembolsable - 500748,Fundador
316,2024,1.0,,PRE-12/2024 - Republica Dominicana (DOM) - FONTEC - Fondo de Cooperación Técnica - No Reembolsable - 501101,,FONTEC - Fondo de Cooperación Técnica,No Reembolsable,42000.0,cooperacion,República Dominicana,Cooperación Técnica,,1.0,PRE-12/2024 - Republica Dominicana (DOM) - FONTEC - Fondo de Cooperación Técnica - No Reembolsable - 501101,Regional No-Fundador
317,2021,1.0,,PRE-79/2021 - Regional - FATPIR - Fondo de Asistencia Técnica para Proyectos de Integración Regional - No Reembolsable - 500753,,FATPIR - Fondo de Asistencia Técnica para Proyectos de Integración Regional,No Reembolsable,740000.0,cooperacion,Regional,Cooperación Técnica,,1.0,PRE-79/2021 - Regional - FATPIR - Fondo de Asistencia Técnica para Proyectos de Integración Regional - No Reembolsable - 500753,Sin clasificar
318,2021,1.0,,PRE-16/2021 - Costa Rica (CRI) - FONTEC - Fondo de Cooperación Técnica - Recuperación Contingente - 500667,,FONTEC - Fondo de Cooperación Técnica,Recuperación Contingente,550000.0,cooperacion,Costa Rica,Cooperación Técnica,,1.0,PRE-16/2021 - Costa Rica (CRI) - FONTEC - Fondo de Cooperación Técnica - Recuperación Contingente - 500667,Fundador
319,2016,1.0,,PRE-51/2016 - Institucional - FONTEC - Fondo de Cooperación Técnica - No Reembolsable - 500216,,FONTEC - Fondo de Cooperación Técnica,No Reembolsable,113051.4,cooperacion,Institucional,Cooperación Técnica,,1.0,PRE-51/2016 - Institucional - FONTEC - Fondo de Cooperación Técnica - No Reembolsable - 500216,Sin clasificar
320,2020,1.0,,Integration of Battery Energy Storage Systems (BESS) in CA,,KTF,No Reembolsable,58333.33,cooperacion,Honduras,Cooperación Técnica,,1.0,Integration of Battery Energy Storage Systems (BESS) in CA,Fundador
321,2021,1.0,,PRE-18/2021 - Guatemala (GTM) - FONTEC - Fondo de Cooperación Técnica - No Reembolsable - 500682,,FONTEC - Fondo de Cooperación Técnica,No Reembolsable,42000.0,cooperacion,Guatemala,Cooperación Técnica,,1.0,PRE-18/2021 - Guatemala (GTM) - FONTEC - Fondo de Cooperación Técnica - No Reembolsable - 500682,Fundador
322,2024,1.0,,PRE-60/2024 - Republica Dominicana (DOM) - FONTEC - Fondo de Cooperación Técnica - No Reembolsable - 501137,,FONTEC - Fondo de Cooperación Técnica,No Reembolsable,52500.0,cooperacion,República Dominicana,Cooperación Técnica,,1.0,PRE-60/2024 - Republica Dominicana (DOM) - FONTEC - Fondo de Cooperación Técnica - No Reembolsable - 501137,Regional No-Fundador
323,2021,1.0,,PRE-91/2021 - Regional - FCC - Fondo de Preparación de Proyectos de Inversión en Cambio Climático - No Reembolsable - 500751,,FCC - Fondo de Preparación de Proyectos de Inversión en Cambio Climático,No Reembolsable,430000.0,cooperacion,Regional,Cooperación Técnica,,1.0,PRE-91/2021 - Regional - FCC - Fondo de Preparación de Proyectos de Inversión en Cambio Climático - No Reembolsable - 500751,Sin clasificar
324,2021,1.0,,PRE-19/2021 - Costa Rica (CRI) - FONTEC - Fondo de Cooperación Técnica - Recuperación Contingente - 500536,,FONTEC - Fondo de Cooperación Técnica,Recuperación Contingente,470052.5,cooperacion,Costa Rica,Cooperación Técnica,,1.0,PRE-19/2021 - Costa Rica (CRI) - FONTEC - Fondo de Cooperación Técnica - Recuperación Contingente - 500536,Fundador
325,2021,1.0,,PRE-38/2021 - Institucional - FONTEC - Fondo de Cooperación Técnica - No Reembolsable - 500708,,FONTEC - Fondo de Cooperación Técnica,No Reembolsable,26250.0,cooperacion,Institucional,Cooperación Técnica,,1.0,PRE-38/2021 - Institucional - FONTEC - Fondo de Cooperación Técnica - No Reembolsable - 500708,Sin clasificar
326,2020,1.0,,PRE-06/2020 - Honduras (HND) - FONTEC - Fondo de Cooperación Técnica - No Reembolsable - 500491,,FONTEC - Fondo de Cooperación Técnica,No Reembolsable,99750.0,cooperacion,Honduras,Cooperación Técnica,,1.0,PRE-06/2020 - Honduras (HND) - FONTEC - Fondo de Cooperación Técnica - No Reembolsable - 500491,Fundador
327,2021,1.0,,PRE-20/2021 - Guatemala (GTM) - FONTEC - Fondo de Cooperación Técnica - No Reembolsable - 500679,,FONTEC - Fondo de Cooperación Técnica,No Reembolsable,26250.0,cooperacion,Guatemala,Cooperación Técnica,,1.0,PRE-20/2021 - Guatemala (GTM) - FONTEC - Fondo de Cooperación Técnica - No Reembolsable - 500679,Fundador
328,2024,1.0,,PRE-61/2024 - Republica Dominicana (DOM) - FONTEC - Fondo de Cooperación Técnica - No Reembolsable - 501143,,FONTEC - Fondo de Cooperación Técnica,No Reembolsable,99750.0,cooperacion,República Dominicana,Cooperación Técnica,,1.0,PRE-61/2024 - Republica Dominicana (DOM) - FONTEC - Fondo de Cooperación Técnica - No Reembolsable - 501143,Regional No-Fundador
329,2021,1.0,,PRE-92/2021 - Regional - FONTEC - Fondo de Cooperación Técnica - No Reembolsable - 500775,,FONTEC - Fondo de Cooperación Técnica,No Reembolsable,52500.0,cooperacion,Regional,Cooperación Técnica,,1.0,PRE-92/2021 - Regional - FONTEC - Fondo de Cooperación Técnica - No Reembolsable - 500775,Sin clasificar
330,2021,1.0,,PRE-41/2021 - Costa Rica (CRI) - FONTEC - Fondo de Cooperación Técnica - No Reembolsable - 500723,,FONTEC - Fondo de Cooperación Técnica,No Reembolsable,99750.0,cooperacion,Costa Rica,Cooperación Técnica,,1.0,PRE-41/2021 - Costa Rica (CRI) - FONTEC - Fondo de Cooperación Técnica - No Reembolsable - 500723,Fundador
331,2022,1.0,,PRE-18/2022 - Institucional - FONTEC - Fondo de Cooperación Técnica - No Reembolsable - 500809,,FONTEC - Fondo de Cooperación Técnica,No Reembolsable,50400.0,cooperacion,Institucional,Cooperación Técnica,,1.0,PRE-18/2022 - Institucional - FONTEC - Fondo de Cooperación Técnica - No Reembolsable - 500809,Sin clasificar
332,2020,1.0,,PRE-07/2020 - Honduras (HND) - FONTEC - Fondo de Cooperación Técnica - No Reembolsable - 500496,,FONTEC - Fondo de Cooperación Técnica,No Reembolsable,56700.0,cooperacion,Honduras,Cooperación Técnica,,1.0,PRE-07/2020 - Honduras (HND) - FONTEC - Fondo de Cooperación Técnica - No Reembolsable - 500496,Fundador
333,2021,1.0,,PRE-99/2021 - Guatemala (GTM) - FONTEC - Fondo de Cooperación Técnica - No Reembolsable - 500778,,FONTEC - Fondo de Cooperación Técnica,No Reembolsable,26250.0,cooperacion,Guatemala,Cooperación Técnica,,1.0,PRE-99/2021 - Guatemala (GTM) - FONTEC - Fondo de Cooperación Técnica - No Reembolsable - 500778,Fundador
334,2024,1.0,,PRE-71/2024 - Republica Dominicana (DOM) - FONTEC - Fondo de Cooperación Técnica - No Reembolsable - 501136,,FONTEC - Fondo de Cooperación Técnica,No Reembolsable,99750.0,cooperacion,República Dominicana,Cooperación Técnica,,1.0,PRE-71/2024 - Republica Dominicana (DOM) - FONTEC - Fondo de Cooperación Técnica - No Reembolsable - 501136,Regional No-Fundador
335,2021,1.0,,South Korea-CABEI Cultural Exchange Program ,,KTF,No Reembolsable,100000.0,cooperacion,Regional,Cooperación Técnica,,1.0,South Korea-CABEI Cultural Exchange Program ,Sin clasificar
336,2021,1.0,,PRE-77/2021 - Costa Rica (CRI) - FONTEC - Fondo de Cooperación Técnica - No Reembolsable - 500735,,FONTEC - Fondo de Cooperación Técnica,No Reembolsable,99750.0,cooperacion,Costa Rica,Cooperación Técnica,,1.0,PRE-77/2021 - Costa Rica (CRI) - FONTEC - Fondo de Cooperación Técnica - No Reembolsable - 500735,Fundador
337,2022,1.0,,PRE-54/2022 - Institucional - FONTEC - Fondo de Cooperación Técnica - No Reembolsable - 500846,,FONTEC - Fondo de Cooperación Técnica,No Reembolsable,88200.0,cooperacion,Institucional,Cooperación Técnica,,1.0,PRE-54/2022 - Institucional - FONTEC - Fondo de Cooperación Técnica - No Reembolsable - 500846,Sin clasificar
338,2020,1.0,,PRE-18/2020 - Honduras (HND) - FONTEC - Fondo de Cooperación Técnica - No Reembolsable - 500504,,FONTEC - Fondo de Cooperación Técnica,No Reembolsable,77070.0,cooperacion,Honduras,Cooperación Técnica,,1.0,PRE-18/2020 - Honduras (HND) - FONTEC - Fondo de Cooperación Técnica - No Reembolsable - 500504,Fundador
339,2021,1.0,,Support the Internationalization platform for SICA Firms under the Free Trade Agreement between the Republic of Korea and Central America,,KTF,No Reembolsable,125000.0,cooperacion,Guatemala,Cooperación Técnica,,1.0,Support the Internationalization platform for SICA Firms under the Free Trade Agreement between the Republic of Korea and Central America,Fundador
340,2024,1.0,,PRE-96/2024 - Republica Dominicana (DOM) - FONTEC - Fondo de Cooperación Técnica - No Reembolsable - 501172,,FONTEC - Fondo de Cooperación Técnica,No Reembolsable,99750.0,cooperacion,República Dominicana,Cooperación Técnica,,1.0,PRE-96/2024 - Republica Dominicana (DOM) - FONTEC - Fondo de Cooperación Técnica - No Reembolsable - 501172,Regional No-Fundador
341,2021,1.0,,Strengthening CABEI’s and the Government of Honduras’ Institutional Competitiveness by advancing their Human Resources Management & Governance,,KTF,No Reembolsable,100000.0,cooperacion,Regional,Cooperación Técnica,,1.0,Strengthening CABEI’s and the Government of Honduras’ Institutional Competitiveness by advancing their Human Resources Management & Governance,Sin clasificar
342,2021,1.0,,Support the Internationalization platform for SICA Firms under the Free Trade Agreement between the Republic of Korea and Central America,,KTF,No Reembolsable,125000.0,cooperacion,Costa Rica,Cooperación Técnica,,1.0,Support the Internationalization platform for SICA Firms under the Free Trade Agreement between the Republic of Korea and Central America,Fundador
343,2020,1.0,,PRE-33/2020 - Honduras (HND) - FONTEC - Fondo de Cooperación Técnica - No Reembolsable - 500515,,FONTEC - Fondo de Cooperación Técnica,No Reembolsable,94500.0,cooperacion,Honduras,Cooperación Técnica,,1.0,PRE-33/2020 - Honduras (HND) - FONTEC - Fondo de Cooperación Técnica - No Reembolsable - 500515,Fundador
344,2022,1.0,,DI-151/2022 - Guatemala (GTM) - Fondos Ordinarios - No Reembolsable - 500908,,Fondos Ordinarios,No Reembolsable,500000.0,cooperacion,Guatemala,Ayuda de Emergencia y por Desastres Naturales,,1.0,DI-151/2022 - Guatemala (GTM) - Fondos Ordinarios - No Reembolsable - 500908,Fundador
345,2025,1.0,,DI-8/2025 - Republica Dominicana (DOM) - FONTEC - Fondo de Cooperación Técnica - Recuperación Contingente - 501191,,FONTEC - Fondo de Cooperación Técnica,Recuperación Contingente,209576.85,cooperacion,República Dominicana,Cooperación Técnica,,1.0,DI-8/2025 - Republica Dominicana (DOM) - FONTEC - Fondo de Cooperación Técnica - Recuperación Contingente - 501191,Regional No-Fundador
346,2022,1.0,,Coffee Cooperation between CABEI and the Republic of Korea,,KTF,No Reembolsable,100000.0,cooperacion,Regional,Cooperación Técnica,,1.0,Coffee Cooperation between CABEI and the Republic of Korea,Sin clasificar
347,2021,1.0,,"Wastewater treatment facility and sewage system inLiberia  Costa Rica",,KTF,No Reembolsable,600000.0,cooperacion,Costa Rica,Cooperación Técnica,,1.0,"Wastewater treatment facility and sewage system inLiberia  Costa Rica",Fundador
348,2020,1.0,,PRE-66/2020 - Honduras (HND) - FONTEC - Fondo de Cooperación Técnica - No Reembolsable - 500570,,FONTEC - Fondo de Cooperación Técnica,No Reembolsable,26250.0,cooperacion,Honduras,Cooperación Técnica,,1.0,PRE-66/2020 - Honduras (HND) - FONTEC - Fondo de Cooperación Técnica - No Reembolsable - 500570,Fundador
349,2022,1.0,,DI-34/2022 - Guatemala (GTM) - Fondos Ordinarios - No Reembolsable - 500813,,Fondos Ordinarios,No Reembolsable,1000000.0,cooperacion,Guatemala,Cooperación de Países Fundadores y Regionales no Fundadores,,1.0,DI-34/2022 - Guatemala (GTM) - Fondos Ordinarios - No Reembolsable - 500813,Fundador
350,2025,1.0,,PRE-22/2025 - Republica Dominicana (DOM) - FCC - Fondo de Preparación de Proyectos de Inversión en Cambio Climático - No Reembolsable - 501214,,FCC - Fondo de Preparación de Proyectos de Inversión en Cambio Climático,No Reembolsable,99750.0,cooperacion,República Dominicana,Cooperación Técnica,,1.0,PRE-22/2025 - Republica Dominicana (DOM) - FCC - Fondo de Preparación de Proyectos de Inversión en Cambio Climático - No Reembolsable - 501214,Regional No-Fundador
351,2022,1.0,,DI-130/2022 - Regional - Fondos Ordinarios - No Reembolsable - DI-130/2022,,Fondos Ordinarios,No Reembolsable,700000.0,cooperacion,Regional,Otras Cooperaciones Financieras,,1.0,DI-130/2022 - Regional - Fondos Ordinarios - No Reembolsable - DI-130/2022,Sin clasificar
352,2022,1.0,,Building Offshore Wind Capacity in Costa Rica,,KTF,No Reembolsable,600000.0,cooperacion,Costa Rica,Cooperación Técnica,,1.0,Building Offshore Wind Capacity in Costa Rica,Fundador
353,2020,1.0,,PRE-74/2020 - Honduras (HND) - FONTEC - Fondo de Cooperación Técnica - No Reembolsable - 500621,,FONTEC - Fondo de Cooperación Técnica,No Reembolsable,78750.0,cooperacion,Honduras,Cooperación Técnica,,1.0,PRE-74/2020 - Honduras (HND) - FONTEC - Fondo de Cooperación Técnica - No Reembolsable - 500621,Fundador
354,2022,1.0,,DI-99/2022 - Guatemala (GTM) - Fondos Ordinarios - No Reembolsable - 500871,,Fondos Ordinarios,No Reembolsable,250000.0,cooperacion,Guatemala,Ayuda de Emergencia y por Desastres Naturales,,1.0,DI-99/2022 - Guatemala (GTM) - Fondos Ordinarios - No Reembolsable - 500871,Fundador
355,2025,1.0,,PRE-34/2025 - Republica Dominicana (DOM) - FONTEC - Fondo de Cooperación Técnica - No Reembolsable - 501216,,FONTEC - Fondo de Cooperación Técnica,No Reembolsable,99750.0,cooperacion,República Dominicana,Cooperación Técnica,,1.0,PRE-34/2025 - Republica Dominicana (DOM) - FONTEC - Fondo de Cooperación Técnica - No Reembolsable - 501216,Regional No-Fundador
356,2022,1.0,,PRE-102/2022 - Regional - FONTEC - Fondo de Cooperación Técnica - No Reembolsable - 500878,,FONTEC - Fondo de Cooperación Técnica,No Reembolsable,60480.0,cooperacion,Regional,Cooperación Técnica,,1.0,PRE-102/2022 - Regional - FONTEC - Fondo de Cooperación Técnica - No Reembolsable - 500878,Sin clasificar
357,2022,1.0,,DI-105/2022 - Costa Rica (CRI) - Fondos Ordinarios - No Reembolsable - 500870,,Fondos Ordinarios,No Reembolsable,1000000.0,cooperacion,Costa Rica,Cooperación de Países Fundadores y Regionales no Fundadores,,1.0,DI-105/2022 - Costa Rica (CRI) - Fondos Ordinarios - No Reembolsable - 500870,Fundador
358,2020,1.0,,PRE-89/2020 - Honduras (HND) - FONTEC - Fondo de Cooperación Técnica - No Reembolsable - 500631,,FONTEC - Fondo de Cooperación Técnica,No Reembolsable,16248.75,cooperacion,Honduras,Cooperación Técnica,,1.0,PRE-89/2020 - Honduras (HND) - FONTEC - Fondo de Cooperación Técnica - No Reembolsable - 500631,Fundador
359,2022,1.0,,PRE-07/2022 - Guatemala (GTM) - FONTEC - Fondo de Cooperación Técnica - No Reembolsable - 500746,,FONTEC - Fondo de Cooperación Técnica,No Reembolsable,78750.0,cooperacion,Guatemala,Cooperación Técnica,,1.0,PRE-07/2022 - Guatemala (GTM) - FONTEC - Fondo de Cooperación Técnica - No Reembolsable - 500746,Fundador
360,2025,1.0,,PRE-64/2025 - Republica Dominicana (DOM) - FONTEC - Fondo de Cooperación Técnica - No Reembolsable - 501235,,FONTEC - Fondo de Cooperación Técnica,No Reembolsable,99750.0,cooperacion,República Dominicana,Cooperación Técnica,,1.0,PRE-64/2025 - Republica Dominicana (DOM) - FONTEC - Fondo de Cooperación Técnica - No Reembolsable - 501235,Regional No-Fundador
361,2022,1.0,,PRE-132/2022 - Regional - FONTEC - Fondo de Cooperación Técnica - No Reembolsable - 500898,,FONTEC - Fondo de Cooperación Técnica,No Reembolsable,10500.0,cooperacion,Regional,Cooperación Técnica,,1.0,PRE-132/2022 - Regional - FONTEC - Fondo de Cooperación Técnica - No Reembolsable - 500898,Sin clasificar
362,2022,1.0,,DI-142/2022 - Costa Rica (CRI) - Fondos Ordinarios - No Reembolsable - 500893,,Fondos Ordinarios,No Reembolsable,500000.0,cooperacion,Costa Rica,Ayuda de Emergencia y por Desastres Naturales,,1.0,DI-142/2022 - Costa Rica (CRI) - Fondos Ordinarios - No Reembolsable - 500893,Fundador
363,2020,1.0,,PRE-97/2020 - Honduras (HND) - FONTEC - Fondo de Cooperación Técnica - No Reembolsable - 500632,,FONTEC - Fondo de Cooperación Técnica,No Reembolsable,21000.0,cooperacion,Honduras,Cooperación Técnica,,1.0,PRE-97/2020 - Honduras (HND) - FONTEC - Fondo de Cooperación Técnica - No Reembolsable - 500632,Fundador
364,2022,1.0,,PRE-15/2022 - Guatemala (GTM) - FATPIR - Fondo de Asistencia Técnica para Proyectos de Integración Regional - No Reembolsable - 500812,,FATPIR - Fondo de Asistencia Técnica para Proyectos de Integración Regional,No Reembolsable,130000.0,cooperacion,Guatemala,Cooperación Técnica,,1.0,PRE-15/2022 - Guatemala (GTM) - FATPIR - Fondo de Asistencia Técnica para Proyectos de Integración Regional - No Reembolsable - 500812,Fundador
365,2022,1.0,,PRE-67/2022 - Regional - FONTEC - Fondo de Cooperación Técnica - No Reembolsable - 500815,,FONTEC - Fondo de Cooperación Técnica,No Reembolsable,105000.0,cooperacion,Regional,Cooperación Técnica,,1.0,PRE-67/2022 - Regional - FONTEC - Fondo de Cooperación Técnica - No Reembolsable - 500815,Sin clasificar
366,2022,1.0,,PRE-111/2022 - Costa Rica (CRI) - FONTEC - Fondo de Cooperación Técnica - No Reembolsable - 500881,,FONTEC - Fondo de Cooperación Técnica,No Reembolsable,94500.0,cooperacion,Costa Rica,Cooperación Técnica,,1.0,PRE-111/2022 - Costa Rica (CRI) - FONTEC - Fondo de Cooperación Técnica - No Reembolsable - 500881,Fundador
367,2020,1.0,,Republic of Korea’s In-kind contribution to support Central America’s response to COVID-19,,KTF,No Reembolsable,333333.33,cooperacion,Honduras,Cooperación Técnica,,1.0,Republic of Korea’s In-kind contribution to support Central America’s response to COVID-19,Fundador
368,2022,1.0,,PRE-152/2022 - Guatemala (GTM) - FONTEC - Fondo de Cooperación Técnica - No Reembolsable - 500817,,FONTEC - Fondo de Cooperación Técnica,No Reembolsable,68250.0,cooperacion,Guatemala,Cooperación Técnica,,1.0,PRE-152/2022 - Guatemala (GTM) - FONTEC - Fondo de Cooperación Técnica - No Reembolsable - 500817,Fundador
369,2022,1.0,,PRE-73/2022 - Regional - FONTEC - Fondo de Cooperación Técnica - No Reembolsable - 500862,,FONTEC - Fondo de Cooperación Técnica,No Reembolsable,863500.0,cooperacion,Regional,Cooperación Técnica,,1.0,PRE-73/2022 - Regional - FONTEC - Fondo de Cooperación Técnica - No Reembolsable - 500862,Sin clasificar
370,2022,1.0,,PRE-150/2022 - Costa Rica (CRI) - FONTEC - Fondo de Cooperación Técnica - No Reembolsable - 500913,,FONTEC - Fondo de Cooperación Técnica,No Reembolsable,52500.0,cooperacion,Costa Rica,Cooperación Técnica,,1.0,PRE-150/2022 - Costa Rica (CRI) - FONTEC - Fondo de Cooperación Técnica - No Reembolsable - 500913,Fundador
371,2020,1.0,,Support natural disaster redevelopment efforts incorporating climate adaption measure,,KTF,No Reembolsable,116666.67,cooperacion,Honduras,Cooperación Técnica,,1.0,Support natural disaster redevelopment efforts incorporating climate adaption measure,Fundador
372,2022,1.0,,PRE-68/2022 - Guatemala (GTM) - FONTEC - Fondo de Cooperación Técnica - No Reembolsable - 500715,,FONTEC - Fondo de Cooperación Técnica,No Reembolsable,97650.0,cooperacion,Guatemala,Cooperación Técnica,,1.0,PRE-68/2022 - Guatemala (GTM) - FONTEC - Fondo de Cooperación Técnica - No Reembolsable - 500715,Fundador
373,2022,1.0,,PRE-81/2022 - Regional - FONTEC - Fondo de Cooperación Técnica - No Reembolsable - 500861,,FONTEC - Fondo de Cooperación Técnica,No Reembolsable,83265.0,cooperacion,Regional,Cooperación Técnica,,1.0,PRE-81/2022 - Regional - FONTEC - Fondo de Cooperación Técnica - No Reembolsable - 500861,Sin clasificar
374,2022,1.0,,Pre-Investment Plans for the Development and Modernization of Nationwide Fire Stations and Deployment of a Fire Detection Drone Pilot in Costa Rica,,KTF,No Reembolsable,520000.0,cooperacion,Costa Rica,Cooperación Técnica,,1.0,Pre-Investment Plans for the Development and Modernization of Nationwide Fire Stations and Deployment of a Fire Detection Drone Pilot in Costa Rica,Fundador
375,2021,1.0,, Modernization of La Ceiba Port through Water Development,,KTF,No Reembolsable,100000.0,cooperacion,Honduras,Cooperación Técnica,,1.0, Modernization of La Ceiba Port through Water Development,Fundador
376,2023,1.0,,PRE-24/2023 - Guatemala (GTM) - FCC - Fondo de Preparación de Proyectos de Inversión en Cambio Climático - No Reembolsable - 500947,,FCC - Fondo de Preparación de Proyectos de Inversión en Cambio Climático,No Reembolsable,650000.0,cooperacion,Guatemala,Cooperación Técnica,,1.0,PRE-24/2023 - Guatemala (GTM) - FCC - Fondo de Preparación de Proyectos de Inversión en Cambio Climático - No Reembolsable - 500947,Fundador
377,2022,1.0,,Support CABEI ROK Free Trade Conference in Seoul  South Korea,,KTF,No Reembolsable,100000.0,cooperacion,Regional,Cooperación Técnica,,1.0,Support CABEI ROK Free Trade Conference in Seoul  South Korea,Sin clasificar
378,2023,1.0,,DI-91/2023 - Costa Rica (CRI) - Fondos Ordinarios - No Reembolsable - DI-91/2023,,Fondos Ordinarios,No Reembolsable,1050000.0,cooperacion,Costa Rica,Otras Cooperaciones Financieras,,1.0,DI-91/2023 - Costa Rica (CRI) - Fondos Ordinarios - No Reembolsable - DI-91/2023,Fundador
379,2021,1.0,,DI-147/2021 - Honduras (HND) - Fondos Ordinarios - No Reembolsable - 500777,,Fondos Ordinarios,No Reembolsable,500000.0,cooperacion,Honduras,Ayuda de Emergencia y por Desastres Naturales,,1.0,DI-147/2021 - Honduras (HND) - Fondos Ordinarios - No Reembolsable - 500777,Fundador
380,2024,1.0,,DI-141/2024 - Guatemala (GTM) - Fondos Ordinarios - No Reembolsable - 501147,,Fondos Ordinarios,No Reembolsable,1000000.0,cooperacion,Guatemala,Ayuda de Emergencia y por Desastres Naturales,,1.0,DI-141/2024 - Guatemala (GTM) - Fondos Ordinarios - No Reembolsable - 501147,Fundador
381,2023,1.0,,1st Central American Economic Development Expert Program,,KTF,No Reembolsable,100000.0,cooperacion,Regional,Cooperación Técnica,,1.0,1st Central American Economic Development Expert Program,Sin clasificar
382,2023,1.0,,PRE-11/2023 - Costa Rica (CRI) - FONTEC - Fondo de Cooperación Técnica - Recuperación Contingente - 500943,,FONTEC - Fondo de Cooperación Técnica,Recuperación Contingente,550000.0,cooperacion,Costa Rica,Cooperación Técnica,,1.0,PRE-11/2023 - Costa Rica (CRI) - FONTEC - Fondo de Cooperación Técnica - Recuperación Contingente - 500943,Fundador
383,2021,1.0,,DI-22/2021 - Honduras (HND) - Fondos Ordinarios - No Reembolsable - 500707,,Fondos Ordinarios,No Reembolsable,500000.0,cooperacion,Honduras,Ayuda de Emergencia y por Desastres Naturales,,1.0,DI-22/2021 - Honduras (HND) - Fondos Ordinarios - No Reembolsable - 500707,Fundador
384,2024,1.0,,DI-24/2024 - Guatemala (GTM) - Fondos Ordinarios - No Reembolsable - 501115,,Fondos Ordinarios,No Reembolsable,78848.0,cooperacion,Guatemala,Ayuda de Emergencia y por Desastres Naturales,,1.0,DI-24/2024 - Guatemala (GTM) - Fondos Ordinarios - No Reembolsable - 501115,Fundador
385,2023,1.0,,Official Development Aid Documentary for South Korea and Central American Markets ,,KTF,No Reembolsable,100000.0,cooperacion,Regional,Cooperación Técnica,,1.0,Official Development Aid Documentary for South Korea and Central American Markets ,Sin clasificar
386,2023,1.0,,PRE-118/2023 - Costa Rica (CRI) - FONTEC - Fondo de Cooperación Técnica - No Reembolsable - 501060,,FONTEC - Fondo de Cooperación Técnica,No Reembolsable,99750.0,cooperacion,Costa Rica,Cooperación Técnica,,1.0,PRE-118/2023 - Costa Rica (CRI) - FONTEC - Fondo de Cooperación Técnica - No Reembolsable - 501060,Fundador
387,2021,1.0,,DI-26/2021 - Honduras (HND) - FONTEC - Fondo de Cooperación Técnica - Recuperación Contingente - 500659,,FONTEC - Fondo de Cooperación Técnica,Recuperación Contingente,5827114.79,cooperacion,Honduras,Cooperación Técnica,,1.0,DI-26/2021 - Honduras (HND) - FONTEC - Fondo de Cooperación Técnica - Recuperación Contingente - 500659,Fundador
388,2024,1.0,,DI-36/2024 - Guatemala (GTM) - Fondos Ordinarios - No Reembolsable - 501120,,Fondos Ordinarios,No Reembolsable,100000.0,cooperacion,Guatemala,Ayuda de Emergencia y por Desastres Naturales,,1.0,DI-36/2024 - Guatemala (GTM) - Fondos Ordinarios - No Reembolsable - 501120,Fundador
389,2023,1.0,,PRE-108/2023 - Regional - FCC - Fondo de Preparación de Proyectos de Inversión en Cambio Climático - No Reembolsable - 501094,,FCC - Fondo de Preparación de Proyectos de Inversión en Cambio Climático,No Reembolsable,87200.0,cooperacion,Regional,Cooperación Técnica,,1.0,PRE-108/2023 - Regional - FCC - Fondo de Preparación de Proyectos de Inversión en Cambio Climático - No Reembolsable - 501094,Sin clasificar
390,2023,1.0,,PRE-125/2023 - Costa Rica (CRI) - FCC - Fondo de Preparación de Proyectos de Inversión en Cambio Climático - No Reembolsable - 501086,,FCC - Fondo de Preparación de Proyectos de Inversión en Cambio Climático,No Reembolsable,50000.0,cooperacion,Costa Rica,Cooperación Técnica,,1.0,PRE-125/2023 - Costa Rica (CRI) - FCC - Fondo de Preparación de Proyectos de Inversión en Cambio Climático - No Reembolsable - 501086,Fundador
391,2021,1.0,,PRE-08/2021 - Honduras (HND) - FONTEC - Fondo de Cooperación Técnica - Recuperación Contingente - 500664,,FONTEC - Fondo de Cooperación Técnica,Recuperación Contingente,901120.0,cooperacion,Honduras,Cooperación Técnica,,1.0,PRE-08/2021 - Honduras (HND) - FONTEC - Fondo de Cooperación Técnica - Recuperación Contingente - 500664,Fundador
392,2025,1.0,,PRE-15/2025 - Guatemala (GTM) - FONTEC - Fondo de Cooperación Técnica - No Reembolsable - 501171,,FONTEC - Fondo de Cooperación Técnica,No Reembolsable,52500.0,cooperacion,Guatemala,Cooperación Técnica,,1.0,PRE-15/2025 - Guatemala (GTM) - FONTEC - Fondo de Cooperación Técnica - No Reembolsable - 501171,Fundador
393,2023,1.0,,PRE-110/2023 - Regional - FONTEC - Fondo de Cooperación Técnica - No Reembolsable - 501084,,FONTEC - Fondo de Cooperación Técnica,No Reembolsable,71400.0,cooperacion,Regional,Cooperación Técnica,,1.0,PRE-110/2023 - Regional - FONTEC - Fondo de Cooperación Técnica - No Reembolsable - 501084,Sin clasificar
394,2023,1.0,,PRE-20/2023 - Costa Rica (CRI) - FONTEC - Fondo de Cooperación Técnica - Recuperación Contingente - 500942,,FONTEC - Fondo de Cooperación Técnica,Recuperación Contingente,990000.0,cooperacion,Costa Rica,Cooperación Técnica,,1.0,PRE-20/2023 - Costa Rica (CRI) - FONTEC - Fondo de Cooperación Técnica - Recuperación Contingente - 500942,Fundador
395,2021,1.0,,PRE-09/2021 - Honduras (HND) - FONTEC - Fondo de Cooperación Técnica - Recuperación Contingente - 500510,,FONTEC - Fondo de Cooperación Técnica,Recuperación Contingente,654500.0,cooperacion,Honduras,Cooperación Técnica,,1.0,PRE-09/2021 - Honduras (HND) - FONTEC - Fondo de Cooperación Técnica - Recuperación Contingente - 500510,Fundador
396,2025,1.0,,PRE-20/2025 - Guatemala (GTM) - FONTEC - Fondo de Cooperación Técnica - No Reembolsable - 501189,,FONTEC - Fondo de Cooperación Técnica,No Reembolsable,99750.0,cooperacion,Guatemala,Cooperación Técnica,,1.0,PRE-20/2025 - Guatemala (GTM) - FONTEC - Fondo de Cooperación Técnica - No Reembolsable - 501189,Fundador
397,2023,1.0,,PRE-4/2023 - Regional - FONTEC - Fondo de Cooperación Técnica - No Reembolsable - 500921,,FONTEC - Fondo de Cooperación Técnica,No Reembolsable,42000.0,cooperacion,Regional,Cooperación Técnica,,1.0,PRE-4/2023 - Regional - FONTEC - Fondo de Cooperación Técnica - No Reembolsable - 500921,Sin clasificar
398,2023,1.0,,PRE-44/2023 - Costa Rica (CRI) - FCC - Fondo de Preparación de Proyectos de Inversión en Cambio Climático - No Reembolsable - 500949,,FCC - Fondo de Preparación de Proyectos de Inversión en Cambio Climático,No Reembolsable,150000.0,cooperacion,Costa Rica,Cooperación Técnica,,1.0,PRE-44/2023 - Costa Rica (CRI) - FCC - Fondo de Preparación de Proyectos de Inversión en Cambio Climático - No Reembolsable - 500949,Fundador
399,2021,1.0,,PRE-124/2021 - Honduras (HND) - FONTEC - Fondo de Cooperación Técnica - No Reembolsable - 500802,,FONTEC - Fondo de Cooperación Técnica,No Reembolsable,31500.0,cooperacion,Honduras,Cooperación Técnica,,1.0,PRE-124/2021 - Honduras (HND) - FONTEC - Fondo de Cooperación Técnica - No Reembolsable - 500802,Fundador
400,2023,1.0,,PRE-40/2023 - Regional - FONTEC - Fondo de Cooperación Técnica - No Reembolsable - 500961,,FONTEC - Fondo de Cooperación Técnica,No Reembolsable,275000.0,cooperacion,Regional,Cooperación Técnica,,1.0,PRE-40/2023 - Regional - FONTEC - Fondo de Cooperación Técnica - No Reembolsable - 500961,Sin clasificar
401,2024,1.0,,DI-116/2024 - Costa Rica (CRI) - FONTEC - Fondo de Cooperación Técnica - Recuperación Contingente - 501152,,FONTEC - Fondo de Cooperación Técnica,Recuperación Contingente,5940000.0,cooperacion,Costa Rica,Cooperación Técnica,,1.0,DI-116/2024 - Costa Rica (CRI) - FONTEC - Fondo de Cooperación Técnica - Recuperación Contingente - 501152,Fundador
402,2021,1.0,,PRE-25/2021 - Honduras (HND) - FONTEC - Fondo de Cooperación Técnica - No Reembolsable - 500700,,FONTEC - Fondo de Cooperación Técnica,No Reembolsable,13230.0,cooperacion,Honduras,Cooperación Técnica,,1.0,PRE-25/2021 - Honduras (HND) - FONTEC - Fondo de Cooperación Técnica - No Reembolsable - 500700,Fundador
403,2023,1.0,,PRE-46/2023 - Regional - FONTEC - Fondo de Cooperación Técnica - No Reembolsable - 500965,,FONTEC - Fondo de Cooperación Técnica,No Reembolsable,838425.0,cooperacion,Regional,Cooperación Técnica,,1.0,PRE-46/2023 - Regional - FONTEC - Fondo de Cooperación Técnica - No Reembolsable - 500965,Sin clasificar
404,2024,1.0,,DI-123/2024 - Costa Rica (CRI) - Fondos Ordinarios - No Reembolsable - 501173,,Fondos Ordinarios,No Reembolsable,500000.0,cooperacion,Costa Rica,Ayuda de Emergencia y por Desastres Naturales,,1.0,DI-123/2024 - Costa Rica (CRI) - Fondos Ordinarios - No Reembolsable - 501173,Fundador
405,2021,1.0,,PRE-26/2021 - Honduras (HND) - FONTEC - Fondo de Cooperación Técnica - No Reembolsable - 500695,,FONTEC - Fondo de Cooperación Técnica,No Reembolsable,26250.0,cooperacion,Honduras,Cooperación Técnica,,1.0,PRE-26/2021 - Honduras (HND) - FONTEC - Fondo de Cooperación Técnica - No Reembolsable - 500695,Fundador
406,2023,1.0,,PRE-6/2023 - Regional - FONTEC - Fondo de Cooperación Técnica - No Reembolsable - 500924,,FONTEC - Fondo de Cooperación Técnica,No Reembolsable,131250.0,cooperacion,Regional,Cooperación Técnica,,1.0,PRE-6/2023 - Regional - FONTEC - Fondo de Cooperación Técnica - No Reembolsable - 500924,Sin clasificar
407,2024,1.0,,DI-138/2024 - Costa Rica (CRI) - Fondos Ordinarios - No Reembolsable - 501192,,Fondos Ordinarios,No Reembolsable,725000.0,cooperacion,Costa Rica,Iniciativa PRODES,,1.0,DI-138/2024 - Costa Rica (CRI) - Fondos Ordinarios - No Reembolsable - 501192,Fundador
408,2021,1.0,,PRE-31/2021 - Honduras (HND) - FONTEC - Fondo de Cooperación Técnica - No Reembolsable - 500709,,FONTEC - Fondo de Cooperación Técnica,No Reembolsable,15750.0,cooperacion,Honduras,Cooperación Técnica,,1.0,PRE-31/2021 - Honduras (HND) - FONTEC - Fondo de Cooperación Técnica - No Reembolsable - 500709,Fundador
409,2023,1.0,,Support for the 1st CABEI Korea Business Forum to Activate Opportunities Leveraging the Korea Central America Free Trade Agreement ,,KTF,No Reembolsable,900000.0,cooperacion,Regional,Cooperación Técnica,,1.0,Support for the 1st CABEI Korea Business Forum to Activate Opportunities Leveraging the Korea Central America Free Trade Agreement ,Sin clasificar
410,2024,1.0,,DI-33/2024 - Costa Rica (CRI) - Fondos Ordinarios - No Reembolsable - 501090,,Fondos Ordinarios,No Reembolsable,1000000.0,cooperacion,Costa Rica,Cooperación de Países Fundadores y Regionales no Fundadores,,1.0,DI-33/2024 - Costa Rica (CRI) - Fondos Ordinarios - No Reembolsable - 501090,Fundador
411,2021,1.0,,PRE-61/2021 - Honduras (HND) - FONTEC - Fondo de Cooperación Técnica - No Reembolsable - 500689,,FONTEC - Fondo de Cooperación Técnica,No Reembolsable,99750.0,cooperacion,Honduras,Cooperación Técnica,,1.0,PRE-61/2021 - Honduras (HND) - FONTEC - Fondo de Cooperación Técnica - No Reembolsable - 500689,Fundador
412,2024,1.0,,DI-45/2024 - Regional - FONTEC - Fondo de Cooperación Técnica - No Reembolsable - DI-45/2024,,FONTEC - Fondo de Cooperación Técnica,No Reembolsable,552436.8,cooperacion,Regional,Cooperación Técnica,,1.0,DI-45/2024 - Regional - FONTEC - Fondo de Cooperación Técnica - No Reembolsable - DI-45/2024,Sin clasificar
413,2024,1.0,,PRE-87/2024 - Costa Rica (CRI) - FONTEC - Fondo de Cooperación Técnica - No Reembolsable - 501130,,FONTEC - Fondo de Cooperación Técnica,No Reembolsable,99445.5,cooperacion,Costa Rica,Cooperación Técnica,,1.0,PRE-87/2024 - Costa Rica (CRI) - FONTEC - Fondo de Cooperación Técnica - No Reembolsable - 501130,Fundador
414,2021,1.0,,PRE-73/2021 - Honduras (HND) - FATPIR - Fondo de Asistencia Técnica para Proyectos de Integración Regional - No Reembolsable - 500732,,FATPIR - Fondo de Asistencia Técnica para Proyectos de Integración Regional,No Reembolsable,550000.0,cooperacion,Honduras,Cooperación Técnica,,1.0,PRE-73/2021 - Honduras (HND) - FATPIR - Fondo de Asistencia Técnica para Proyectos de Integración Regional - No Reembolsable - 500732,Fundador
415,2024,1.0,,PRE-23/2024 - Regional - FONTEC - Fondo de Cooperación Técnica - No Reembolsable - 501109,,FONTEC - Fondo de Cooperación Técnica,No Reembolsable,24675.0,cooperacion,Regional,Cooperación Técnica,,1.0,PRE-23/2024 - Regional - FONTEC - Fondo de Cooperación Técnica - No Reembolsable - 501109,Sin clasificar
416,2025,1.0,,PRE-70/2025 - Costa Rica (CRI) - FCC - Fondo de Preparación de Proyectos de Inversión en Cambio Climático - No Reembolsable - 501231,,FCC - Fondo de Preparación de Proyectos de Inversión en Cambio Climático,No Reembolsable,700000.0,cooperacion,Costa Rica,Cooperación Técnica,,1.0,PRE-70/2025 - Costa Rica (CRI) - FCC - Fondo de Preparación de Proyectos de Inversión en Cambio Climático - No Reembolsable - 501231,Fundador
417,2021,1.0,,PRE-76/2021 - Honduras (HND) - FONTEC - Fondo de Cooperación Técnica - No Reembolsable - 500752,,FONTEC - Fondo de Cooperación Técnica,No Reembolsable,52500.0,cooperacion,Honduras,Cooperación Técnica,,1.0,PRE-76/2021 - Honduras (HND) - FONTEC - Fondo de Cooperación Técnica - No Reembolsable - 500752,Fundador
418,2024,1.0,,PRE-36/2024 - Regional - FONTEC - Fondo de Cooperación Técnica - No Reembolsable - 501117,,FONTEC - Fondo de Cooperación Técnica,No Reembolsable,127575.0,cooperacion,Regional,Cooperación Técnica,,1.0,PRE-36/2024 - Regional - FONTEC - Fondo de Cooperación Técnica - No Reembolsable - 501117,Sin clasificar
419,2021,1.0,,Support the Internationalization platform for SICA Firms under the Free Trade Agreement between the Republic of Korea and Central America,,KTF,No Reembolsable,125000.0,cooperacion,Honduras,Cooperación Técnica,,1.0,Support the Internationalization platform for SICA Firms under the Free Trade Agreement between the Republic of Korea and Central America,Fundador
420,2024,1.0,,PRE-48/2024 - Regional - FONTEC - Fondo de Cooperación Técnica - No Reembolsable - 501119,,FONTEC - Fondo de Cooperación Técnica,No Reembolsable,374000.0,cooperacion,Regional,Cooperación Técnica,,1.0,PRE-48/2024 - Regional - FONTEC - Fondo de Cooperación Técnica - No Reembolsable - 501119,Sin clasificar
421,2022,1.0,,DI-141/2022 - Honduras (HND) - Fondos Ordinarios - No Reembolsable - 500894,,Fondos Ordinarios,No Reembolsable,500000.0,cooperacion,Honduras,Ayuda de Emergencia y por Desastres Naturales,,1.0,DI-141/2022 - Honduras (HND) - Fondos Ordinarios - No Reembolsable - 500894,Fundador
422,2024,1.0,,PRE-63/2024 - Regional - TCPT - Taiwan CABEI Partnership Trust Fund - No Reembolsable - 501131,,TCPT - Taiwan CABEI Partnership Trust Fund,No Reembolsable,290000.0,cooperacion,Regional,Cooperación Técnica,,1.0,PRE-63/2024 - Regional - TCPT - Taiwan CABEI Partnership Trust Fund - No Reembolsable - 501131,Sin clasificar
423,2022,1.0,,DI-150/2022 - Honduras (HND) - Fondos Ordinarios - No Reembolsable - 500907,,Fondos Ordinarios,No Reembolsable,500000.0,cooperacion,Honduras,Ayuda de Emergencia y por Desastres Naturales,,1.0,DI-150/2022 - Honduras (HND) - Fondos Ordinarios - No Reembolsable - 500907,Fundador
424,2024,1.0,,PRE-66/2024 - Regional - FCC - Fondo de Preparación de Proyectos de Inversión en Cambio Climático - No Reembolsable - 501135,,FCC - Fondo de Preparación de Proyectos de Inversión en Cambio Climático,No Reembolsable,256710.0,cooperacion,Regional,Cooperación Técnica,,1.0,PRE-66/2024 - Regional - FCC - Fondo de Preparación de Proyectos de Inversión en Cambio Climático - No Reembolsable - 501135,Sin clasificar
425,2022,1.0,,PRE-04/2022 - Honduras (HND) - FONTEC - Fondo de Cooperación Técnica - No Reembolsable - 500805,,FONTEC - Fondo de Cooperación Técnica,No Reembolsable,99730.4,cooperacion,Honduras,Cooperación Técnica,,1.0,PRE-04/2022 - Honduras (HND) - FONTEC - Fondo de Cooperación Técnica - No Reembolsable - 500805,Fundador
426,2024,1.0,,PRE-89/2024 - Regional - FCC - Fondo de Preparación de Proyectos de Inversión en Cambio Climático - No Reembolsable - 501156,,FCC - Fondo de Preparación de Proyectos de Inversión en Cambio Climático,No Reembolsable,940000.0,cooperacion,Regional,Cooperación Técnica,,1.0,PRE-89/2024 - Regional - FCC - Fondo de Preparación de Proyectos de Inversión en Cambio Climático - No Reembolsable - 501156,Sin clasificar
427,2022,1.0,,PRE-08/2022 - Honduras (HND) - FONTEC - Fondo de Cooperación Técnica - No Reembolsable - 500808,,FONTEC - Fondo de Cooperación Técnica,No Reembolsable,16559.55,cooperacion,Honduras,Cooperación Técnica,,1.0,PRE-08/2022 - Honduras (HND) - FONTEC - Fondo de Cooperación Técnica - No Reembolsable - 500808,Fundador
428,2025,1.0,,PRE-21/2025 - Regional - FCC - Fondo de Preparación de Proyectos de Inversión en Cambio Climático - No Reembolsable - 501204,,FCC - Fondo de Preparación de Proyectos de Inversión en Cambio Climático,No Reembolsable,151000.0,cooperacion,Regional,Cooperación Técnica,,1.0,PRE-21/2025 - Regional - FCC - Fondo de Preparación de Proyectos de Inversión en Cambio Climático - No Reembolsable - 501204,Sin clasificar
429,2022,1.0,,PRE-108/2022 - Honduras (HND) - FCC - Fondo de Preparación de Proyectos de Inversión en Cambio Climático - No Reembolsable - 500879,,FCC - Fondo de Preparación de Proyectos de Inversión en Cambio Climático,No Reembolsable,185000.0,cooperacion,Honduras,Cooperación Técnica,,1.0,PRE-108/2022 - Honduras (HND) - FCC - Fondo de Preparación de Proyectos de Inversión en Cambio Climático - No Reembolsable - 500879,Fundador
430,2025,1.0,,PRE-4/2025 - Regional - FONTEC - Fondo de Cooperación Técnica - No Reembolsable - 501157,,FONTEC - Fondo de Cooperación Técnica,No Reembolsable,259241.62,cooperacion,Regional,Cooperación Técnica,,1.0,PRE-4/2025 - Regional - FONTEC - Fondo de Cooperación Técnica - No Reembolsable - 501157,Sin clasificar
431,2022,1.0,,PRE-120/2022 - Honduras (HND) - TCPT - Taiwan CABEI Partnership Trust Fund - No Reembolsable - 500899,,TCPT - Taiwan CABEI Partnership Trust Fund,No Reembolsable,550000.0,cooperacion,Honduras,Cooperación Técnica,,1.0,PRE-120/2022 - Honduras (HND) - TCPT - Taiwan CABEI Partnership Trust Fund - No Reembolsable - 500899,Fundador
432,2025,1.0,,PRE-47/2025 - Regional - FCC - Fondo de Preparación de Proyectos de Inversión en Cambio Climático - No Reembolsable - 501222,,FCC - Fondo de Preparación de Proyectos de Inversión en Cambio Climático,No Reembolsable,21000.0,cooperacion,Regional,Cooperación Técnica,,1.0,PRE-47/2025 - Regional - FCC - Fondo de Preparación de Proyectos de Inversión en Cambio Climático - No Reembolsable - 501222,Sin clasificar
433,2022,1.0,,PRE-154/2022 - Honduras (HND) - FCC - Fondo de Preparación de Proyectos de Inversión en Cambio Climático - No Reembolsable - 500882,,FCC - Fondo de Preparación de Proyectos de Inversión en Cambio Climático,No Reembolsable,150000.0,cooperacion,Honduras,Cooperación Técnica,,1.0,PRE-154/2022 - Honduras (HND) - FCC - Fondo de Preparación de Proyectos de Inversión en Cambio Climático - No Reembolsable - 500882,Fundador
434,2022,1.0,,PRE-36/2022 - Honduras (HND) - FONTEC - Fondo de Cooperación Técnica - No Reembolsable - 500807,,FONTEC - Fondo de Cooperación Técnica,No Reembolsable,7875.0,cooperacion,Honduras,Cooperación Técnica,,1.0,PRE-36/2022 - Honduras (HND) - FONTEC - Fondo de Cooperación Técnica - No Reembolsable - 500807,Fundador
435,2022,1.0,,PRE-50/2022 - Honduras (HND) - FONTEC - Fondo de Cooperación Técnica - No Reembolsable - 500833,,FONTEC - Fondo de Cooperación Técnica,No Reembolsable,99750.0,cooperacion,Honduras,Cooperación Técnica,,1.0,PRE-50/2022 - Honduras (HND) - FONTEC - Fondo de Cooperación Técnica - No Reembolsable - 500833,Fundador
436,2022,1.0,,PRE-85/2022 - Honduras (HND) - FONTEC - Fondo de Cooperación Técnica - No Reembolsable - 500865,,FONTEC - Fondo de Cooperación Técnica,No Reembolsable,26250.0,cooperacion,Honduras,Cooperación Técnica,,1.0,PRE-85/2022 - Honduras (HND) - FONTEC - Fondo de Cooperación Técnica - No Reembolsable - 500865,Fundador
437,2022,1.0,,PRE-95/2022 - Honduras (HND) - FONTEC - Fondo de Cooperación Técnica - Recuperación Contingente - 500875,,FONTEC - Fondo de Cooperación Técnica,Recuperación Contingente,357500.0,cooperacion,Honduras,Cooperación Técnica,,1.0,PRE-95/2022 - Honduras (HND) - FONTEC - Fondo de Cooperación Técnica - Recuperación Contingente - 500875,Fundador
438,2022,1.0,,Prefeasibility Study for the National Autonomous University of Honduras‘s Medical Campus in Tegucigalpa and San Pedro Sula,,KTF,No Reembolsable,850000.0,cooperacion,Honduras,Cooperación Técnica,,1.0,Prefeasibility Study for the National Autonomous University of Honduras‘s Medical Campus in Tegucigalpa and San Pedro Sula,Fundador
439,2023,1.0,,DI-128/2023 - Honduras (HND) - Fondos Ordinarios - No Reembolsable - 501096,,Fondos Ordinarios,No Reembolsable,1000000.0,cooperacion,Honduras,Ayuda de Emergencia y por Desastres Naturales,,1.0,DI-128/2023 - Honduras (HND) - Fondos Ordinarios - No Reembolsable - 501096,Fundador
440,2023,1.0,,DI-67/2023 - Honduras (HND) - FCC - Fondo de Preparación de Proyectos de Inversión en Cambio Climático - No Reembolsable - 500992,,FCC - Fondo de Preparación de Proyectos de Inversión en Cambio Climático,No Reembolsable,350000.0,cooperacion,Honduras,Cooperación Técnica,,1.0,DI-67/2023 - Honduras (HND) - FCC - Fondo de Preparación de Proyectos de Inversión en Cambio Climático - No Reembolsable - 500992,Fundador
441,2023,1.0,,DI-67/2023 - Honduras (HND) - FONTEC - Fondo de Cooperación Técnica - Recuperación Contingente - 500992,,FONTEC - Fondo de Cooperación Técnica,Recuperación Contingente,3225000.0,cooperacion,Honduras,Cooperación Técnica,,1.0,DI-67/2023 - Honduras (HND) - FONTEC - Fondo de Cooperación Técnica - Recuperación Contingente - 500992,Fundador
442,2023,1.0,,DI-68/2023 - Honduras (HND) - FCC - Fondo de Preparación de Proyectos de Inversión en Cambio Climático - No Reembolsable - 500991,,FCC - Fondo de Preparación de Proyectos de Inversión en Cambio Climático,No Reembolsable,300000.0,cooperacion,Honduras,Cooperación Técnica,,1.0,DI-68/2023 - Honduras (HND) - FCC - Fondo de Preparación de Proyectos de Inversión en Cambio Climático - No Reembolsable - 500991,Fundador
443,2023,1.0,,DI-68/2023 - Honduras (HND) - FONTEC - Fondo de Cooperación Técnica - Recuperación Contingente - 500991,,FONTEC - Fondo de Cooperación Técnica,Recuperación Contingente,1900000.0,cooperacion,Honduras,Cooperación Técnica,,1.0,DI-68/2023 - Honduras (HND) - FONTEC - Fondo de Cooperación Técnica - Recuperación Contingente - 500991,Fundador
444,2023,1.0,,PRE-100/2023 - Honduras (HND) - FONTEC - Fondo de Cooperación Técnica - No Reembolsable - 501091,,FONTEC - Fondo de Cooperación Técnica,No Reembolsable,52500.0,cooperacion,Honduras,Cooperación Técnica,,1.0,PRE-100/2023 - Honduras (HND) - FONTEC - Fondo de Cooperación Técnica - No Reembolsable - 501091,Fundador
445,2023,1.0,,PRE-102/2023 - Honduras (HND) - FCC - Fondo de Preparación de Proyectos de Inversión en Cambio Climático - No Reembolsable - 501088,,FCC - Fondo de Preparación de Proyectos de Inversión en Cambio Climático,No Reembolsable,50000.0,cooperacion,Honduras,Cooperación Técnica,,1.0,PRE-102/2023 - Honduras (HND) - FCC - Fondo de Preparación de Proyectos de Inversión en Cambio Climático - No Reembolsable - 501088,Fundador
446,2023,1.0,,PRE-34/2023 - Honduras (HND) - FCC - Fondo de Preparación de Proyectos de Inversión en Cambio Climático - No Reembolsable - 500926,,FCC - Fondo de Preparación de Proyectos de Inversión en Cambio Climático,No Reembolsable,4500.0,cooperacion,Honduras,Cooperación Técnica,,1.0,PRE-34/2023 - Honduras (HND) - FCC - Fondo de Preparación de Proyectos de Inversión en Cambio Climático - No Reembolsable - 500926,Fundador
447,2023,1.0,,PRE-55/2023 - Honduras (HND) - FCC - Fondo de Preparación de Proyectos de Inversión en Cambio Climático - No Reembolsable - 500985,,FCC - Fondo de Preparación de Proyectos de Inversión en Cambio Climático,No Reembolsable,1000000.0,cooperacion,Honduras,Cooperación Técnica,,1.0,PRE-55/2023 - Honduras (HND) - FCC - Fondo de Preparación de Proyectos de Inversión en Cambio Climático - No Reembolsable - 500985,Fundador
448,2023,1.0,,PRE-63/2023 - Honduras (HND) - FCC - Fondo de Preparación de Proyectos de Inversión en Cambio Climático - No Reembolsable - 500994,,FCC - Fondo de Preparación de Proyectos de Inversión en Cambio Climático,No Reembolsable,100000.0,cooperacion,Honduras,Cooperación Técnica,,1.0,PRE-63/2023 - Honduras (HND) - FCC - Fondo de Preparación de Proyectos de Inversión en Cambio Climático - No Reembolsable - 500994,Fundador
449,2023,1.0,,PRE-72/2023 - Honduras (HND) - FONTEC - Fondo de Cooperación Técnica - Recuperación Contingente - 501073,,FONTEC - Fondo de Cooperación Técnica,Recuperación Contingente,801469.57,cooperacion,Honduras,Cooperación Técnica,,1.0,PRE-72/2023 - Honduras (HND) - FONTEC - Fondo de Cooperación Técnica - Recuperación Contingente - 501073,Fundador
450,2023,1.0,,PRE-88/2023 - Honduras (HND) - FONTEC - Fondo de Cooperación Técnica - Recuperación Contingente - 501087,,FONTEC - Fondo de Cooperación Técnica,Recuperación Contingente,951739.14,cooperacion,Honduras,Cooperación Técnica,,1.0,PRE-88/2023 - Honduras (HND) - FONTEC - Fondo de Cooperación Técnica - Recuperación Contingente - 501087,Fundador
451,2023,1.0,,PRE-89/2023 - Honduras (HND) - FONTEC - Fondo de Cooperación Técnica - Recuperación Contingente - 501069,,FONTEC - Fondo de Cooperación Técnica,Recuperación Contingente,605000.0,cooperacion,Honduras,Cooperación Técnica,,1.0,PRE-89/2023 - Honduras (HND) - FONTEC - Fondo de Cooperación Técnica - Recuperación Contingente - 501069,Fundador
452,2024,1.0,,DI-121/2024 - Honduras (HND) - Fondos Ordinarios - No Reembolsable - 501174,,Fondos Ordinarios,No Reembolsable,500000.0,cooperacion,Honduras,Ayuda de Emergencia y por Desastres Naturales,,1.0,DI-121/2024 - Honduras (HND) - Fondos Ordinarios - No Reembolsable - 501174,Fundador
453,2024,1.0,,DI-139/2024 - Honduras (HND) - Fondos Ordinarios - No Reembolsable - 501186,,Fondos Ordinarios,No Reembolsable,725000.0,cooperacion,Honduras,Iniciativa PRODES,,1.0,DI-139/2024 - Honduras (HND) - Fondos Ordinarios - No Reembolsable - 501186,Fundador
454,2024,1.0,,DI-31/2024 - Honduras (HND) - Fondos Ordinarios - No Reembolsable - 501106,,Fondos Ordinarios,No Reembolsable,1000000.0,cooperacion,Honduras,Cooperación de Países Fundadores y Regionales no Fundadores,,1.0,DI-31/2024 - Honduras (HND) - Fondos Ordinarios - No Reembolsable - 501106,Fundador
455,2024,1.0,,DI-34/2024 - Honduras (HND) - Fondos Ordinarios - No Reembolsable - 501118,,Fondos Ordinarios,No Reembolsable,250000.0,cooperacion,Honduras,Ayuda de Emergencia y por Desastres Naturales,,1.0,DI-34/2024 - Honduras (HND) - Fondos Ordinarios - No Reembolsable - 501118,Fundador
456,2024,1.0,,PRE-14/2024 - Honduras (HND) - FONTEC - Fondo de Cooperación Técnica - No Reembolsable - 501103,,FONTEC - Fondo de Cooperación Técnica,No Reembolsable,48300.0,cooperacion,Honduras,Cooperación Técnica,,1.0,PRE-14/2024 - Honduras (HND) - FONTEC - Fondo de Cooperación Técnica - No Reembolsable - 501103,Fundador
457,2024,1.0,,PRE-73/2024 - Honduras (HND) - FONTEC - Fondo de Cooperación Técnica - No Reembolsable - 501144,,FONTEC - Fondo de Cooperación Técnica,No Reembolsable,50400.0,cooperacion,Honduras,Cooperación Técnica,,1.0,PRE-73/2024 - Honduras (HND) - FONTEC - Fondo de Cooperación Técnica - No Reembolsable - 501144,Fundador
458,2024,1.0,,PRE-74/2024 - Honduras (HND) - FONTEC - Fondo de Cooperación Técnica - No Reembolsable - 501146,,FONTEC - Fondo de Cooperación Técnica,No Reembolsable,15750.0,cooperacion,Honduras,Cooperación Técnica,,1.0,PRE-74/2024 - Honduras (HND) - FONTEC - Fondo de Cooperación Técnica - No Reembolsable - 501146,Fundador
459,2024,1.0,,PRE-97/2024 - Honduras (HND) - FONTEC - Fondo de Cooperación Técnica - No Reembolsable - 501155,,FONTEC - Fondo de Cooperación Técnica,No Reembolsable,99750.0,cooperacion,Honduras,Cooperación Técnica,,1.0,PRE-97/2024 - Honduras (HND) - FONTEC - Fondo de Cooperación Técnica - No Reembolsable - 501155,Fundador
460,2025,1.0,,PRE-16/2025 - Honduras (HND) - FONTEC - Fondo de Cooperación Técnica - No Reembolsable - 501196,,FONTEC - Fondo de Cooperación Técnica,No Reembolsable,99750.0,cooperacion,Honduras,Cooperación Técnica,,1.0,PRE-16/2025 - Honduras (HND) - FONTEC - Fondo de Cooperación Técnica - No Reembolsable - 501196,Fundador
461,2025,1.0,,PRE-53/2025 - Honduras (HND) - FONTEC - Fondo de Cooperación Técnica - No Reembolsable - 501225,,FONTEC - Fondo de Cooperación Técnica,No Reembolsable,37800.0,cooperacion,Honduras,Cooperación Técnica,,1.0,PRE-53/2025 - Honduras (HND) - FONTEC - Fondo de Cooperación Técnica - No Reembolsable - 501225,Fundador
462,2025,1.0,,PRE-55/2025 - Honduras (HND) - FONTEC - Fondo de Cooperación Técnica - No Reembolsable - 501233,,FONTEC - Fondo de Cooperación Técnica,No Reembolsable,21000.0,cooperacion,Honduras,Cooperación Técnica,,1.0,PRE-55/2025 - Honduras (HND) - FONTEC - Fondo de Cooperación Técnica - No Reembolsable - 501233,Fundador
463,2025,1.0,,PRE-59/2025 - Honduras (HND) - FONTEC - Fondo de Cooperación Técnica - No Reembolsable - 501236,,FONTEC - Fondo de Cooperación Técnica,No Reembolsable,26250.0,cooperacion,Honduras,Cooperación Técnica,,1.0,PRE-59/2025 - Honduras (HND) - FONTEC - Fondo de Cooperación Técnica - No Reembolsable - 501236,Fundador
464,2025,1.0,,PRE-62/2025 - Honduras (HND) - FONTEC - Fondo de Cooperación Técnica - No Reembolsable - 501230,,FONTEC - Fondo de Cooperación Técnica,No Reembolsable,99750.0,cooperacion,Honduras,Cooperación Técnica,,1.0,PRE-62/2025 - Honduras (HND) - FONTEC - Fondo de Cooperación Técnica - No Reembolsable - 501230,Fundador
465,2025,1.0,,PRE-65/2025 - Honduras (HND) - FONTEC - Fondo de Cooperación Técnica - No Reembolsable - 501242,,FONTEC - Fondo de Cooperación Técnica,No Reembolsable,52500.0,cooperacion,Honduras,Cooperación Técnica,,1.0,PRE-65/2025 - Honduras (HND) - FONTEC - Fondo de Cooperación Técnica - No Reembolsable - 501242,Fundador
466,2025,1.0,,PRE-8/2025 - Honduras (HND) - FONTEC - Fondo de Cooperación Técnica - No Reembolsable - 501195,,FONTEC - Fondo de Cooperación Técnica,No Reembolsable,99750.0,cooperacion,Honduras,Cooperación Técnica,,1.0,PRE-8/2025 - Honduras (HND) - FONTEC - Fondo de Cooperación Técnica - No Reembolsable - 501195,Fundador
467,2010,1.0,,DI-147/2010 - Nicaragua (NIC) - FONTEC - Fondo de Cooperación Técnica - No Reembolsable - ,,FONTEC - Fondo de Cooperación Técnica,No Reembolsable,264600.0,cooperacion,Nicaragua,Cooperación Técnica,,1.0,DI-147/2010 - Nicaragua (NIC) - FONTEC - Fondo de Cooperación Técnica - No Reembolsable - ,Fundador
468,2010,1.0,,DI-49/2010 - Nicaragua (NIC) - FONTEC - Fondo de Cooperación Técnica - Recuperación Contingente - ,,FONTEC - Fondo de Cooperación Técnica,Recuperación Contingente,500000.0,cooperacion,Nicaragua,Cooperación Técnica,,1.0,DI-49/2010 - Nicaragua (NIC) - FONTEC - Fondo de Cooperación Técnica - Recuperación Contingente - ,Fundador
469,2011,1.0,,DI-108/2011 - Nicaragua (NIC) - FONTEC - Fondo de Cooperación Técnica - Recuperación Contingente - 302143,,FONTEC - Fondo de Cooperación Técnica,Recuperación Contingente,1360000.0,cooperacion,Nicaragua,Cooperación Técnica,,1.0,DI-108/2011 - Nicaragua (NIC) - FONTEC - Fondo de Cooperación Técnica - Recuperación Contingente - 302143,Fundador
470,2011,1.0,,DI-121/2011 - Nicaragua (NIC) - FONTEC - Fondo de Cooperación Técnica - No Reembolsable - 302177,,FONTEC - Fondo de Cooperación Técnica,No Reembolsable,264600.0,cooperacion,Nicaragua,Cooperación Técnica,,1.0,DI-121/2011 - Nicaragua (NIC) - FONTEC - Fondo de Cooperación Técnica - No Reembolsable - 302177,Fundador
471,2011,1.0,,DI-125/2011 - Nicaragua (NIC) - Fondos Ordinarios - No Reembolsable - 302197,,Fondos Ordinarios,No Reembolsable,250000.0,cooperacion,Nicaragua,Ayuda de Emergencia y por Desastres Naturales,,1.0,DI-125/2011 - Nicaragua (NIC) - Fondos Ordinarios - No Reembolsable - 302197,Fundador
472,2011,1.0,,DI-138/2011 - Nicaragua (NIC) - FONTEC - Fondo de Cooperación Técnica - Recuperación Contingente - 302297,,FONTEC - Fondo de Cooperación Técnica,Recuperación Contingente,470942.0,cooperacion,Nicaragua,Cooperación Técnica,,1.0,DI-138/2011 - Nicaragua (NIC) - FONTEC - Fondo de Cooperación Técnica - Recuperación Contingente - 302297,Fundador
473,2011,1.0,,DI-139/2011 - Nicaragua (NIC) - FONTEC - Fondo de Cooperación Técnica - Recuperación Contingente - ,,FONTEC - Fondo de Cooperación Técnica,Recuperación Contingente,784903.0,cooperacion,Nicaragua,Cooperación Técnica,,1.0,DI-139/2011 - Nicaragua (NIC) - FONTEC - Fondo de Cooperación Técnica - Recuperación Contingente - ,Fundador
474,2011,1.0,,DI-140/2011 - Nicaragua (NIC) - FONTEC - Fondo de Cooperación Técnica - Recuperación Contingente - 302180,,FONTEC - Fondo de Cooperación Técnica,Recuperación Contingente,941883.0,cooperacion,Nicaragua,Cooperación Técnica,,1.0,DI-140/2011 - Nicaragua (NIC) - FONTEC - Fondo de Cooperación Técnica - Recuperación Contingente - 302180,Fundador
475,2011,1.0,,DI-146/2011 - Nicaragua (NIC) - Fondos Ordinarios - No Reembolsable - 302206,,Fondos Ordinarios,No Reembolsable,1000000.0,cooperacion,Nicaragua,Cooperación de Países Fundadores y Regionales no Fundadores,,1.0,DI-146/2011 - Nicaragua (NIC) - Fondos Ordinarios - No Reembolsable - 302206,Fundador
476,2011,1.0,,DI-62/2011 - Nicaragua (NIC) - FONTEC - Fondo de Cooperación Técnica - Recuperación Contingente - ,,FONTEC - Fondo de Cooperación Técnica,Recuperación Contingente,200000.0,cooperacion,Nicaragua,Cooperación Técnica,,1.0,DI-62/2011 - Nicaragua (NIC) - FONTEC - Fondo de Cooperación Técnica - Recuperación Contingente - ,Fundador
477,2012,1.0,,DI-112/2012 - Nicaragua (NIC) - Fondos Ordinarios - No Reembolsable - 302298,,Fondos Ordinarios,No Reembolsable,230360.0,cooperacion,Nicaragua,Otras Cooperaciones Financieras,,1.0,DI-112/2012 - Nicaragua (NIC) - Fondos Ordinarios - No Reembolsable - 302298,Fundador
478,2012,1.0,,DI-113/2012 - Nicaragua (NIC) - FONTEC - Fondo de Cooperación Técnica - Recuperación Contingente - 302299,,FONTEC - Fondo de Cooperación Técnica,Recuperación Contingente,2150316.46,cooperacion,Nicaragua,Cooperación Técnica,,1.0,DI-113/2012 - Nicaragua (NIC) - FONTEC - Fondo de Cooperación Técnica - Recuperación Contingente - 302299,Fundador
479,2012,1.0,,DI-75/2012 - Nicaragua (NIC) - FONTEC - Fondo de Cooperación Técnica - Recuperación Contingente - 302246,,FONTEC - Fondo de Cooperación Técnica,Recuperación Contingente,494585.43,cooperacion,Nicaragua,Cooperación Técnica,,1.0,DI-75/2012 - Nicaragua (NIC) - FONTEC - Fondo de Cooperación Técnica - Recuperación Contingente - 302246,Fundador
480,2013,1.0,,DI-135/2013 - Nicaragua (NIC) - Fondos Ordinarios - No Reembolsable - ,,Fondos Ordinarios,No Reembolsable,250000.0,cooperacion,Nicaragua,Ayuda de Emergencia y por Desastres Naturales,,1.0,DI-135/2013 - Nicaragua (NIC) - Fondos Ordinarios - No Reembolsable - ,Fundador
481,2013,1.0,,PRE-1/2013 - Nicaragua (NIC) - FSC Taiwan ICDF - No Reembolsable - ,,FSC Taiwan ICDF,No Reembolsable,1000000.0,cooperacion,Nicaragua,Cooperación Técnica,,1.0,PRE-1/2013 - Nicaragua (NIC) - FSC Taiwan ICDF - No Reembolsable - ,Fundador
482,2013,1.0,,PRE-44/2013 - Nicaragua (NIC) - FONTEC - Fondo de Cooperación Técnica - Recuperación Contingente - ,,FONTEC - Fondo de Cooperación Técnica,Recuperación Contingente,192294.07,cooperacion,Nicaragua,Cooperación Técnica,,1.0,PRE-44/2013 - Nicaragua (NIC) - FONTEC - Fondo de Cooperación Técnica - Recuperación Contingente - ,Fundador
483,2014,1.0,,DI-32/2014 - Nicaragua (NIC) - Fondos Ordinarios - No Reembolsable - ,,Fondos Ordinarios,No Reembolsable,250000.0,cooperacion,Nicaragua,Ayuda de Emergencia y por Desastres Naturales,,1.0,DI-32/2014 - Nicaragua (NIC) - Fondos Ordinarios - No Reembolsable - ,Fundador
484,2014,1.0,,PRE-3/2014 - Nicaragua (NIC) - FONTEC - Fondo de Cooperación Técnica - Recuperación Contingente - 302392,,FONTEC - Fondo de Cooperación Técnica,Recuperación Contingente,39600.0,cooperacion,Nicaragua,Cooperación Técnica,,1.0,PRE-3/2014 - Nicaragua (NIC) - FONTEC - Fondo de Cooperación Técnica - Recuperación Contingente - 302392,Fundador
485,2015,1.0,,DI-106/2015 - Nicaragua (NIC) - FONTEC - Fondo de Cooperación Técnica - No Reembolsable - 500103,,FONTEC - Fondo de Cooperación Técnica,No Reembolsable,100000.0,cooperacion,Nicaragua,Cooperación Técnica,,1.0,DI-106/2015 - Nicaragua (NIC) - FONTEC - Fondo de Cooperación Técnica - No Reembolsable - 500103,Fundador
486,2015,1.0,,DI-106/2015 - Nicaragua (NIC) - FONTEC - Fondo de Cooperación Técnica - No Reembolsable - 500231,,FONTEC - Fondo de Cooperación Técnica,No Reembolsable,250000.0,cooperacion,Nicaragua,Cooperación Técnica,,1.0,DI-106/2015 - Nicaragua (NIC) - FONTEC - Fondo de Cooperación Técnica - No Reembolsable - 500231,Fundador
487,2015,1.0,,DI-121/2015 - Nicaragua (NIC) - Fondos Ordinarios - No Reembolsable - 500089,,Fondos Ordinarios,No Reembolsable,1000000.0,cooperacion,Nicaragua,Cooperación de Países Fundadores y Regionales no Fundadores,,1.0,DI-121/2015 - Nicaragua (NIC) - Fondos Ordinarios - No Reembolsable - 500089,Fundador
488,2015,1.0,,DI-96/2015 - Nicaragua (NIC) - Fondos Ordinarios - No Reembolsable - 500085,,Fondos Ordinarios,No Reembolsable,250000.0,cooperacion,Nicaragua,Ayuda de Emergencia y por Desastres Naturales,,1.0,DI-96/2015 - Nicaragua (NIC) - Fondos Ordinarios - No Reembolsable - 500085,Fundador
489,2016,1.0,,DI-111/2016 - Nicaragua (NIC) - Fondos Ordinarios - No Reembolsable - 500246,,Fondos Ordinarios,No Reembolsable,250000.0,cooperacion,Nicaragua,Ayuda de Emergencia y por Desastres Naturales,,1.0,DI-111/2016 - Nicaragua (NIC) - Fondos Ordinarios - No Reembolsable - 500246,Fundador
490,2016,1.0,,PRE-46/2016 - Nicaragua (NIC) - FONTEC - Fondo de Cooperación Técnica - Recuperación Contingente - ,,FONTEC - Fondo de Cooperación Técnica,Recuperación Contingente,283250.0,cooperacion,Nicaragua,Cooperación Técnica,,1.0,PRE-46/2016 - Nicaragua (NIC) - FONTEC - Fondo de Cooperación Técnica - Recuperación Contingente - ,Fundador
491,2017,1.0,,DI-110/2017 - Nicaragua (NIC) - FONTEC - Fondo de Cooperación Técnica - Recuperación Contingente - 500318,,FONTEC - Fondo de Cooperación Técnica,Recuperación Contingente,1408900.5,cooperacion,Nicaragua,Cooperación Técnica,,1.0,DI-110/2017 - Nicaragua (NIC) - FONTEC - Fondo de Cooperación Técnica - Recuperación Contingente - 500318,Fundador
492,2017,1.0,,DI-99/2017 - Nicaragua (NIC) - Fondos Ordinarios - No Reembolsable - 500322,,Fondos Ordinarios,No Reembolsable,250000.0,cooperacion,Nicaragua,Ayuda de Emergencia y por Desastres Naturales,,1.0,DI-99/2017 - Nicaragua (NIC) - Fondos Ordinarios - No Reembolsable - 500322,Fundador
493,2018,1.0,,DI-113/2018 - Nicaragua (NIC) - Fondos Ordinarios - No Reembolsable - 500399,,Fondos Ordinarios,No Reembolsable,250000.0,cooperacion,Nicaragua,Ayuda de Emergencia y por Desastres Naturales,,1.0,DI-113/2018 - Nicaragua (NIC) - Fondos Ordinarios - No Reembolsable - 500399,Fundador
494,2018,1.0,,DI-21/2018 - Nicaragua (NIC) - FONTEC - Fondo de Cooperación Técnica - Recuperación Contingente - 500255,,FONTEC - Fondo de Cooperación Técnica,Recuperación Contingente,1995000.0,cooperacion,Nicaragua,Cooperación Técnica,,1.0,DI-21/2018 - Nicaragua (NIC) - FONTEC - Fondo de Cooperación Técnica - Recuperación Contingente - 500255,Fundador
495,2019,1.0,,PRE-91/2019 - Nicaragua (NIC) - FONTEC - Fondo de Cooperación Técnica - Recuperación Contingente - 500454,,FONTEC - Fondo de Cooperación Técnica,Recuperación Contingente,283250.0,cooperacion,Nicaragua,Cooperación Técnica,,1.0,PRE-91/2019 - Nicaragua (NIC) - FONTEC - Fondo de Cooperación Técnica - Recuperación Contingente - 500454,Fundador
496,2020,1.0,,DI-132/2020 - Nicaragua (NIC) - Fondos Ordinarios - No Reembolsable - 500657,,Fondos Ordinarios,No Reembolsable,500000.0,cooperacion,Nicaragua,Ayuda de Emergencia y por Desastres Naturales,,1.0,DI-132/2020 - Nicaragua (NIC) - Fondos Ordinarios - No Reembolsable - 500657,Fundador
497,2020,1.0,,DI-21/2020 - Nicaragua (NIC) - Fondos Ordinarios - No Reembolsable - 500521,,Fondos Ordinarios,No Reembolsable,1000000.0,cooperacion,Nicaragua,Ayuda de Emergencia y por Desastres Naturales,,1.0,DI-21/2020 - Nicaragua (NIC) - Fondos Ordinarios - No Reembolsable - 500521,Fundador
498,2020,1.0,,DI-87/2020 - Nicaragua (NIC) - Fondos Ordinarios - No Reembolsable - 500623,,Fondos Ordinarios,No Reembolsable,500000.0,cooperacion,Nicaragua,Ayuda de Emergencia y por Desastres Naturales,,1.0,DI-87/2020 - Nicaragua (NIC) - Fondos Ordinarios - No Reembolsable - 500623,Fundador
499,2020,1.0,,DI-89/2020 - Nicaragua (NIC) - FONTEC - Fondo de Cooperación Técnica - Recuperación Contingente - 500533,,FONTEC - Fondo de Cooperación Técnica,Recuperación Contingente,267598.0,cooperacion,Nicaragua,Cooperación Técnica,,1.0,DI-89/2020 - Nicaragua (NIC) - FONTEC - Fondo de Cooperación Técnica - Recuperación Contingente - 500533,Fundador
500,2020,1.0,,PRE-35/2020 - Nicaragua (NIC) - FONTEC - Fondo de Cooperación Técnica - Recuperación Contingente - 500472,,FONTEC - Fondo de Cooperación Técnica,Recuperación Contingente,440000.0,cooperacion,Nicaragua,Cooperación Técnica,,1.0,PRE-35/2020 - Nicaragua (NIC) - FONTEC - Fondo de Cooperación Técnica - Recuperación Contingente - 500472,Fundador
501,2020,1.0,,PRE-44/2020 - Nicaragua (NIC) - FONTEC - Fondo de Cooperación Técnica - No Reembolsable - 500532,,FONTEC - Fondo de Cooperación Técnica,No Reembolsable,36225.0,cooperacion,Nicaragua,Cooperación Técnica,,1.0,PRE-44/2020 - Nicaragua (NIC) - FONTEC - Fondo de Cooperación Técnica - No Reembolsable - 500532,Fundador
502,2020,1.0,,Republic of Korea’s In-kind contribution to support Central America’s response to COVID-19,,KTF,No Reembolsable,333333.33,cooperacion,Nicaragua,Cooperación Técnica,,1.0,Republic of Korea’s In-kind contribution to support Central America’s response to COVID-19,Fundador
503,2020,1.0,,Support natural disaster redevelopment efforts incorporating climate adaption measure,,KTF,No Reembolsable,116666.67,cooperacion,Nicaragua,Cooperación Técnica,,1.0,Support natural disaster redevelopment efforts incorporating climate adaption measure,Fundador
504,2021,1.0,,DI-138/2021 - Nicaragua (NIC) - FONTEC - Fondo de Cooperación Técnica - Recuperación Contingente - 500747,,FONTEC - Fondo de Cooperación Técnica,Recuperación Contingente,1227119.25,cooperacion,Nicaragua,Cooperación Técnica,,1.0,DI-138/2021 - Nicaragua (NIC) - FONTEC - Fondo de Cooperación Técnica - Recuperación Contingente - 500747,Fundador
505,2021,1.0,,DI-22/2021 - Nicaragua (NIC) - Fondos Ordinarios - No Reembolsable - 500722,,Fondos Ordinarios,No Reembolsable,500000.0,cooperacion,Nicaragua,Ayuda de Emergencia y por Desastres Naturales,,1.0,DI-22/2021 - Nicaragua (NIC) - Fondos Ordinarios - No Reembolsable - 500722,Fundador
506,2021,1.0,,PRE-100/2021 - Nicaragua (NIC) - FVC - Fondo Verde para el Clima - No Reembolsable - 500771,,FVC - Fondo Verde para el Clima,No Reembolsable,749584.0,cooperacion,Nicaragua,Cooperación Técnica,,1.0,PRE-100/2021 - Nicaragua (NIC) - FVC - Fondo Verde para el Clima - No Reembolsable - 500771,Fundador
507,2021,1.0,,Support the Internationalization platform for SICA Firms under the Free Trade Agreement between the Republic of Korea and Central America,,KTF,No Reembolsable,125000.0,cooperacion,Nicaragua,Cooperación Técnica,,1.0,Support the Internationalization platform for SICA Firms under the Free Trade Agreement between the Republic of Korea and Central America,Fundador
508,2022,1.0,,DI-153/2022 - Nicaragua (NIC) - Fondos Ordinarios - No Reembolsable - 500904,,Fondos Ordinarios,No Reembolsable,500000.0,cooperacion,Nicaragua,Ayuda de Emergencia y por Desastres Naturales,,1.0,DI-153/2022 - Nicaragua (NIC) - Fondos Ordinarios - No Reembolsable - 500904,Fundador
509,2022,1.0,,PRE-35/2022 - Nicaragua (NIC) - FONTEC - Fondo de Cooperación Técnica - No Reembolsable - 500819,,FONTEC - Fondo de Cooperación Técnica,No Reembolsable,37800.0,cooperacion,Nicaragua,Cooperación Técnica,,1.0,PRE-35/2022 - Nicaragua (NIC) - FONTEC - Fondo de Cooperación Técnica - No Reembolsable - 500819,Fundador
510,2022,1.0,,PRE-92/2022 - Nicaragua (NIC) - FONTEC - Fondo de Cooperación Técnica - No Reembolsable - 500872,,FONTEC - Fondo de Cooperación Técnica,No Reembolsable,44100.0,cooperacion,Nicaragua,Cooperación Técnica,,1.0,PRE-92/2022 - Nicaragua (NIC) - FONTEC - Fondo de Cooperación Técnica - No Reembolsable - 500872,Fundador
511,2022,1.0,,PRE-96/2022 - Nicaragua (NIC) - FATPIR - Fondo de Asistencia Técnica para Proyectos de Integración Regional - No Reembolsable - 500850,,FATPIR - Fondo de Asistencia Técnica para Proyectos de Integración Regional,No Reembolsable,93500.0,cooperacion,Nicaragua,Cooperación Técnica,,1.0,PRE-96/2022 - Nicaragua (NIC) - FATPIR - Fondo de Asistencia Técnica para Proyectos de Integración Regional - No Reembolsable - 500850,Fundador
512,2023,1.0,,PRE-28/2023 - Nicaragua (NIC) - FONTEC - Fondo de Cooperación Técnica - Recuperación Contingente - 500932,,FONTEC - Fondo de Cooperación Técnica,Recuperación Contingente,810579.0,cooperacion,Nicaragua,Cooperación Técnica,,1.0,PRE-28/2023 - Nicaragua (NIC) - FONTEC - Fondo de Cooperación Técnica - Recuperación Contingente - 500932,Fundador
513,2023,1.0,,PRE-48/2023 - Nicaragua (NIC) - FONTEC - Fondo de Cooperación Técnica - No Reembolsable - 500967,,FONTEC - Fondo de Cooperación Técnica,No Reembolsable,49875.0,cooperacion,Nicaragua,Cooperación Técnica,,1.0,PRE-48/2023 - Nicaragua (NIC) - FONTEC - Fondo de Cooperación Técnica - No Reembolsable - 500967,Fundador
514,2023,1.0,,PRE-5/2023 - Nicaragua (NIC) - FONTEC - Fondo de Cooperación Técnica - No Reembolsable - 500919,,FONTEC - Fondo de Cooperación Técnica,No Reembolsable,35700.0,cooperacion,Nicaragua,Cooperación Técnica,,1.0,PRE-5/2023 - Nicaragua (NIC) - FONTEC - Fondo de Cooperación Técnica - No Reembolsable - 500919,Fundador
515,2023,1.0,,PRE-67/2023 - Nicaragua (NIC) - FONTEC - Fondo de Cooperación Técnica - No Reembolsable - 501058,,FONTEC - Fondo de Cooperación Técnica,No Reembolsable,55650.0,cooperacion,Nicaragua,Cooperación Técnica,,1.0,PRE-67/2023 - Nicaragua (NIC) - FONTEC - Fondo de Cooperación Técnica - No Reembolsable - 501058,Fundador
516,2023,1.0,,PRE-76/2023 - Nicaragua (NIC) - FVC - Fondo Verde para el Clima - No Reembolsable - 500955,,FVC - Fondo Verde para el Clima,No Reembolsable,748282.0,cooperacion,Nicaragua,Cooperación Técnica,,1.0,PRE-76/2023 - Nicaragua (NIC) - FVC - Fondo Verde para el Clima - No Reembolsable - 500955,Fundador
517,2023,1.0,,PRE-86/2023 - Nicaragua (NIC) - FONTEC - Fondo de Cooperación Técnica - No Reembolsable - 500919,,FONTEC - Fondo de Cooperación Técnica,No Reembolsable,3097.5,cooperacion,Nicaragua,Cooperación Técnica,,1.0,PRE-86/2023 - Nicaragua (NIC) - FONTEC - Fondo de Cooperación Técnica - No Reembolsable - 500919,Fundador
518,2023,1.0,,PRE-92/2023 - Nicaragua (NIC) - FONTEC - Fondo de Cooperación Técnica - No Reembolsable - 501063,,FONTEC - Fondo de Cooperación Técnica,No Reembolsable,99750.0,cooperacion,Nicaragua,Cooperación Técnica,,1.0,PRE-92/2023 - Nicaragua (NIC) - FONTEC - Fondo de Cooperación Técnica - No Reembolsable - 501063,Fundador
519,2024,1.0,,PRE-67/2024 - Nicaragua (NIC) - FONTEC - Fondo de Cooperación Técnica - Recuperación Contingente - 501100,,FONTEC - Fondo de Cooperación Técnica,Recuperación Contingente,880000.0,cooperacion,Nicaragua,Cooperación Técnica,,1.0,PRE-67/2024 - Nicaragua (NIC) - FONTEC - Fondo de Cooperación Técnica - Recuperación Contingente - 501100,Fundador
1,2012,,1.0,,,,,3000000.0,prestamos,Costa Rica,,Sector Privado,1.0,,Fundador
2,2022,,4.0,,,,,115000000.0,prestamos,Argentina,,Sector Público,4.0,,Extrarregional
3,2015,,1.0,,,,,50000000.0,prestamos,Argentina,,Sector Público,1.0,,Extrarregional
4,2017,,1.0,,,,,30000000.0,prestamos,Argentina,,Sector Público,1.0,,Extrarregional
5,2003,,12.0,,,,,54336000.0,prestamos,Costa Rica,,Sector Privado,12.0,,Fundador
6,2014,,1.0,,,,,30000000.0,prestamos,Belice,,Sector Público,1.0,,Regional No-Fundador
7,2009,,1.0,,,,,1905800.0,prestamos,Belice,,Sector Público,1.0,,Regional No-Fundador
8,2008,,1.0,,,,,5000000.0,prestamos,Colombia,,Sector Privado,1.0,,Extrarregional
9,1965,,4.0,,,,,1284100.0,prestamos,Costa Rica,,Sector Privado,4.0,,Fundador
10,1981,,4.0,,,,,2771000.0,prestamos,Costa Rica,,Sector Privado,4.0,,Fundador
11,1986,,1.0,,,,,3000000.0,prestamos,Costa Rica,,Sector Público,1.0,,Fundador
12,1985,,2.0,,,,,6600000.0,prestamos,Costa Rica,,Sector Público,2.0,,Fundador
13,2021,,3.0,,,,,150000000.0,prestamos,Argentina,,Sector Público,3.0,,Extrarregional
14,1963,,2.0,,,,,62000.0,prestamos,Costa Rica,,Sector Privado,2.0,,Fundador
15,1969,,6.0,,,,,604600.0,prestamos,Costa Rica,,Sector Privado,6.0,,Fundador
16,1978,,5.0,,,,,7735000.0,prestamos,Costa Rica,,Sector Privado,5.0,,Fundador
17,2023,,3.0,,,,,625000000.0,prestamos,Argentina,,Sector Público,3.0,,Extrarregional
18,2016,,2.0,,,,,90000000.0,prestamos,Argentina,,Sector Público,2.0,,Extrarregional
19,1967,,5.0,,,,,1164600.0,prestamos,Costa Rica,,Sector Privado,5.0,,Fundador
20,1994,,31.0,,,,,78026000.0,prestamos,Costa Rica,,Sector Privado,31.0,,Fundador
21,1976,,5.0,,,,,4439000.0,prestamos,Costa Rica,,Sector Privado,5.0,,Fundador
22,1971,,9.0,,,,,2816075.0,prestamos,Costa Rica,,Sector Privado,9.0,,Fundador
23,2005,,2.0,,,,,71120000.0,prestamos,Colombia,,Sector Público,2.0,,Extrarregional
24,1968,,3.0,,,,,761000.0,prestamos,Costa Rica,,Sector Privado,3.0,,Fundador
25,1999,,5.0,,,,,18809037.0,prestamos,Costa Rica,,Sector Privado,5.0,,Fundador
26,2018,,1.0,,,,,32000000.0,prestamos,Argentina,,Sector Público,1.0,,Extrarregional
27,1974,,11.0,,,,,9478100.0,prestamos,Costa Rica,,Sector Privado,11.0,,Fundador
28,2013,,4.0,,,,,34775000.0,prestamos,Costa Rica,,Sector Privado,4.0,,Fundador
29,1992,,7.0,,,,,9200145.0,prestamos,Costa Rica,,Sector Privado,7.0,,Fundador
30,1989,,4.0,,,,,38000000.0,prestamos,Costa Rica,,Sector Público,4.0,,Fundador
31,1995,,16.0,,,,,40150000.0,prestamos,Costa Rica,,Sector Privado,16.0,,Fundador
32,2000,,7.0,,,,,38630000.0,prestamos,Costa Rica,,Sector Privado,7.0,,Fundador
33,2011,,1.0,,,,,50000000.0,prestamos,Colombia,,Sector Público,1.0,,Extrarregional
34,1991,,1.0,,,,,4200000.0,prestamos,Costa Rica,,Sector Privado,1.0,,Fundador
35,1988,,5.0,,,,,23000000.0,prestamos,Costa Rica,,Sector Público,5.0,,Fundador
36,1973,,11.0,,,,,8680000.0,prestamos,Costa Rica,,Sector Privado,11.0,,Fundador
37,2024,,1.0,,,,,230000000.0,prestamos,Argentina,,Sector Público,1.0,,Extrarregional
38,1990,,4.0,,,,,28375000.0,prestamos,Costa Rica,,Sector Público,4.0,,Fundador
39,1977,,1.0,,,,,2000000.0,prestamos,Costa Rica,,Sector Privado,1.0,,Fundador
40,2019,,1.0,,,,,67000000.0,prestamos,Argentina,,Sector Público,1.0,,Extrarregional
41,1982,,1.0,,,,,8500000.0,prestamos,Costa Rica,,Sector Privado,1.0,,Fundador
42,2007,,1.0,,,,,136948000.0,prestamos,Colombia,,Sector Privado,1.0,,Extrarregional
43,1996,,21.0,,,,,35521099.0,prestamos,Costa Rica,,Sector Privado,21.0,,Fundador
44,2012,,4.0,,,,,350000000.0,prestamos,Costa Rica,,Sector Público,4.0,,Fundador
45,2022,,1.0,,,,,24000000.0,prestamos,Belice,,Sector Público,1.0,,Regional No-Fundador
46,2015,,1.0,,,,,136000000.0,prestamos,Colombia,,Sector Público,1.0,,Extrarregional
47,2017,,1.0,,,,,50000000.0,prestamos,Colombia,,Sector Público,1.0,,Extrarregional
48,2003,,3.0,,,,,118330255.46000001,prestamos,Costa Rica,,Sector Público,3.0,,Fundador
49,2014,,1.0,,,,,50000000.0,prestamos,Colombia,,Sector Público,1.0,,Extrarregional
50,1975,,4.0,,,,,5828000.0,prestamos,Costa Rica,,Sector Privado,4.0,,Fundador
51,2008,,11.0,,,,,27000000.0,prestamos,Costa Rica,,Sector Privado,11.0,,Fundador
52,1965,,2.0,,,,,2000000.0,prestamos,Costa Rica,,Sector Público,2.0,,Fundador
53,1981,,4.0,,,,,19000000.0,prestamos,Costa Rica,,Sector Público,4.0,,Fundador
54,1986,,1.0,,,,,400000.0,prestamos,El Salvador,,Sector Privado,1.0,,Fundador
55,1985,,1.0,,,,,1980000.0,prestamos,El Salvador,,Sector Público,1.0,,Fundador
56,2021,,2.0,,,,,580000000.0,prestamos,Costa Rica,,Sector Público,2.0,,Fundador
57,1963,,5.0,,,,,2426600.0,prestamos,El Salvador,,Sector Privado,5.0,,Fundador
58,1969,,10.0,,,,,13134000.0,prestamos,Costa Rica,,Sector Público,10.0,,Fundador
59,1978,,7.0,,,,,37020000.0,prestamos,Costa Rica,,Sector Público,7.0,,Fundador
60,2010,,2.0,,,,,10667410.0,prestamos,Belice,,Sector Público,2.0,,Regional No-Fundador
61,1993,,20.0,,,,,25000000.0,prestamos,Costa Rica,,Sector Privado,20.0,,Fundador
62,1967,,2.0,,,,,5990000.0,prestamos,Costa Rica,,Sector Público,2.0,,Fundador
63,1994,,11.0,,,,,65784244.0,prestamos,Costa Rica,,Sector Público,11.0,,Fundador
64,1976,,9.0,,,,,37043000.0,prestamos,Costa Rica,,Sector Público,9.0,,Fundador
65,1971,,3.0,,,,,6200000.0,prestamos,Costa Rica,,Sector Público,3.0,,Fundador
66,1979,,4.0,,,,,12000000.0,prestamos,Costa Rica,,Sector Privado,4.0,,Fundador
67,1968,,5.0,,,,,3022000.0,prestamos,Costa Rica,,Sector Público,5.0,,Fundador
68,1999,,4.0,,,,,73333101.0,prestamos,Costa Rica,,Sector Público,4.0,,Fundador
69,2020,,1.0,,,,,50000000.0,prestamos,Argentina,,Sector Público,1.0,,Extrarregional
70,1974,,18.0,,,,,40330000.0,prestamos,Costa Rica,,Sector Público,18.0,,Fundador
71,2013,,4.0,,,,,515000000.0,prestamos,Costa Rica,,Sector Público,4.0,,Fundador
72,1992,,6.0,,,,,45965600.0,prestamos,Costa Rica,,Sector Público,6.0,,Fundador
73,1989,,3.0,,,,,12000000.0,prestamos,El Salvador,,Sector Público,3.0,,Fundador
74,1995,,5.0,,,,,60035316.0,prestamos,Costa Rica,,Sector Público,5.0,,Fundador
75,2000,,4.0,,,,,74091406.0,prestamos,Costa Rica,,Sector Público,4.0,,Fundador
76,2011,,5.0,,,,,31000000.0,prestamos,Costa Rica,,Sector Privado,5.0,,Fundador
77,1991,,3.0,,,,,32700000.0,prestamos,Costa Rica,,Sector Público,3.0,,Fundador
78,1988,,4.0,,,,,16740000.0,prestamos,El Salvador,,Sector Público,4.0,,Fundador
79,1973,,8.0,,,,,25900000.0,prestamos,Costa Rica,,Sector Público,8.0,,Fundador
80,2024,,1.0,,,,,770000000.0,prestamos,Costa Rica,,Sector Público,1.0,,Fundador
81,1990,,5.0,,,,,37670000.0,prestamos,El Salvador,,Sector Público,5.0,,Fundador
82,1977,,5.0,,,,,18760000.0,prestamos,Costa Rica,,Sector Público,5.0,,Fundador
83,1966,,6.0,,,,,3118500.0,prestamos,Costa Rica,,Sector Privado,6.0,,Fundador
84,1982,,2.0,,,,,8000000.0,prestamos,Costa Rica,,Sector Público,2.0,,Fundador
85,2007,,1.0,,,,,50000000.0,prestamos,Colombia,,Sector Público,1.0,,Extrarregional
86,1996,,8.0,,,,,67254960.0,prestamos,Costa Rica,,Sector Público,8.0,,Fundador
87,2012,,3.0,,,,,18000000.0,prestamos,El Salvador,,Sector Privado,3.0,,Fundador
88,2022,,1.0,,,,,250000000.0,prestamos,Colombia,,Sector Público,1.0,,Extrarregional
89,2015,,4.0,,,,,73000000.0,prestamos,Costa Rica,,Sector Privado,4.0,,Fundador
90,1964,,6.0,,,,,1123435.0,prestamos,Costa Rica,,Sector Privado,6.0,,Fundador
91,2003,,13.0,,,,,29976300.0,prestamos,El Salvador,,Sector Privado,13.0,,Fundador
92,2002,,13.0,,,,,70164000.0,prestamos,Costa Rica,,Sector Privado,13.0,,Fundador
93,1975,,9.0,,,,,26066000.0,prestamos,Costa Rica,,Sector Público,9.0,,Fundador
94,2008,,5.0,,,,,172390000.0,prestamos,Costa Rica,,Sector Público,5.0,,Fundador
95,1965,,7.0,,,,,5096700.0,prestamos,El Salvador,,Sector Privado,7.0,,Fundador
96,1981,,2.0,,,,,481100.0,prestamos,El Salvador,,Sector Privado,2.0,,Fundador
97,1986,,1.0,,,,,13000000.0,prestamos,El Salvador,,Sector Público,1.0,,Fundador
98,1985,,1.0,,,,,8000000.0,prestamos,Guatemala,,Sector Público,1.0,,Fundador
99,2021,,1.0,,,,,20000000.0,prestamos,El Salvador,,Sector Privado,1.0,,Fundador
100,1963,,1.0,,,,,20000.0,prestamos,El Salvador,,Sector Público,1.0,,Fundador
101,1969,,9.0,,,,,3610130.0,prestamos,El Salvador,,Sector Privado,9.0,,Fundador
102,1980,,6.0,,,,,5761288.0,prestamos,Costa Rica,,Sector Privado,6.0,,Fundador
103,2023,,1.0,,,,,2500000.0,prestamos,Belice,,Sector Público,1.0,,Regional No-Fundador
104,1993,,4.0,,,,,21750000.0,prestamos,Costa Rica,,Sector Público,4.0,,Fundador
105,1967,,4.0,,,,,986000.0,prestamos,El Salvador,,Sector Privado,4.0,,Fundador
106,1994,,17.0,,,,,24313000.0,prestamos,El Salvador,,Sector Privado,17.0,,Fundador
107,1998,,24.0,,,,,84786168.0,prestamos,Costa Rica,,Sector Privado,24.0,,Fundador
108,1983,,1.0,,,,,1800000.0,prestamos,Costa Rica,,Sector Privado,1.0,,Fundador
109,1979,,9.0,,,,,33110000.0,prestamos,Costa Rica,,Sector Público,9.0,,Fundador
110,1968,,5.0,,,,,1525700.0,prestamos,El Salvador,,Sector Privado,5.0,,Fundador
111,1999,,6.0,,,,,61619477.0,prestamos,El Salvador,,Sector Privado,6.0,,Fundador
112,2018,,3.0,,,,,530284067.0,prestamos,Costa Rica,,Sector Público,3.0,,Fundador
113,1984,,1.0,,,,,1650000.0,prestamos,Costa Rica,,Sector Público,1.0,,Fundador
114,2013,,4.0,,,,,199208600.0,prestamos,El Salvador,,Sector Público,4.0,,Fundador
115,1992,,3.0,,,,,14000000.0,prestamos,El Salvador,,Sector Privado,3.0,,Fundador
116,1989,,1.0,,,,,99000.0,prestamos,Guatemala,,Sector Privado,1.0,,Fundador
117,1995,,13.0,,,,,71513548.0,prestamos,El Salvador,,Sector Privado,13.0,,Fundador
118,2000,,1.0,,,,,7830000.0,prestamos,El Salvador,,Sector Privado,1.0,,Fundador
119,2011,,3.0,,,,,499000000.0,prestamos,Costa Rica,,Sector Público,3.0,,Fundador
120,1991,,1.0,,,,,1000000.0,prestamos,El Salvador,,Sector Público,1.0,,Fundador
121,1988,,10.0,,,,,37600000.0,prestamos,Honduras,,Sector Público,10.0,,Fundador
122,1973,,8.0,,,,,9430000.0,prestamos,El Salvador,,Sector Privado,8.0,,Fundador
123,2024,,2.0,,,,,263900000.0,prestamos,El Salvador,,Sector Público,2.0,,Fundador
124,1990,,2.0,,,,,15220600.0,prestamos,Guatemala,,Sector Privado,2.0,,Fundador
125,1977,,2.0,,,,,14100000.0,prestamos,El Salvador,,Sector Público,2.0,,Fundador
126,1966,,1.0,,,,,4700000.0,prestamos,Costa Rica,,Sector Público,1.0,,Fundador
127,1982,,3.0,,,,,2000000.0,prestamos,El Salvador,,Sector Privado,3.0,,Fundador
128,2001,,4.0,,,,,31000000.0,prestamos,Costa Rica,,Sector Privado,4.0,,Fundador
129,2025,,2.0,,,,,815000000.0,prestamos,Costa Rica,,Sector Público,2.0,,Fundador
130,2012,,3.0,,,,,193161825.0,prestamos,El Salvador,,Sector Público,3.0,,Fundador
131,1987,,1.0,,,,,1000000.0,prestamos,Costa Rica,,Sector Privado,1.0,,Fundador
132,2015,,2.0,,,,,202587964.87,prestamos,Costa Rica,,Sector Público,2.0,,Fundador
133,1964,,2.0,,,,,1163000.0,prestamos,Costa Rica,,Sector Público,2.0,,Fundador
134,2003,,3.0,,,,,143500000.0,prestamos,El Salvador,,Sector Público,3.0,,Fundador
135,2002,,6.0,,,,,280000000.0,prestamos,Costa Rica,,Sector Público,6.0,,Fundador
136,2009,,5.0,,,,,32900000.0,prestamos,Costa Rica,,Sector Privado,5.0,,Fundador
137,2008,,3.0,,,,,15261000.0,prestamos,El Salvador,,Sector Privado,3.0,,Fundador
138,1965,,2.0,,,,,1066000.0,prestamos,El Salvador,,Sector Público,2.0,,Fundador
139,1981,,4.0,,,,,9200000.0,prestamos,El Salvador,,Sector Público,4.0,,Fundador
140,1986,,6.0,,,,,16675000.0,prestamos,Honduras,,Sector Público,6.0,,Fundador
141,1985,,2.0,,,,,9150000.0,prestamos,Honduras,,Sector Público,2.0,,Fundador
142,2021,,3.0,,,,,864700000.0,prestamos,El Salvador,,Sector Público,3.0,,Fundador
143,1963,,11.0,,,,,3327500.0,prestamos,Guatemala,,Sector Privado,11.0,,Fundador
144,1969,,3.0,,,,,7250000.0,prestamos,El Salvador,,Sector Público,3.0,,Fundador
145,1980,,7.0,,,,,20970000.0,prestamos,Costa Rica,,Sector Público,7.0,,Fundador
146,2010,,1.0,,,,,35321000.0,prestamos,Colombia,,Sector Privado,1.0,,Extrarregional
147,2016,,1.0,,,,,50000000.0,prestamos,Costa Rica,,Sector Privado,1.0,,Fundador
148,1967,,2.0,,,,,292000.0,prestamos,Guatemala,,Sector Privado,2.0,,Fundador
149,1994,,9.0,,,,,144238000.0,prestamos,El Salvador,,Sector Público,9.0,,Fundador
150,1998,,3.0,,,,,56698182.0,prestamos,Costa Rica,,Sector Público,3.0,,Fundador
151,1983,,3.0,,,,,15402200.0,prestamos,Costa Rica,,Sector Público,3.0,,Fundador
152,1997,,13.0,,,,,26300000.0,prestamos,Costa Rica,,Sector Privado,13.0,,Fundador
153,1968,,2.0,,,,,7900000.0,prestamos,El Salvador,,Sector Público,2.0,,Fundador
154,1999,,10.0,,,,,56093000.0,prestamos,Guatemala,,Sector Privado,10.0,,Fundador
155,2020,,1.0,,,,,6000000.0,prestamos,Costa Rica,,Sector Privado,1.0,,Fundador
156,1974,,6.0,,,,,8070000.0,prestamos,El Salvador,,Sector Privado,6.0,,Fundador
157,2013,,1.0,,,,,18750000.0,prestamos,Guatemala,,Sector Privado,1.0,,Fundador
158,1992,,4.0,,,,,36800000.0,prestamos,El Salvador,,Sector Público,4.0,,Fundador
159,1989,,3.0,,,,,7000000.0,prestamos,Guatemala,,Sector Público,3.0,,Fundador
160,1995,,2.0,,,,,21150000.0,prestamos,El Salvador,,Sector Público,2.0,,Fundador
161,2000,,2.0,,,,,80000000.0,prestamos,El Salvador,,Sector Público,2.0,,Fundador
162,2011,,5.0,,,,,53625000.0,prestamos,El Salvador,,Sector Privado,5.0,,Fundador
163,1991,,1.0,,,,,6500000.0,prestamos,Guatemala,,Sector Privado,1.0,,Fundador
164,1973,,3.0,,,,,6560000.0,prestamos,El Salvador,,Sector Público,3.0,,Fundador
165,1961,,1.0,,,,,275000.0,prestamos,Guatemala,,Sector Privado,1.0,,Fundador
166,1990,,4.0,,,,,28600000.0,prestamos,Guatemala,,Sector Público,4.0,,Fundador
167,1977,,1.0,,,,,3000000.0,prestamos,Guatemala,,Sector Privado,1.0,,Fundador
168,2004,,9.0,,,,,34790000.0,prestamos,Costa Rica,,Sector Privado,9.0,,Fundador
169,1982,,2.0,,,,,17800000.0,prestamos,El Salvador,,Sector Público,2.0,,Fundador
170,2001,,3.0,,,,,130853800.0,prestamos,Costa Rica,,Sector Público,3.0,,Fundador
171,1996,,18.0,,,,,54254000.0,prestamos,El Salvador,,Sector Privado,18.0,,Fundador
172,2012,,5.0,,,,,86288817.45,prestamos,Guatemala,,Sector Privado,5.0,,Fundador
173,1987,,6.0,,,,,17200000.0,prestamos,Costa Rica,,Sector Público,6.0,,Fundador
174,2015,,5.0,,,,,90000000.0,prestamos,El Salvador,,Sector Privado,5.0,,Fundador
175,2017,,1.0,,,,,1350000.0,prestamos,Costa Rica,,Sector Privado,1.0,,Fundador
176,2003,,10.0,,,,,47050000.0,prestamos,Guatemala,,Sector Privado,10.0,,Fundador
177,2014,,4.0,,,,,21000000.0,prestamos,Costa Rica,,Sector Privado,4.0,,Fundador
178,2009,,6.0,,,,,343538203.07,prestamos,Costa Rica,,Sector Público,6.0,,Fundador
179,2008,,5.0,,,,,284605000.0,prestamos,El Salvador,,Sector Público,5.0,,Fundador
180,1965,,7.0,,,,,1751090.0,prestamos,Guatemala,,Sector Privado,7.0,,Fundador
181,1981,,4.0,,,,,6300000.0,prestamos,Guatemala,,Sector Privado,4.0,,Fundador
182,2021,,1.0,,,,,7000000.0,prestamos,Guatemala,,Sector Privado,1.0,,Fundador
183,1963,,1.0,,,,,107000.0,prestamos,Guatemala,,Sector Público,1.0,,Fundador
184,1969,,4.0,,,,,1915000.0,prestamos,Guatemala,,Sector Privado,4.0,,Fundador
185,1978,,12.0,,,,,11020000.0,prestamos,El Salvador,,Sector Privado,12.0,,Fundador
186,2023,,1.0,,,,,250000000.0,prestamos,Colombia,,Sector Público,1.0,,Extrarregional
187,2016,,3.0,,,,,291842413.0,prestamos,Costa Rica,,Sector Público,3.0,,Fundador
188,1967,,2.0,,,,,6433000.0,prestamos,Guatemala,,Sector Público,2.0,,Fundador
189,1994,,23.0,,,,,37259235.0,prestamos,Guatemala,,Sector Privado,23.0,,Fundador
190,2006,,19.0,,,,,135600000.0,prestamos,Costa Rica,,Sector Privado,19.0,,Fundador
191,1971,,7.0,,,,,2257157.14,prestamos,El Salvador,,Sector Privado,7.0,,Fundador
192,1997,,3.0,,,,,92407500.0,prestamos,Costa Rica,,Sector Público,3.0,,Fundador
193,1968,,5.0,,,,,1657000.0,prestamos,Guatemala,,Sector Privado,5.0,,Fundador
194,1999,,5.0,,,,,87274200.0,prestamos,Guatemala,,Sector Público,5.0,,Fundador
195,2020,,2.0,,,,,699160000.0,prestamos,Costa Rica,,Sector Público,2.0,,Fundador
196,1974,,5.0,,,,,4750000.0,prestamos,El Salvador,,Sector Público,5.0,,Fundador
197,2013,,2.0,,,,,56802700.0,prestamos,Honduras,,Sector Privado,2.0,,Fundador
198,1992,,7.0,,,,,11660000.0,prestamos,Guatemala,,Sector Privado,7.0,,Fundador
199,1989,,4.0,,,,,48000000.0,prestamos,Honduras,,Sector Público,4.0,,Fundador
200,1995,,36.0,,,,,98925000.0,prestamos,Guatemala,,Sector Privado,36.0,,Fundador
201,2000,,4.0,,,,,23500000.0,prestamos,Guatemala,,Sector Privado,4.0,,Fundador
202,2011,,4.0,,,,,232212173.8,prestamos,El Salvador,,Sector Público,4.0,,Fundador
203,1991,,2.0,,,,,5200000.0,prestamos,Guatemala,,Sector Público,2.0,,Fundador
204,1973,,7.0,,,,,7391620.0,prestamos,Guatemala,,Sector Privado,7.0,,Fundador
205,2024,,2.0,,,,,19000000.0,prestamos,Guatemala,,Sector Privado,2.0,,Fundador
206,1990,,9.0,,,,,58900000.0,prestamos,Honduras,,Sector Público,9.0,,Fundador
207,1977,,5.0,,,,,11800000.0,prestamos,Guatemala,,Sector Público,5.0,,Fundador
208,2004,,3.0,,,,,147000000.0,prestamos,Costa Rica,,Sector Público,3.0,,Fundador
209,1982,,1.0,,,,,500000.0,prestamos,Guatemala,,Sector Privado,1.0,,Fundador
210,2007,,23.0,,,,,505200000.0,prestamos,Costa Rica,,Sector Privado,23.0,,Fundador
211,1996,,7.0,,,,,132163530.0,prestamos,El Salvador,,Sector Público,7.0,,Fundador
212,2012,,1.0,,,,,280000000.0,prestamos,Guatemala,,Sector Público,1.0,,Fundador
213,2022,,3.0,,,,,1190000000.0,prestamos,Costa Rica,,Sector Público,3.0,,Fundador
214,2015,,5.0,,,,,250521814.0,prestamos,El Salvador,,Sector Público,5.0,,Fundador
215,2017,,3.0,,,,,214410000.0,prestamos,Costa Rica,,Sector Público,3.0,,Fundador
216,2003,,2.0,,,,,52600000.0,prestamos,Guatemala,,Sector Público,2.0,,Fundador
217,2014,,4.0,,,,,308000000.0,prestamos,Costa Rica,,Sector Público,4.0,,Fundador
218,1975,,4.0,,,,,3120000.0,prestamos,El Salvador,,Sector Privado,4.0,,Fundador
219,2008,,15.0,,,,,97894000.0,prestamos,Guatemala,,Sector Privado,15.0,,Fundador
220,1965,,1.0,,,,,437000.0,prestamos,Guatemala,,Sector Público,1.0,,Fundador
221,1981,,4.0,,,,,19189000.0,prestamos,Guatemala,,Sector Público,4.0,,Fundador
222,2021,,1.0,,,,,2500000.0,prestamos,Honduras,,Sector Privado,1.0,,Fundador
223,1963,,7.0,,,,,3767400.0,prestamos,Honduras,,Sector Privado,7.0,,Fundador
224,1969,,3.0,,,,,5450000.0,prestamos,Guatemala,,Sector Público,3.0,,Fundador
225,1978,,1.0,,,,,24500000.0,prestamos,El Salvador,,Sector Público,1.0,,Fundador
226,1970,,5.0,,,,,2410000.0,prestamos,Costa Rica,,Sector Privado,5.0,,Fundador
227,1993,,13.0,,,,,18290000.0,prestamos,El Salvador,,Sector Privado,13.0,,Fundador
228,1967,,4.0,,,,,721300.0,prestamos,Honduras,,Sector Privado,4.0,,Fundador
229,1994,,3.0,,,,,46883400.0,prestamos,Guatemala,,Sector Público,3.0,,Fundador
230,2006,,9.0,,,,,613265400.0,prestamos,Costa Rica,,Sector Público,9.0,,Fundador
231,1971,,2.0,,,,,2600000.0,prestamos,El Salvador,,Sector Público,2.0,,Fundador
232,2005,,6.0,,,,,49089300.0,prestamos,Costa Rica,,Sector Privado,6.0,,Fundador
233,1968,,2.0,,,,,5767000.0,prestamos,Guatemala,,Sector Público,2.0,,Fundador
234,1999,,3.0,,,,,18848000.0,prestamos,Honduras,,Sector Privado,3.0,,Fundador
235,2018,,3.0,,,,,283500000.0,prestamos,El Salvador,,Sector Público,3.0,,Fundador
236,1984,,1.0,,,,,7600000.0,prestamos,El Salvador,,Sector Público,1.0,,Fundador
237,2013,,4.0,,,,,103000000.0,prestamos,Honduras,,Sector Público,4.0,,Fundador
238,1992,,14.0,,,,,14705167.0,prestamos,Honduras,,Sector Privado,14.0,,Fundador
239,1989,,5.0,,,,,4650000.0,prestamos,Nicaragua,,Sector Público,5.0,,Fundador
240,1995,,3.0,,,,,12000000.0,prestamos,Guatemala,,Sector Público,3.0,,Fundador
241,2000,,2.0,,,,,52500000.0,prestamos,Guatemala,,Sector Público,2.0,,Fundador
242,2011,,4.0,,,,,64650000.0,prestamos,Guatemala,,Sector Privado,4.0,,Fundador
243,1991,,8.0,,,,,54100000.0,prestamos,Honduras,,Sector Público,8.0,,Fundador
244,1973,,5.0,,,,,11361000.0,prestamos,Guatemala,,Sector Público,5.0,,Fundador
245,2024,,3.0,,,,,476300000.0,prestamos,Honduras,,Sector Público,3.0,,Fundador
246,1990,,3.0,,,,,30000000.0,prestamos,Nicaragua,,Sector Público,3.0,,Fundador
247,1977,,6.0,,,,,3328000.0,prestamos,Honduras,,Sector Privado,6.0,,Fundador
248,2019,,2.0,,,,,640055000.0,prestamos,Costa Rica,,Sector Público,2.0,,Fundador
249,1982,,3.0,,,,,36100000.0,prestamos,Guatemala,,Sector Público,3.0,,Fundador
250,2007,,2.0,,,,,145000000.0,prestamos,Costa Rica,,Sector Público,2.0,,Fundador
251,2025,,3.0,,,,,350000000.0,prestamos,El Salvador,,Sector Público,3.0,,Fundador
252,2012,,1.0,,,,,24400000.0,prestamos,Honduras,,Sector Privado,1.0,,Fundador
253,2022,,1.0,,,,,50000000.0,prestamos,Cuba,,Sector Público,1.0,,Extrarregional
254,2015,,1.0,,,,,10000000.0,prestamos,Guatemala,,Sector Privado,1.0,,Fundador
255,1964,,3.0,,,,,451500.0,prestamos,El Salvador,,Sector Privado,3.0,,Fundador
256,2003,,17.0,,,,,129896660.0,prestamos,Honduras,,Sector Privado,17.0,,Fundador
257,2002,,10.0,,,,,79080000.0,prestamos,El Salvador,,Sector Privado,10.0,,Fundador
258,1975,,3.0,,,,,18320000.0,prestamos,El Salvador,,Sector Público,3.0,,Fundador
259,2008,,3.0,,,,,278000000.0,prestamos,Guatemala,,Sector Público,3.0,,Fundador
260,1965,,7.0,,,,,1630467.0,prestamos,Honduras,,Sector Privado,7.0,,Fundador
261,1981,,4.0,,,,,5952200.0,prestamos,Honduras,,Sector Privado,4.0,,Fundador
262,2021,,6.0,,,,,717766365.18,prestamos,Honduras,,Sector Público,6.0,,Fundador
263,1963,,2.0,,,,,349500.0,prestamos,Honduras,,Sector Público,2.0,,Fundador
264,1969,,11.0,,,,,2575300.0,prestamos,Honduras,,Sector Privado,11.0,,Fundador
265,1980,,3.0,,,,,7480000.0,prestamos,El Salvador,,Sector Privado,3.0,,Fundador
266,1970,,1.0,,,,,3021100.0,prestamos,Costa Rica,,Sector Público,1.0,,Fundador
267,1993,,4.0,,,,,61819000.0,prestamos,El Salvador,,Sector Público,4.0,,Fundador
268,1967,,3.0,,,,,1175680.0,prestamos,Honduras,,Sector Público,3.0,,Fundador
269,1994,,21.0,,,,,40951800.0,prestamos,Honduras,,Sector Privado,21.0,,Fundador
270,1962,,4.0,,,,,1546000.0,prestamos,El Salvador,,Sector Privado,4.0,,Fundador
271,1971,,10.0,,,,,4033000.0,prestamos,Guatemala,,Sector Privado,10.0,,Fundador
272,2005,,7.0,,,,,416970508.18,prestamos,Costa Rica,,Sector Público,7.0,,Fundador
273,1968,,6.0,,,,,804800.0,prestamos,Honduras,,Sector Privado,6.0,,Fundador
274,1999,,7.0,,,,,20500000.0,prestamos,Nicaragua,,Sector Privado,7.0,,Fundador
275,2020,,4.0,,,,,615200000.0,prestamos,El Salvador,,Sector Público,4.0,,Fundador
276,1974,,6.0,,,,,4815000.0,prestamos,Guatemala,,Sector Privado,6.0,,Fundador
277,2013,,1.0,,,,,3000000.0,prestamos,Nicaragua,,Sector Privado,1.0,,Fundador
278,1992,,9.0,,,,,75072000.0,prestamos,Honduras,,Sector Público,9.0,,Fundador
279,1995,,18.0,,,,,57755000.0,prestamos,Honduras,,Sector Privado,18.0,,Fundador
280,2000,,5.0,,,,,34431050.0,prestamos,Honduras,,Sector Privado,5.0,,Fundador
281,2011,,1.0,,,,,119400000.0,prestamos,Guatemala,,Sector Público,1.0,,Fundador
282,1991,,5.0,,,,,67200000.0,prestamos,Nicaragua,,Sector Público,5.0,,Fundador
283,1973,,10.0,,,,,6340800.0,prestamos,Honduras,,Sector Privado,10.0,,Fundador
284,2024,,1.0,,,,,130000000.0,prestamos,Nicaragua,,Sector Público,1.0,,Fundador
285,1977,,8.0,,,,,16790000.0,prestamos,Honduras,,Sector Público,8.0,,Fundador
286,1966,,4.0,,,,,618400.0,prestamos,El Salvador,,Sector Privado,4.0,,Fundador
287,1982,,1.0,,,,,500000.0,prestamos,Honduras,,Sector Privado,1.0,,Fundador
288,2001,,14.0,,,,,12800000.0,prestamos,El Salvador,,Sector Privado,14.0,,Fundador
289,1996,,23.0,,,,,75665700.0,prestamos,Guatemala,,Sector Privado,23.0,,Fundador
290,2012,,8.0,,,,,356337976.09000003,prestamos,Honduras,,Sector Público,8.0,,Fundador
291,1987,,7.0,,,,,49800000.0,prestamos,El Salvador,,Sector Público,7.0,,Fundador
292,2015,,2.0,,,,,370000000.0,prestamos,Guatemala,,Sector Público,2.0,,Fundador
293,1964,,2.0,,,,,1271000.0,prestamos,El Salvador,,Sector Público,2.0,,Fundador
294,2003,,5.0,,,,,62927243.47,prestamos,Honduras,,Sector Público,5.0,,Fundador
295,2002,,2.0,,,,,32500000.0,prestamos,El Salvador,,Sector Público,2.0,,Fundador
296,2009,,1.0,,,,,1000000.0,prestamos,El Salvador,,Sector Privado,1.0,,Fundador
297,2008,,14.0,,,,,71900000.0,prestamos,Honduras,,Sector Privado,14.0,,Fundador
298,1965,,8.0,,,,,1431090.0,prestamos,Honduras,,Sector Público,8.0,,Fundador
299,1981,,9.0,,,,,29969350.0,prestamos,Honduras,,Sector Público,9.0,,Fundador
300,2021,,1.0,,,,,8000000.0,prestamos,Nicaragua,,Sector Privado,1.0,,Fundador
301,1963,,6.0,,,,,1044848.5700000001,prestamos,Nicaragua,,Sector Privado,6.0,,Fundador
302,1969,,7.0,,,,,11377600.0,prestamos,Honduras,,Sector Público,7.0,,Fundador
303,1980,,9.0,,,,,56237000.0,prestamos,El Salvador,,Sector Público,9.0,,Fundador
304,1972,,7.0,,,,,3365950.0,prestamos,Costa Rica,,Sector Privado,7.0,,Fundador
305,2016,,1.0,,,,,2125000.0,prestamos,El Salvador,,Sector Privado,1.0,,Fundador
306,1967,,8.0,,,,,5547300.0,prestamos,Nicaragua,,Sector Privado,8.0,,Fundador
307,1994,,7.0,,,,,34765000.0,prestamos,Honduras,,Sector Público,7.0,,Fundador
308,1976,,7.0,,,,,2525000.0,prestamos,El Salvador,,Sector Privado,7.0,,Fundador
309,1971,,4.0,,,,,8658000.0,prestamos,Guatemala,,Sector Público,4.0,,Fundador
310,1979,,3.0,,,,,2416000.0,prestamos,El Salvador,,Sector Privado,3.0,,Fundador
311,1968,,7.0,,,,,10752000.0,prestamos,Honduras,,Sector Público,7.0,,Fundador
312,2018,,1.0,,,,,193200000.0,prestamos,Guatemala,,Sector Público,1.0,,Fundador
313,1974,,5.0,,,,,10800000.0,prestamos,Guatemala,,Sector Público,5.0,,Fundador
314,2013,,5.0,,,,,363545473.0,prestamos,Nicaragua,,Sector Público,5.0,,Fundador
315,1992,,3.0,,,,,900000.0,prestamos,Nicaragua,,Sector Privado,3.0,,Fundador
316,1995,,3.0,,,,,8000000.0,prestamos,Honduras,,Sector Público,3.0,,Fundador
317,2000,,1.0,,,,,1500000.0,prestamos,Honduras,,Sector Público,1.0,,Fundador
318,2011,,5.0,,,,,392236000.0,prestamos,Honduras,,Sector Público,5.0,,Fundador
319,1973,,4.0,,,,,12940000.0,prestamos,Honduras,,Sector Público,4.0,,Fundador
320,2024,,1.0,,,,,240000000.0,prestamos,Panamá,,Sector Público,1.0,,Regional No-Fundador
321,1977,,4.0,,,,,7800000.0,prestamos,Nicaragua,,Sector Privado,4.0,,Fundador
322,1966,,5.0,,,,,6040000.0,prestamos,El Salvador,,Sector Público,5.0,,Fundador
323,1982,,6.0,,,,,40294000.0,prestamos,Honduras,,Sector Público,6.0,,Fundador
324,2001,,3.0,,,,,217400000.0,prestamos,El Salvador,,Sector Público,3.0,,Fundador
325,1996,,3.0,,,,,130971000.0,prestamos,Guatemala,,Sector Público,3.0,,Fundador
326,2012,,5.0,,,,,253044054.79,prestamos,Nicaragua,,Sector Público,5.0,,Fundador
327,2022,,1.0,,,,,60000000.0,prestamos,El Salvador,,Sector Privado,1.0,,Fundador
328,2015,,2.0,,,,,46000000.0,prestamos,Honduras,,Sector Privado,2.0,,Fundador
329,2017,,1.0,,,,,61306842.25,prestamos,El Salvador,,Sector Privado,1.0,,Fundador
330,2003,,14.0,,,,,42905100.0,prestamos,Nicaragua,,Sector Privado,14.0,,Fundador
331,2014,,3.0,,,,,14250000.0,prestamos,El Salvador,,Sector Privado,3.0,,Fundador
332,2009,,2.0,,,,,293433870.0,prestamos,El Salvador,,Sector Público,2.0,,Fundador
333,2008,,5.0,,,,,202006000.0,prestamos,Honduras,,Sector Público,5.0,,Fundador
334,1965,,6.0,,,,,3942000.0,prestamos,Nicaragua,,Sector Privado,6.0,,Fundador
335,1981,,1.0,,,,,4400000.0,prestamos,Nicaragua,,Sector Privado,1.0,,Fundador
336,2021,,7.0,,,,,804903013.99,prestamos,Nicaragua,,Sector Público,7.0,,Fundador
337,1969,,8.0,,,,,1015356.0,prestamos,Nicaragua,,Sector Privado,8.0,,Fundador
338,1978,,4.0,,,,,1700000.0,prestamos,Guatemala,,Sector Privado,4.0,,Fundador
339,1972,,8.0,,,,,13976200.0,prestamos,Costa Rica,,Sector Público,8.0,,Fundador
340,2016,,4.0,,,,,383647251.84000003,prestamos,El Salvador,,Sector Público,4.0,,Fundador
341,1967,,3.0,,,,,4291000.0,prestamos,Nicaragua,,Sector Público,3.0,,Fundador
342,1994,,12.0,,,,,19003900.0,prestamos,Nicaragua,,Sector Privado,12.0,,Fundador
343,1976,,2.0,,,,,15300000.0,prestamos,El Salvador,,Sector Público,2.0,,Fundador
344,1983,,1.0,,,,,6900000.0,prestamos,Guatemala,,Sector Público,1.0,,Fundador
345,1979,,6.0,,,,,41850000.0,prestamos,El Salvador,,Sector Público,6.0,,Fundador
346,1968,,3.0,,,,,534714.0,prestamos,Nicaragua,,Sector Privado,3.0,,Fundador
347,2020,,1.0,,,,,1500000.0,prestamos,Guatemala,,Sector Privado,1.0,,Fundador
348,1984,,1.0,,,,,1200000.0,prestamos,Guatemala,,Sector Público,1.0,,Fundador
349,2013,,1.0,,,,,10000000.0,prestamos,Panamá,,Sector Privado,1.0,,Regional No-Fundador
350,1992,,9.0,,,,,63977012.0,prestamos,Nicaragua,,Sector Público,9.0,,Fundador
351,1995,,4.0,,,,,7875000.0,prestamos,Nicaragua,,Sector Privado,4.0,,Fundador
352,2000,,6.0,,,,,15100000.0,prestamos,Nicaragua,,Sector Privado,6.0,,Fundador
353,2011,,2.0,,,,,72200000.0,prestamos,Nicaragua,,Sector Privado,2.0,,Fundador
354,1973,,7.0,,,,,1570671.0,prestamos,Nicaragua,,Sector Privado,7.0,,Fundador
355,2024,,1.0,,,,,100000000.0,prestamos,República Dominicana,,Sector Público,1.0,,Regional No-Fundador
356,1977,,8.0,,,,,20210000.0,prestamos,Nicaragua,,Sector Público,8.0,,Fundador
357,2004,,12.0,,,,,67500000.0,prestamos,El Salvador,,Sector Privado,12.0,,Fundador
358,1982,,4.0,,,,,19700000.0,prestamos,Nicaragua,,Sector Público,4.0,,Fundador
359,2007,,8.0,,,,,120215000.0,prestamos,El Salvador,,Sector Privado,8.0,,Fundador
360,2025,,1.0,,,,,15000000.0,prestamos,Guatemala,,Sector Privado,1.0,,Fundador
361,2022,,5.0,,,,,836000000.0,prestamos,El Salvador,,Sector Público,5.0,,Fundador
362,2015,,2.0,,,,,212300000.0,prestamos,Honduras,,Sector Público,2.0,,Fundador
363,2017,,2.0,,,,,246000000.0,prestamos,El Salvador,,Sector Público,2.0,,Fundador
364,2003,,4.0,,,,,21790000.0,prestamos,Nicaragua,,Sector Público,4.0,,Fundador
365,2014,,5.0,,,,,296887500.0,prestamos,El Salvador,,Sector Público,5.0,,Fundador
366,1975,,6.0,,,,,11110000.0,prestamos,Guatemala,,Sector Privado,6.0,,Fundador
367,2008,,12.0,,,,,107150000.0,prestamos,Nicaragua,,Sector Privado,12.0,,Fundador
368,1965,,1.0,,,,,2000000.0,prestamos,Nicaragua,,Sector Público,1.0,,Fundador
369,1981,,6.0,,,,,43250000.0,prestamos,Nicaragua,,Sector Público,6.0,,Fundador
370,2021,,1.0,,,,,125000000.0,prestamos,Panamá,,Sector Privado,1.0,,Regional No-Fundador
371,1969,,7.0,,,,,5720537.0,prestamos,Nicaragua,,Sector Público,7.0,,Fundador
372,1978,,8.0,,,,,48790000.0,prestamos,Guatemala,,Sector Público,8.0,,Fundador
373,2010,,9.0,,,,,35760000.0,prestamos,Costa Rica,,Sector Privado,9.0,,Fundador
374,1993,,31.0,,,,,38556600.0,prestamos,Guatemala,,Sector Privado,31.0,,Fundador
375,1994,,9.0,,,,,75129872.0,prestamos,Nicaragua,,Sector Público,9.0,,Fundador
376,1998,,8.0,,,,,28900000.0,prestamos,El Salvador,,Sector Privado,8.0,,Fundador
377,1971,,20.0,,,,,6223272.0,prestamos,Honduras,,Sector Privado,20.0,,Fundador
378,1997,,15.0,,,,,55147400.0,prestamos,El Salvador,,Sector Privado,15.0,,Fundador
379,1968,,1.0,,,,,4000000.0,prestamos,Nicaragua,,Sector Público,1.0,,Fundador
380,2018,,3.0,,,,,40000000.0,prestamos,Honduras,,Sector Privado,3.0,,Fundador
381,1974,,13.0,,,,,6857000.0,prestamos,Honduras,,Sector Privado,13.0,,Fundador
382,2013,,1.0,,,,,80200000.0,prestamos,República Dominicana,,Sector Público,1.0,,Regional No-Fundador
383,1995,,4.0,,,,,15600000.0,prestamos,Nicaragua,,Sector Público,4.0,,Fundador
384,2011,,5.0,,,,,90234985.0,prestamos,Nicaragua,,Sector Público,5.0,,Fundador
385,1973,,9.0,,,,,14255857.0,prestamos,Nicaragua,,Sector Público,9.0,,Fundador
386,2004,,3.0,,,,,155625000.0,prestamos,El Salvador,,Sector Público,3.0,,Fundador
387,2007,,7.0,,,,,351500000.0,prestamos,El Salvador,,Sector Público,7.0,,Fundador
388,1996,,14.0,,,,,58400000.0,prestamos,Honduras,,Sector Privado,14.0,,Fundador
389,1987,,1.0,,,,,1200000.0,prestamos,Guatemala,,Sector Privado,1.0,,Fundador
390,2015,,1.0,,,,,40000000.0,prestamos,Nicaragua,,Sector Privado,1.0,,Fundador
391,1964,,2.0,,,,,390000.0,prestamos,Guatemala,,Sector Privado,2.0,,Fundador
392,2002,,9.0,,,,,104054179.0,prestamos,Guatemala,,Sector Privado,9.0,,Fundador
393,1975,,5.0,,,,,16140000.0,prestamos,Guatemala,,Sector Público,5.0,,Fundador
394,2008,,4.0,,,,,161893879.0,prestamos,Nicaragua,,Sector Público,4.0,,Fundador
395,2021,,2.0,,,,,410000000.0,prestamos,República Dominicana,,Sector Público,2.0,,Regional No-Fundador
396,1980,,3.0,,,,,8200000.0,prestamos,Guatemala,,Sector Privado,3.0,,Fundador
397,2010,,3.0,,,,,182693958.0,prestamos,Costa Rica,,Sector Público,3.0,,Fundador
398,1993,,3.0,,,,,70800000.0,prestamos,Guatemala,,Sector Público,3.0,,Fundador
399,1998,,3.0,,,,,177771000.0,prestamos,El Salvador,,Sector Público,3.0,,Fundador
400,1971,,5.0,,,,,3475000.0,prestamos,Honduras,,Sector Público,5.0,,Fundador
401,1997,,3.0,,,,,106908000.0,prestamos,El Salvador,,Sector Público,3.0,,Fundador
402,2018,,1.0,,,,,44262590.7,prestamos,Honduras,,Sector Público,1.0,,Fundador
403,1974,,11.0,,,,,16355000.0,prestamos,Honduras,,Sector Público,11.0,,Fundador
404,2011,,1.0,,,,,25000000.0,prestamos,Panamá,,Sector Privado,1.0,,Regional No-Fundador
405,2019,,1.0,,,,,45000000.0,prestamos,El Salvador,,Sector Privado,1.0,,Fundador
406,2001,,3.0,,,,,29300000.0,prestamos,Guatemala,,Sector Privado,3.0,,Fundador
407,1996,,1.0,,,,,15910000.0,prestamos,Honduras,,Sector Público,1.0,,Fundador
408,1987,,5.0,,,,,26620000.0,prestamos,Guatemala,,Sector Público,5.0,,Fundador
409,2015,,4.0,,,,,156016547.10000002,prestamos,Nicaragua,,Sector Público,4.0,,Fundador
410,1964,,1.0,,,,,20000.0,prestamos,Guatemala,,Sector Público,1.0,,Fundador
411,2002,,2.0,,,,,40467835.0,prestamos,Guatemala,,Sector Público,2.0,,Fundador
412,2009,,4.0,,,,,2594200.0,prestamos,Guatemala,,Sector Privado,4.0,,Fundador
413,2008,,1.0,,,,,30100000.0,prestamos,Panamá,,Sector Privado,1.0,,Regional No-Fundador
414,1980,,8.0,,,,,33640000.0,prestamos,Guatemala,,Sector Público,8.0,,Fundador
415,2023,,3.0,,,,,1000000000.0,prestamos,Costa Rica,,Sector Público,3.0,,Fundador
416,2016,,1.0,,,,,300000000.0,prestamos,Guatemala,,Sector Público,1.0,,Fundador
417,2006,,21.0,,,,,158210440.0,prestamos,El Salvador,,Sector Privado,21.0,,Fundador
418,1983,,3.0,,,,,7560000.0,prestamos,Honduras,,Sector Público,3.0,,Fundador
419,2005,,13.0,,,,,43850000.0,prestamos,El Salvador,,Sector Privado,13.0,,Fundador
420,2020,,4.0,,,,,111718430.0,prestamos,Honduras,,Sector Privado,4.0,,Fundador
421,1984,,2.0,,,,,14100000.0,prestamos,Honduras,,Sector Público,2.0,,Fundador
422,2019,,5.0,,,,,531162715.48,prestamos,El Salvador,,Sector Público,5.0,,Fundador
423,2001,,4.0,,,,,97651252.0,prestamos,Guatemala,,Sector Público,4.0,,Fundador
424,2025,,1.0,,,,,165000000.0,prestamos,Honduras,,Sector Público,1.0,,Fundador
425,2022,,1.0,,,,,100000000.0,prestamos,Guatemala,,Sector Privado,1.0,,Fundador
426,2015,,1.0,,,,,20000000.0,prestamos,Panamá,,Sector Privado,1.0,,Regional No-Fundador
427,2017,,2.0,,,,,37000000.0,prestamos,Guatemala,,Sector Privado,2.0,,Fundador
428,2014,,3.0,,,,,56607000.0,prestamos,Guatemala,,Sector Privado,3.0,,Fundador
429,2009,,3.0,,,,,143121400.0,prestamos,Guatemala,,Sector Público,3.0,,Fundador
430,1978,,3.0,,,,,3250000.0,prestamos,Honduras,,Sector Privado,3.0,,Fundador
431,1970,,6.0,,,,,5478600.0,prestamos,El Salvador,,Sector Privado,6.0,,Fundador
432,1993,,13.0,,,,,11487100.0,prestamos,Honduras,,Sector Privado,13.0,,Fundador
433,2006,,3.0,,,,,275000000.0,prestamos,El Salvador,,Sector Público,3.0,,Fundador
434,1971,,8.0,,,,,2825000.0,prestamos,Nicaragua,,Sector Privado,8.0,,Fundador
435,2005,,5.0,,,,,232528347.75,prestamos,El Salvador,,Sector Público,5.0,,Fundador
436,2020,,6.0,,,,,846779622.95,prestamos,Honduras,,Sector Público,6.0,,Fundador
437,1974,,3.0,,,,,2800000.0,prestamos,Nicaragua,,Sector Privado,3.0,,Fundador
438,1966,,14.0,,,,,4211080.0,prestamos,Guatemala,,Sector Privado,14.0,,Fundador
439,2007,,19.0,,,,,567905000.0,prestamos,Guatemala,,Sector Privado,19.0,,Fundador
440,1996,,11.0,,,,,11737565.0,prestamos,Nicaragua,,Sector Privado,11.0,,Fundador
441,2022,,1.0,,,,,170000000.0,prestamos,Guatemala,,Sector Público,1.0,,Fundador
442,2015,,1.0,,,,,200000000.0,prestamos,Panamá,,Sector Público,1.0,,Regional No-Fundador
443,2017,,1.0,,,,,100000000.0,prestamos,Guatemala,,Sector Público,1.0,,Fundador
444,2014,,1.0,,,,,250000000.0,prestamos,Guatemala,,Sector Público,1.0,,Fundador
445,1975,,18.0,,,,,19215089.0,prestamos,Honduras,,Sector Privado,18.0,,Fundador
446,1978,,8.0,,,,,28080000.0,prestamos,Honduras,,Sector Público,8.0,,Fundador
447,1970,,4.0,,,,,2397000.0,prestamos,El Salvador,,Sector Público,4.0,,Fundador
448,1993,,9.0,,,,,86941000.0,prestamos,Honduras,,Sector Público,9.0,,Fundador
449,1962,,2.0,,,,,190000.0,prestamos,Guatemala,,Sector Privado,2.0,,Fundador
450,1971,,10.0,,,,,11077486.0,prestamos,Nicaragua,,Sector Público,10.0,,Fundador
451,1979,,5.0,,,,,2250000.0,prestamos,Guatemala,,Sector Privado,5.0,,Fundador
452,2018,,3.0,,,,,365114696.0,prestamos,Nicaragua,,Sector Público,3.0,,Fundador
453,1974,,12.0,,,,,22287000.0,prestamos,Nicaragua,,Sector Público,12.0,,Fundador
454,1966,,2.0,,,,,4352000.0,prestamos,Guatemala,,Sector Público,2.0,,Fundador
455,2001,,5.0,,,,,8795064.0,prestamos,Honduras,,Sector Privado,5.0,,Fundador
456,2025,,1.0,,,,,75000000.0,prestamos,Panamá,,Sector Público,1.0,,Regional No-Fundador
457,1987,,8.0,,,,,30478300.0,prestamos,Honduras,,Sector Público,8.0,,Fundador
458,1964,,3.0,,,,,653000.0,prestamos,Honduras,,Sector Privado,3.0,,Fundador
459,2002,,3.0,,,,,15800000.0,prestamos,Honduras,,Sector Privado,3.0,,Fundador
460,1975,,10.0,,,,,26194000.0,prestamos,Honduras,,Sector Público,10.0,,Fundador
461,1980,,6.0,,,,,5642500.0,prestamos,Honduras,,Sector Privado,6.0,,Fundador
462,1972,,2.0,,,,,301360.0,prestamos,El Salvador,,Sector Privado,2.0,,Fundador
463,2016,,1.0,,,,,40000000.0,prestamos,Honduras,,Sector Privado,1.0,,Fundador
464,1976,,4.0,,,,,6050000.0,prestamos,Guatemala,,Sector Privado,4.0,,Fundador
465,1983,,3.0,,,,,13280000.0,prestamos,Nicaragua,,Sector Público,3.0,,Fundador
466,1979,,1.0,,,,,8100000.0,prestamos,Guatemala,,Sector Público,1.0,,Fundador
467,2020,,4.0,,,,,698696935.0,prestamos,Nicaragua,,Sector Público,4.0,,Fundador
468,2004,,7.0,,,,,31125000.0,prestamos,Guatemala,,Sector Privado,7.0,,Fundador
469,2001,,5.0,,,,,37425000.0,prestamos,Honduras,,Sector Público,5.0,,Fundador
470,2025,,1.0,,,,,37187479.0,prestamos,Regional,,Sector Público,1.0,,Sin clasificar
471,2022,,1.0,,,,,15000000.0,prestamos,Honduras,,Sector Privado,1.0,,Fundador
472,1964,,2.0,,,,,654000.0,prestamos,Honduras,,Sector Público,2.0,,Fundador
473,2002,,3.0,,,,,25912285.0,prestamos,Honduras,,Sector Público,3.0,,Fundador
474,2009,,2.0,,,,,5500000.0,prestamos,Honduras,,Sector Privado,2.0,,Fundador
475,1980,,7.0,,,,,39000000.0,prestamos,Honduras,,Sector Público,7.0,,Fundador
476,1972,,4.0,,,,,6730000.0,prestamos,El Salvador,,Sector Público,4.0,,Fundador
477,2016,,2.0,,,,,62182437.78,prestamos,Honduras,,Sector Público,2.0,,Fundador
478,1976,,5.0,,,,,27120000.0,prestamos,Guatemala,,Sector Público,5.0,,Fundador
479,1997,,13.0,,,,,41337000.0,prestamos,Guatemala,,Sector Privado,13.0,,Fundador
480,2018,,3.0,,,,,141000000.0,prestamos,Panamá,,Sector Privado,3.0,,Regional No-Fundador
481,2004,,2.0,,,,,57635000.0,prestamos,Guatemala,,Sector Público,2.0,,Fundador
482,2007,,22.0,,,,,86852100.0,prestamos,Honduras,,Sector Privado,22.0,,Fundador
483,2025,,1.0,,,,,80900000.0,prestamos,República Dominicana,,Sector Público,1.0,,Regional No-Fundador
484,2022,,2.0,,,,,470000000.0,prestamos,Honduras,,Sector Público,2.0,,Fundador
485,2017,,1.0,,,,,30472000.0,prestamos,Honduras,,Sector Privado,1.0,,Fundador
486,2014,,4.0,,,,,88700000.0,prestamos,Honduras,,Sector Privado,4.0,,Fundador
487,2009,,1.0,,,,,90000000.0,prestamos,Honduras,,Sector Público,1.0,,Fundador
488,1978,,3.0,,,,,1400000.0,prestamos,Nicaragua,,Sector Privado,3.0,,Fundador
489,2010,,9.0,,,,,6325000.0,prestamos,El Salvador,,Sector Privado,9.0,,Fundador
490,2016,,1.0,,,,,150000000.0,prestamos,México,,Sector Público,1.0,,Extrarregional
491,1998,,13.0,,,,,63237300.0,prestamos,Guatemala,,Sector Privado,13.0,,Fundador
492,1997,,6.0,,,,,177159773.0,prestamos,Guatemala,,Sector Público,6.0,,Fundador
493,2018,,4.0,,,,,660000000.0,prestamos,Panamá,,Sector Público,4.0,,Regional No-Fundador
494,2019,,1.0,,,,,60000000.0,prestamos,Guatemala,,Sector Privado,1.0,,Fundador
495,2007,,2.0,,,,,75500000.0,prestamos,Honduras,,Sector Público,2.0,,Fundador
496,2022,,1.0,,,,,200000000.0,prestamos,Nicaragua,,Sector Público,1.0,,Fundador
497,2017,,2.0,,,,,236834740.0,prestamos,Honduras,,Sector Público,2.0,,Fundador
498,2014,,2.0,,,,,122044117.73,prestamos,Honduras,,Sector Público,2.0,,Fundador
499,1975,,10.0,,,,,21890000.0,prestamos,Nicaragua,,Sector Privado,10.0,,Fundador
500,1978,,7.0,,,,,28471000.0,prestamos,Nicaragua,,Sector Público,7.0,,Fundador
501,2010,,4.0,,,,,126540000.0,prestamos,El Salvador,,Sector Público,4.0,,Fundador
502,1993,,2.0,,,,,1500000.0,prestamos,Nicaragua,,Sector Privado,2.0,,Fundador
503,1998,,9.0,,,,,314750000.0,prestamos,Guatemala,,Sector Público,9.0,,Fundador
504,2005,,11.0,,,,,105095000.0,prestamos,Guatemala,,Sector Privado,11.0,,Fundador
505,2020,,2.0,,,,,400000000.0,prestamos,Panamá,,Sector Público,2.0,,Regional No-Fundador
506,2019,,1.0,,,,,285700000.0,prestamos,Guatemala,,Sector Público,1.0,,Fundador
507,2001,,8.0,,,,,19350000.0,prestamos,Nicaragua,,Sector Privado,8.0,,Fundador
508,2022,,2.0,,,,,85000000.0,prestamos,Panamá,,Sector Privado,2.0,,Regional No-Fundador
509,1964,,6.0,,,,,1317700.0,prestamos,Nicaragua,,Sector Privado,6.0,,Fundador
510,2002,,18.0,,,,,50043635.74,prestamos,Nicaragua,,Sector Privado,18.0,,Fundador
511,1975,,8.0,,,,,17184000.0,prestamos,Nicaragua,,Sector Público,8.0,,Fundador
512,1980,,16.0,,,,,65285000.0,prestamos,Nicaragua,,Sector Público,16.0,,Fundador
513,1970,,7.0,,,,,2507184.0,prestamos,Guatemala,,Sector Privado,7.0,,Fundador
514,1993,,8.0,,,,,66265800.0,prestamos,Nicaragua,,Sector Público,8.0,,Fundador
515,2006,,28.0,,,,,377049000.0,prestamos,Guatemala,,Sector Privado,28.0,,Fundador
516,2005,,3.0,,,,,558270000.0,prestamos,Guatemala,,Sector Público,3.0,,Fundador
517,2018,,2.0,,,,,154000000.0,prestamos,República Dominicana,,Sector Privado,2.0,,Regional No-Fundador
518,1966,,7.0,,,,,2200000.0,prestamos,Honduras,,Sector Privado,7.0,,Fundador
519,2007,,18.0,,,,,199125700.0,prestamos,Nicaragua,,Sector Privado,18.0,,Fundador
520,2022,,1.0,,,,,145000000.0,prestamos,Panamá,,Sector Público,1.0,,Regional No-Fundador
521,1964,,3.0,,,,,10052458.0,prestamos,Nicaragua,,Sector Público,3.0,,Fundador
522,2002,,4.0,,,,,29138311.95,prestamos,Nicaragua,,Sector Público,4.0,,Fundador
523,2009,,9.0,,,,,21300000.0,prestamos,Nicaragua,,Sector Privado,9.0,,Fundador
524,1970,,1.0,,,,,150000.0,prestamos,Guatemala,,Sector Público,1.0,,Fundador
525,2016,,6.0,,,,,379786817.2,prestamos,Nicaragua,,Sector Público,6.0,,Fundador
526,1962,,3.0,,,,,445000.0,prestamos,Honduras,,Sector Privado,3.0,,Fundador
527,1979,,6.0,,,,,10475600.0,prestamos,Honduras,,Sector Privado,6.0,,Fundador
528,2020,,1.0,,,,,30000000.0,prestamos,República Dominicana,,Sector Público,1.0,,Regional No-Fundador
529,1966,,6.0,,,,,11794500.0,prestamos,Honduras,,Sector Público,6.0,,Fundador
530,2007,,5.0,,,,,84769347.0,prestamos,Nicaragua,,Sector Público,5.0,,Fundador
531,2022,,4.0,,,,,580000000.0,prestamos,República Dominicana,,Sector Público,4.0,,Regional No-Fundador
532,2017,,1.0,,,,,10000000.0,prestamos,Nicaragua,,Sector Privado,1.0,,Fundador
533,2014,,4.0,,,,,333883194.0,prestamos,Nicaragua,,Sector Público,4.0,,Fundador
534,2009,,4.0,,,,,299987137.88,prestamos,Nicaragua,,Sector Público,4.0,,Fundador
535,1972,,8.0,,,,,5580370.0,prestamos,Guatemala,,Sector Privado,8.0,,Fundador
536,2016,,2.0,,,,,156000000.0,prestamos,Panamá,,Sector Privado,2.0,,Regional No-Fundador
537,1962,,1.0,,,,,120000.0,prestamos,Honduras,,Sector Público,1.0,,Fundador
538,1979,,8.0,,,,,39655000.0,prestamos,Honduras,,Sector Público,8.0,,Fundador
539,2004,,11.0,,,,,79846537.0,prestamos,Honduras,,Sector Privado,11.0,,Fundador
540,2007,,2.0,,,,,97033333.33,prestamos,Panamá,,Sector Privado,2.0,,Regional No-Fundador
541,2017,,4.0,,,,,468774000.0,prestamos,Nicaragua,,Sector Público,4.0,,Fundador
542,2014,,1.0,,,,,30000000.0,prestamos,Panamá,,Sector Privado,1.0,,Regional No-Fundador
543,2009,,1.0,,,,,20000000.0,prestamos,Panamá,,Sector Privado,1.0,,Regional No-Fundador
544,1972,,2.0,,,,,9500000.0,prestamos,Guatemala,,Sector Público,2.0,,Fundador
545,2016,,1.0,,,,,100000000.0,prestamos,Panamá,,Sector Público,1.0,,Regional No-Fundador
546,1976,,7.0,,,,,3215000.0,prestamos,Honduras,,Sector Privado,7.0,,Fundador
547,1997,,12.0,,,,,37947000.0,prestamos,Honduras,,Sector Privado,12.0,,Fundador
548,2004,,4.0,,,,,117830000.0,prestamos,Honduras,,Sector Público,4.0,,Fundador
549,2007,,1.0,,,,,19000000.0,prestamos,Panamá,,Sector Público,1.0,,Regional No-Fundador
550,2017,,1.0,,,,,20000000.0,prestamos,Panamá,,Sector Privado,1.0,,Regional No-Fundador
551,2010,,4.0,,,,,71415000.0,prestamos,Guatemala,,Sector Privado,4.0,,Fundador
552,2016,,1.0,,,,,100000000.0,prestamos,República Dominicana,,Sector Público,1.0,,Regional No-Fundador
553,1976,,6.0,,,,,21441200.0,prestamos,Honduras,,Sector Público,6.0,,Fundador
554,1997,,1.0,,,,,4900000.0,prestamos,Honduras,,Sector Público,1.0,,Fundador
555,2019,,1.0,,,,,25000000.0,prestamos,Honduras,,Sector Privado,1.0,,Fundador
556,2007,,1.0,,,,,50000000.0,prestamos,República Dominicana,,Sector Público,1.0,,Regional No-Fundador
557,2017,,2.0,,,,,170000000.0,prestamos,Panamá,,Sector Público,2.0,,Regional No-Fundador
558,2010,,1.0,,,,,265000000.0,prestamos,Guatemala,,Sector Público,1.0,,Fundador
559,1998,,23.0,,,,,147449550.0,prestamos,Honduras,,Sector Privado,23.0,,Fundador
560,2005,,12.0,,,,,79705800.0,prestamos,Honduras,,Sector Privado,12.0,,Fundador
561,2019,,2.0,,,,,143586952.0,prestamos,Honduras,,Sector Público,2.0,,Fundador
562,2017,,1.0,,,,,249600000.0,prestamos,República Dominicana,,Sector Público,1.0,,Regional No-Fundador
563,2023,,1.0,,,,,15000000.0,prestamos,Guatemala,,Sector Privado,1.0,,Fundador
564,1998,,2.0,,,,,45500000.0,prestamos,Honduras,,Sector Público,2.0,,Fundador
565,2005,,9.0,,,,,125272463.49000001,prestamos,Honduras,,Sector Público,9.0,,Fundador
566,1966,,5.0,,,,,6725000.0,prestamos,Nicaragua,,Sector Privado,5.0,,Fundador
567,1970,,19.0,,,,,11407500.0,prestamos,Honduras,,Sector Privado,19.0,,Fundador
568,2006,,14.0,,,,,113327000.0,prestamos,Honduras,,Sector Privado,14.0,,Fundador
569,1979,,6.0,,,,,11050000.0,prestamos,Nicaragua,,Sector Privado,6.0,,Fundador
570,1966,,3.0,,,,,2722240.0,prestamos,Nicaragua,,Sector Público,3.0,,Fundador
571,1970,,5.0,,,,,8114500.0,prestamos,Honduras,,Sector Público,5.0,,Fundador
572,2006,,2.0,,,,,125300000.05000001,prestamos,Honduras,,Sector Público,2.0,,Fundador
573,1979,,2.0,,,,,2750000.0,prestamos,Nicaragua,,Sector Público,2.0,,Fundador
574,2004,,17.0,,,,,24482000.0,prestamos,Nicaragua,,Sector Privado,17.0,,Fundador
575,1972,,13.0,,,,,3962000.0,prestamos,Honduras,,Sector Privado,13.0,,Fundador
576,1962,,1.0,,,,,937200.0,prestamos,Nicaragua,,Sector Privado,1.0,,Fundador
577,1997,,3.0,,,,,7500000.0,prestamos,Nicaragua,,Sector Privado,3.0,,Fundador
578,2004,,3.0,,,,,11025000.0,prestamos,Nicaragua,,Sector Público,3.0,,Fundador
579,1972,,8.0,,,,,2680300.0,prestamos,Honduras,,Sector Público,8.0,,Fundador
580,1976,,1.0,,,,,980000.0,prestamos,Nicaragua,,Sector Privado,1.0,,Fundador
581,2005,,16.0,,,,,60775872.66,prestamos,Nicaragua,,Sector Privado,16.0,,Fundador
582,2019,,2.0,,,,,70800000.0,prestamos,Nicaragua,,Sector Privado,2.0,,Fundador
583,2010,,7.0,,,,,118182669.0,prestamos,Honduras,,Sector Privado,7.0,,Fundador
584,1976,,5.0,,,,,21360000.0,prestamos,Nicaragua,,Sector Público,5.0,,Fundador
585,2005,,6.0,,,,,49632000.0,prestamos,Nicaragua,,Sector Público,6.0,,Fundador
586,2019,,2.0,,,,,585344540.0,prestamos,Nicaragua,,Sector Público,2.0,,Fundador
587,2010,,3.0,,,,,356188510.0,prestamos,Honduras,,Sector Público,3.0,,Fundador
588,1998,,7.0,,,,,32711300.0,prestamos,Nicaragua,,Sector Privado,7.0,,Fundador
589,2005,,1.0,,,,,20000000.0,prestamos,Panamá,,Sector Público,1.0,,Regional No-Fundador
590,2019,,1.0,,,,,50000000.0,prestamos,Panamá,,Sector Privado,1.0,,Regional No-Fundador
591,2023,,1.0,,,,,20000000.0,prestamos,Honduras,,Sector Privado,1.0,,Fundador
592,2006,,22.0,,,,,103330434.0,prestamos,Nicaragua,,Sector Privado,22.0,,Fundador
593,2019,,2.0,,,,,134000000.0,prestamos,Panamá,,Sector Público,2.0,,Regional No-Fundador
594,2023,,3.0,,,,,766988111.14,prestamos,Honduras,,Sector Público,3.0,,Fundador
595,2006,,3.0,,,,,196218000.0,prestamos,Nicaragua,,Sector Público,3.0,,Fundador
596,1970,,6.0,,,,,842236.0,prestamos,Nicaragua,,Sector Privado,6.0,,Fundador
597,1970,,6.0,,,,,9534000.0,prestamos,Nicaragua,,Sector Público,6.0,,Fundador
598,1972,,8.0,,,,,3174914.0,prestamos,Nicaragua,,Sector Privado,8.0,,Fundador
599,1972,,5.0,,,,,7834300.0,prestamos,Nicaragua,,Sector Público,5.0,,Fundador
600,2010,,3.0,,,,,30400000.0,prestamos,Nicaragua,,Sector Privado,3.0,,Fundador
601,2010,,2.0,,,,,117826951.0,prestamos,Nicaragua,,Sector Público,2.0,,Fundador
602,2010,,2.0,,,,,12790915.0,prestamos,Panamá,,Sector Privado,2.0,,Regional No-Fundador
603,2010,,2.0,,,,,150000000.0,prestamos,República Dominicana,,Sector Público,2.0,,Regional No-Fundador
604,2023,,3.0,,,,,908226411.0,prestamos,República Dominicana,,Sector Público,3.0,,Regional No-Fundador
1,1974,,,,Proyecto de Instalación de un Centro de Enseñanza de la Tecnología y Ciencias Conexas,,,2000000.0,prestamos_sector_publico,Costa Rica,,Sector Público,,Proyecto de Instalación de un Centro de Enseñanza de la Tecnología y Ciencias Conexas,Fundador
2,2014,,,,LGC - Financiera de Desarrollo Territorial,,,50000000.0,prestamos_sector_publico,Colombia,,Sector Público,,LGC - Financiera de Desarrollo Territorial,Extrarregional
3,1973,,,,Construcción de Subestaciones Patio de Maniobras Líneas de Transmisión Redes de Distribución Ingeniería Mantenimiento e Imprevistos para la Segunta Etapa del Proyecto de Expansión de la Planta,,,1000000.0,prestamos_sector_publico,Costa Rica,,Sector Público,,Construcción de Subestaciones Patio de Maniobras Líneas de Transmisión Redes de Distribución Ingeniería Mantenimiento e Imprevistos para la Segunta Etapa del Proyecto de Expansión de la Planta,Fundador
4,2017,,,,LGC Financiera de Desarrollo Nacional  S.A. (FDN),,,50000000.0,prestamos_sector_publico,Colombia,,Sector Público,,LGC Financiera de Desarrollo Nacional  S.A. (FDN),Extrarregional
5,2022,,,,Programa de Fortalecimiento Tecnológico del Registro Nacional de las Personas y de la Dirección Nacional de Migraciones,,,25000000.0,prestamos_sector_publico,Argentina,,Sector Público,,Programa de Fortalecimiento Tecnológico del Registro Nacional de las Personas y de la Dirección Nacional de Migraciones,Extrarregional
6,1971,,,,Financiar los Estudios de Factibilidad Económica Ingeniería Preliminar y Diseño Final Incluyendo Planos Presupuestos y Especificaciones de Construcción de la Carretera de Tilarán - Puerto Viejo,,,400000.0,prestamos_sector_publico,Costa Rica,,Sector Público,,Financiar los Estudios de Factibilidad Económica Ingeniería Preliminar y Diseño Final Incluyendo Planos Presupuestos y Especificaciones de Construcción de la Carretera de Tilarán - Puerto Viejo,Fundador
7,1968,,,,Adquisición de Equipo y Materiales y Gastos de Instalación para la Reconstrucción y Ampliación de las Líneas de Distribución de Energía Eléctrica,,,640000.0,prestamos_sector_publico,Costa Rica,,Sector Público,,Adquisición de Equipo y Materiales y Gastos de Instalación para la Reconstrucción y Ampliación de las Líneas de Distribución de Energía Eléctrica,Fundador
8,1975,,,,Proyecto de Emergencia para Incrementar la Capacidad de Almacenamiento Secado Pelado y Manejo de Granos Básicos en la República de Costa Rica,,,2700000.0,prestamos_sector_publico,Costa Rica,,Sector Público,,Proyecto de Emergencia para Incrementar la Capacidad de Almacenamiento Secado Pelado y Manejo de Granos Básicos en la República de Costa Rica,Fundador
9,2021,,,,Programa Piloto para la Transformación Digital de las PYMES Argentinas,,,50000000.0,prestamos_sector_publico,Argentina,,Sector Público,,Programa Piloto para la Transformación Digital de las PYMES Argentinas,Extrarregional
10,2016,,,,Programa Integral de Hábitat,,,60000000.0,prestamos_sector_publico,Argentina,,Sector Público,,Programa Integral de Hábitat,Extrarregional
11,1974,,,,Ampliación y Mejoramiento del Aeropuerto Internacional Juan Santamaría la Cual Incluye Pistas de Aterrizaje y Rodaje Zonas de Estacionamiento de Aviones Equipo de Iluminación y de Señalamiento,,,2200000.0,prestamos_sector_publico,Costa Rica,,Sector Público,,Ampliación y Mejoramiento del Aeropuerto Internacional Juan Santamaría la Cual Incluye Pistas de Aterrizaje y Rodaje Zonas de Estacionamiento de Aviones Equipo de Iluminación y de Señalamiento,Fundador
12,1964,,,,Financiar Estudios de Factibilidad del Programa de Almacenamiento y Conservación de Granos Básicos (Maíz Arroz Frijol y Sorgo),,,60000.0,prestamos_sector_publico,Costa Rica,,Sector Público,,Financiar Estudios de Factibilidad del Programa de Almacenamiento y Conservación de Granos Básicos (Maíz Arroz Frijol y Sorgo),Fundador
13,1976,,,,Mejoramiento Construcción y Puesta en Operación de un Sistema de Riego y Drenaje en la Cuenca del Río Itiquís,,,1365000.0,prestamos_sector_publico,Costa Rica,,Sector Público,,Mejoramiento Construcción y Puesta en Operación de un Sistema de Riego y Drenaje en la Cuenca del Río Itiquís,Fundador
14,2020,,,,Programa de Fortalecimiento Infraestructura Salud para Unidades Penitenciarias y Unidades Sanitarias Frontera,,,50000000.0,prestamos_sector_publico,Argentina,,Sector Público,,Programa de Fortalecimiento Infraestructura Salud para Unidades Penitenciarias y Unidades Sanitarias Frontera,Extrarregional
15,1976,,,,Financiar Complementariamente la Capitalización de la Editorial Universitaria Centroamericana (Educa) Necesaria para Realizar su Programa de Edición de Libros,,,100000.0,prestamos_sector_publico,Costa Rica,,Sector Público,,Financiar Complementariamente la Capitalización de la Editorial Universitaria Centroamericana (Educa) Necesaria para Realizar su Programa de Edición de Libros,Fundador
16,2023,,,,OPD para el apoyo a la acción climática  transición energética justa y fortalecimiento fiscal verde,,,250000000.0,prestamos_sector_publico,Colombia,,Sector Público,,OPD para el apoyo a la acción climática  transición energética justa y fortalecimiento fiscal verde,Extrarregional
17,2010,,,,Proyecto Mejoramiento y Rehabilitación Carretera Sur Tramo Dump - Jalacté,,,4500000.0,prestamos_sector_publico,Belice,,Sector Público,,Proyecto Mejoramiento y Rehabilitación Carretera Sur Tramo Dump - Jalacté,Regional No-Fundador
18,2019,,,,Programa de Mejora del Acceso y la Calidad Educativa,,,67000000.0,prestamos_sector_publico,Argentina,,Sector Público,,Programa de Mejora del Acceso y la Calidad Educativa,Extrarregional
19,1969,,,,Reconstrucción del Tramo Arizona Peñas Blancas de la Carretera Interamericana (CA1),,,1600000.0,prestamos_sector_publico,Costa Rica,,Sector Público,,Reconstrucción del Tramo Arizona Peñas Blancas de la Carretera Interamericana (CA1),Fundador
20,1969,,,,Reconstrucción de 157 Kilometros del Tramo de la CA1 Arizona Peñas Blancas,,,1800000.0,prestamos_sector_publico,Costa Rica,,Sector Público,,Reconstrucción de 157 Kilometros del Tramo de la CA1 Arizona Peñas Blancas,Fundador
21,1968,,,,Estudios Finales de 117 Kilómetros de la Carretera Costanera Sur,,,500000.0,prestamos_sector_publico,Costa Rica,,Sector Público,,Estudios Finales de 117 Kilómetros de la Carretera Costanera Sur,Fundador
22,2015,,,,Proyecto Concesión Alto Magdalena Corredor Vial Honda - Puerto - Salgar - Girardot,,,136000000.0,prestamos_sector_publico,Colombia,,Sector Público,,Proyecto Concesión Alto Magdalena Corredor Vial Honda - Puerto - Salgar - Girardot,Extrarregional
23,2017,,,,Programa de Apoyo a la Estrategia de Ampliación de Cobertura y Acceso a la Educación Inicial (PROCEI),,,30000000.0,prestamos_sector_publico,Argentina,,Sector Público,,Programa de Apoyo a la Estrategia de Ampliación de Cobertura y Acceso a la Educación Inicial (PROCEI),Extrarregional
24,1989,,,,Participación por Parte del Prestatario en el Programa de Rehabilitación de la Pequeña y Mediana Industria.,,,1000000.0,prestamos_sector_publico,Costa Rica,,Sector Público,,Participación por Parte del Prestatario en el Programa de Rehabilitación de la Pequeña y Mediana Industria.,Fundador
25,2021,,,,Programa de Recuperación y Desarrollo Rural Post-Emergencia,,,50000000.0,prestamos_sector_publico,Argentina,,Sector Público,,Programa de Recuperación y Desarrollo Rural Post-Emergencia,Extrarregional
26,2022,,,,Programa de Apoyo al Plan Nacional  Argentina contra el Hambre,,,50000000.0,prestamos_sector_publico,Argentina,,Sector Público,,Programa de Apoyo al Plan Nacional  Argentina contra el Hambre,Extrarregional
27,1974,,,,Financiar los Estudios Diseños y Planos de la Carretera de Circunvalación de San José,,,600000.0,prestamos_sector_publico,Costa Rica,,Sector Público,,Financiar los Estudios Diseños y Planos de la Carretera de Circunvalación de San José,Fundador
28,1975,,,,Construcción Incluyendo Gastos de Supervisión Externa e Imprevistos del Nuevo Edificio para la Central Telefónica de la Ciudad de San José República de Costa Rica,,,850000.0,prestamos_sector_publico,Costa Rica,,Sector Público,,Construcción Incluyendo Gastos de Supervisión Externa e Imprevistos del Nuevo Edificio para la Central Telefónica de la Ciudad de San José República de Costa Rica,Fundador
29,1969,,,,Estudios de Factibilidad Económica Ingeniería Preliminar y Diseño Final Incluyendo Planos Presupuestos y Especificaciones de Construcción de la Carretera Naranjo - San Carlos - Los Chiles,,,600000.0,prestamos_sector_publico,Costa Rica,,Sector Público,,Estudios de Factibilidad Económica Ingeniería Preliminar y Diseño Final Incluyendo Planos Presupuestos y Especificaciones de Construcción de la Carretera Naranjo - San Carlos - Los Chiles,Fundador
30,1969,,,,Financiamiento de  Viviendas Construidas con Recursos del Banco Vendedor Mediante la Compra de Bonos por Hasta un 80% del Saldo de las Hipotecas Sobre esas Viviendas,,,200000.0,prestamos_sector_publico,Costa Rica,,Sector Público,,Financiamiento de  Viviendas Construidas con Recursos del Banco Vendedor Mediante la Compra de Bonos por Hasta un 80% del Saldo de las Hipotecas Sobre esas Viviendas,Fundador
31,2023,,,,Programa de Fortalecimiento del Sistema Nacional de Comprobación Técnica de Emisiones (SNCTE),,,40000000.0,prestamos_sector_publico,Argentina,,Sector Público,,Programa de Fortalecimiento del Sistema Nacional de Comprobación Técnica de Emisiones (SNCTE),Extrarregional
32,2009,,,,Financiamiento del Programa de Financiamiento Rural,,,1905800.0,prestamos_sector_publico,Belice,,Sector Público,,Financiamiento del Programa de Financiamiento Rural,Regional No-Fundador
33,2016,,,,Proyecto de Gestión por Resultados en Salud para la Atención de Población Adulta Mayor en la Argentina (PROGERSA),,,30000000.0,prestamos_sector_publico,Argentina,,Sector Público,,Proyecto de Gestión por Resultados en Salud para la Atención de Población Adulta Mayor en la Argentina (PROGERSA),Extrarregional
34,2022,,,,Programa de Inversión Social en Seguridad Ciudadana para la Provincia del Chaco,,,15000000.0,prestamos_sector_publico,Argentina,,Sector Público,,Programa de Inversión Social en Seguridad Ciudadana para la Provincia del Chaco,Extrarregional
35,1974,,,,Financiar los Costos de Construcción Supervisión y Consultoría de la Carretera Barranca - el Roble - Mata de Limón - Puerto de Caldera (Costanera Sur),,,6800000.0,prestamos_sector_publico,Costa Rica,,Sector Público,,Financiar los Costos de Construcción Supervisión y Consultoría de la Carretera Barranca - el Roble - Mata de Limón - Puerto de Caldera (Costanera Sur),Fundador
36,1980,,,,Compra de Hipotecas Y/o Títulos Hipotecarios Conforme a las Politicas del Programa de Vivienda Media Regular y Media Baja del Banco Vigentes a la Fecha de cada Desembolso.,,,5000000.0,prestamos_sector_publico,Costa Rica,,Sector Público,,Compra de Hipotecas Y/o Títulos Hipotecarios Conforme a las Politicas del Programa de Vivienda Media Regular y Media Baja del Banco Vigentes a la Fecha de cada Desembolso.,Fundador
37,1974,,,,Proyecto de Carretera Terrón Colorado - Los Chiles - Frontera con Nicaragua,,,1000000.0,prestamos_sector_publico,Costa Rica,,Sector Público,,Proyecto de Carretera Terrón Colorado - Los Chiles - Frontera con Nicaragua,Fundador
38,1969,,,,Proyecto de Lla Arteria Regional de Telecomunicaciones en la Parte que Corresponda a la República de Costa Rica,,,2800000.0,prestamos_sector_publico,Costa Rica,,Sector Público,,Proyecto de Lla Arteria Regional de Telecomunicaciones en la Parte que Corresponda a la República de Costa Rica,Fundador
39,2023,,,,Proyecto de Construcción de Obras Complementarias del Gasoducto Presidente Néstor Kirchner,,,185000000.0,prestamos_sector_publico,Argentina,,Sector Público,,Proyecto de Construcción de Obras Complementarias del Gasoducto Presidente Néstor Kirchner,Extrarregional
40,1993,,,,Proyecto Destinado a Personas Discapacitadas para su Eventual Incorporación al Proceso Productivo,,,1000000.0,prestamos_sector_publico,Costa Rica,,Sector Público,,Proyecto Destinado a Personas Discapacitadas para su Eventual Incorporación al Proceso Productivo,Fundador
41,1967,,,,Estudios de Factibilidad y Diseños Preliminares de Ingeniería para la Ubicación de un Puerto en el Atlántico en las Bahías de Moín o de Cieneguita y la Ampliación del Actual Puerto de Puntarenas,,,190000.0,prestamos_sector_publico,Costa Rica,,Sector Público,,Estudios de Factibilidad y Diseños Preliminares de Ingeniería para la Ubicación de un Puerto en el Atlántico en las Bahías de Moín o de Cieneguita y la Ampliación del Actual Puerto de Puntarenas,Fundador
42,1974,,,,Proyecto Consistente en la Instalación de una Planta Alúmina en Aluminio,,,100000.0,prestamos_sector_publico,Costa Rica,,Sector Público,,Proyecto Consistente en la Instalación de una Planta Alúmina en Aluminio,Fundador
43,1967,,,,Financiamiento Parcial de la Construcción de la Carretera CA1 Entre el Coco y San Ramón,,,5800000.0,prestamos_sector_publico,Costa Rica,,Sector Público,,Financiamiento Parcial de la Construcción de la Carretera CA1 Entre el Coco y San Ramón,Fundador
44,1976,,,,Financiar Monto Total o Parcial de las Cuotas de los Gobiernos Centroamericanos Vencidas y No Pagadas al Deudor con el Objeto de Atender Situaciones Temporales de Iliquidez del Deudor y Evitar Demoras en la Ejecución de Sus Programas.,,,100000.0,prestamos_sector_publico,Costa Rica,,Sector Público,,Financiar Monto Total o Parcial de las Cuotas de los Gobiernos Centroamericanos Vencidas y No Pagadas al Deudor con el Objeto de Atender Situaciones Temporales de Iliquidez del Deudor y Evitar Demoras en la Ejecución de Sus Programas.,Fundador
45,1969,,,,Canalización de las Lagunas del Atlántico Entre la Boca del Río Parisima y la Barra del Río Colorado y de la Construcción de la Terminal del Canal Interior en Moín,,,1500000.0,prestamos_sector_publico,Costa Rica,,Sector Público,,Canalización de las Lagunas del Atlántico Entre la Boca del Río Parisima y la Barra del Río Colorado y de la Construcción de la Terminal del Canal Interior en Moín,Fundador
46,1974,,,,Elaboración del Estudio de Factibilidad y del Plan Maestro del Aeropuerto Internacional Juan Santa María,,,475000.0,prestamos_sector_publico,Costa Rica,,Sector Público,,Elaboración del Estudio de Factibilidad y del Plan Maestro del Aeropuerto Internacional Juan Santa María,Fundador
47,2023,,,,Programa de Apoyo al Plan Nacional Argentina contra el Hambre II - Alimentar,,,400000000.0,prestamos_sector_publico,Argentina,,Sector Público,,Programa de Apoyo al Plan Nacional Argentina contra el Hambre II - Alimentar,Extrarregional
48,1965,,,,LC - Instituto Nacional de Vivienda y Urbanismo.,,,1000000.0,prestamos_sector_publico,Costa Rica,,Sector Público,,LC - Instituto Nacional de Vivienda y Urbanismo.,Fundador
49,2022,,,,Programa de Apoyo al Plan de Construcción Casa Amor ,,,25000000.0,prestamos_sector_publico,Argentina,,Sector Público,,Programa de Apoyo al Plan de Construcción Casa Amor ,Extrarregional
50,1972,,,,Autoriza Compra De Hipotecas Al Banco Crédito Agrícola De Cartago,,,500000.0,prestamos_sector_publico,Costa Rica,,Sector Público,,Autoriza Compra De Hipotecas Al Banco Crédito Agrícola De Cartago,Fundador
51,1968,,,,Adquisición de Equipo y Materiales y Gastos de Instalación para la Reconstrucción y Ampliación de las Líneas de Distribución de Energía Eléctrica,,,300000.0,prestamos_sector_publico,Costa Rica,,Sector Público,,Adquisición de Equipo y Materiales y Gastos de Instalación para la Reconstrucción y Ampliación de las Líneas de Distribución de Energía Eléctrica,Fundador
52,1992,,,,Proyecto Mejoramiento y Ampliación de la Red Secundaria Telefónica de la República de Costa Rica,,,6265600.0,prestamos_sector_publico,Costa Rica,,Sector Público,,Proyecto Mejoramiento y Ampliación de la Red Secundaria Telefónica de la República de Costa Rica,Fundador
53,2011,,,,LGC - Banco de Comercio Exterior de Colombia,,,50000000.0,prestamos_sector_publico,Colombia,,Sector Público,,LGC - Banco de Comercio Exterior de Colombia,Extrarregional
54,1974,,,,Estudio de Factibilidad y el Plan Maestro para un Aeropuerto a Localizarse en Liberia Provincia de Guanacaste República de Costa Rica,,,125000.0,prestamos_sector_publico,Costa Rica,,Sector Público,,Estudio de Factibilidad y el Plan Maestro para un Aeropuerto a Localizarse en Liberia Provincia de Guanacaste República de Costa Rica,Fundador
55,2018,,,,Programa de Apoyo a la Estrategia de Ampliación de Cobertura y Acceso a la Salud,,,32000000.0,prestamos_sector_publico,Argentina,,Sector Público,,Programa de Apoyo a la Estrategia de Ampliación de Cobertura y Acceso a la Salud,Extrarregional
56,2015,,,,Programa de Fortalecimiento de las Capacidades de Investigación y Desarrollo (PROFOCAID),,,50000000.0,prestamos_sector_publico,Argentina,,Sector Público,,Programa de Fortalecimiento de las Capacidades de Investigación y Desarrollo (PROFOCAID),Extrarregional
57,1978,,,,Ampliación Mediante Dos Vías Adicionales de la Carretera Tres Ríos - Taras de Cartago,,,6000000.0,prestamos_sector_publico,Costa Rica,,Sector Público,,Ampliación Mediante Dos Vías Adicionales de la Carretera Tres Ríos - Taras de Cartago,Fundador
58,1978,,,,Construcción y Pavimento del Tramo Barúpalmar Norte de la Carretera Costanera Sur,,,12500000.0,prestamos_sector_publico,Costa Rica,,Sector Público,,Construcción y Pavimento del Tramo Barúpalmar Norte de la Carretera Costanera Sur,Fundador
59,2005,,,,Proyecto Obras Anexas - Fase II Túnel de la Línea,,,21120000.0,prestamos_sector_publico,Colombia,,Sector Público,,Proyecto Obras Anexas - Fase II Túnel de la Línea,Extrarregional
60,1976,,,,Proyecto Turístico del Parque Volcán Poás,,,1800000.0,prestamos_sector_publico,Costa Rica,,Sector Público,,Proyecto Turístico del Parque Volcán Poás,Fundador
61,2013,,,,Incremento LGC - Banco Nacional de Costa Rica (BNCR),,,60000000.0,prestamos_sector_publico,Costa Rica,,Sector Público,,Incremento LGC - Banco Nacional de Costa Rica (BNCR),Fundador
62,2022,,,,OPD en apoyo a la acción climática y la transición energética,,,250000000.0,prestamos_sector_publico,Colombia,,Sector Público,,OPD en apoyo a la acción climática y la transición energética,Extrarregional
63,1976,,,,Proyecto de Campaña de Control y Erradicación de la Garrapata del Ganado Bovino,,,408000.0,prestamos_sector_publico,Costa Rica,,Sector Público,,Proyecto de Campaña de Control y Erradicación de la Garrapata del Ganado Bovino,Fundador
64,1965,,,,Financiar Préstamos a Grupos Familiares para Compra o Construcción de Viviendas Elegibles en Todo el País.,,,1000000.0,prestamos_sector_publico,Costa Rica,,Sector Público,,Financiar Préstamos a Grupos Familiares para Compra o Construcción de Viviendas Elegibles en Todo el País.,Fundador
65,1973,,,,Completar el Segunda Etapa del Acueducto Metropolitano y para el Obras de Emergencia para el Area Metropolitana Comprendidas en el Programa General de Abastecimiento de Agua,,,9500000.0,prestamos_sector_publico,Costa Rica,,Sector Público,,Completar el Segunda Etapa del Acueducto Metropolitano y para el Obras de Emergencia para el Area Metropolitana Comprendidas en el Programa General de Abastecimiento de Agua,Fundador
66,1973,,,,Construcción de la Sección la Sabana Escazú de la Carretera San José - Coyolar,,,3200000.0,prestamos_sector_publico,Costa Rica,,Sector Público,,Construcción de la Sección la Sabana Escazú de la Carretera San José - Coyolar,Fundador
67,1979,,,,Proyecto Desarrollo Turístico de Bahía Culebra,,,610000.0,prestamos_sector_publico,Costa Rica,,Sector Público,,Proyecto Desarrollo Turístico de Bahía Culebra,Fundador
68,1978,,,,Preparación del Diseño Final y Documentos de Licitación de la Carretera Ciudad Colón - Puerto Caldera,,,800000.0,prestamos_sector_publico,Costa Rica,,Sector Público,,Preparación del Diseño Final y Documentos de Licitación de la Carretera Ciudad Colón - Puerto Caldera,Fundador
69,1969,,,,Ampliación y Mejoramiento del Aeropuerto Internacional el Coco Obras que Incluyen Pistas de Aterrizaje Zona de Estacionamiento de Aviones Equipo de Iluminación y de Ayuda para la Navegación Aérea y Señalamiento,,,600000.0,prestamos_sector_publico,Costa Rica,,Sector Público,,Ampliación y Mejoramiento del Aeropuerto Internacional el Coco Obras que Incluyen Pistas de Aterrizaje Zona de Estacionamiento de Aviones Equipo de Iluminación y de Ayuda para la Navegación Aérea y Señalamiento,Fundador
70,2022,,,,Ampliación y Rehabilitación de la Autopista Philip Goldson,,,24000000.0,prestamos_sector_publico,Belice,,Sector Público,,Ampliación y Rehabilitación de la Autopista Philip Goldson,Regional No-Fundador
71,1997,,,,Proyecto de Ampliación de la Red de Planta Externa del Sistema Telefónico,,,9106500.0,prestamos_sector_publico,Costa Rica,,Sector Público,,Proyecto de Ampliación de la Red de Planta Externa del Sistema Telefónico,Fundador
72,1976,,,,Financiar la compra de hipotecas y/o títulos hipotecarios sobre viviendas de bajo costo.,,,15000000.0,prestamos_sector_publico,Costa Rica,,Sector Público,,Financiar la compra de hipotecas y/o títulos hipotecarios sobre viviendas de bajo costo.,Fundador
73,1977,,,,Financiar Costos Adicionales de la Ampliación y Mejoramiento de la Red de Distribución de Energía Eléctirca Propiedad de la Municipalidad de Cartago,,,300000.0,prestamos_sector_publico,Costa Rica,,Sector Público,,Financiar Costos Adicionales de la Ampliación y Mejoramiento de la Red de Distribución de Energía Eléctirca Propiedad de la Municipalidad de Cartago,Fundador
74,2005,,,,Financiera de Desarrollo Territorial. Apertura de LGC,,,50000000.0,prestamos_sector_publico,Colombia,,Sector Público,,Financiera de Desarrollo Territorial. Apertura de LGC,Extrarregional
75,1982,,,,Compra de Hipotecas Y/o Titulos Hipotecarios Constitutidos Sobre Viviendas Elegibles Conforme a las Politicas del Programa de Vivienda del Banco Vigentes a la Fecha de cada Desembolso.,,,2000000.0,prestamos_sector_publico,Costa Rica,,Sector Público,,Compra de Hipotecas Y/o Titulos Hipotecarios Constitutidos Sobre Viviendas Elegibles Conforme a las Politicas del Programa de Vivienda del Banco Vigentes a la Fecha de cada Desembolso.,Fundador
76,2014,,,,Préstamo bajo la modalidad de deuda subordinada redimible - Banco Nacional de Costa Rica,,,30000000.0,prestamos_sector_publico,Costa Rica,,Sector Público,,Préstamo bajo la modalidad de deuda subordinada redimible - Banco Nacional de Costa Rica,Fundador
77,1987,,,,Rehabilitación Parcial de la Carretera CA-1 (Interamericana) Tramo Paso Real - Palmar Norte - Piedras Blancas,,,5600000.0,prestamos_sector_publico,Costa Rica,,Sector Público,,Rehabilitación Parcial de la Carretera CA-1 (Interamericana) Tramo Paso Real - Palmar Norte - Piedras Blancas,Fundador
78,1988,,,,Rehabilitación de la Carretera CA-1  San Ramón - Barranca,,,2900000.0,prestamos_sector_publico,Costa Rica,,Sector Público,,Rehabilitación de la Carretera CA-1  San Ramón - Barranca,Fundador
79,1982,,,,LC - Banco Central de Costa Rica,,,6000000.0,prestamos_sector_publico,Costa Rica,,Sector Público,,LC - Banco Central de Costa Rica,Fundador
80,1969,,,,Complementar la Financiación de la Construcción de la Carretera el Coco - San Ramón (CA1),,,3556000.0,prestamos_sector_publico,Costa Rica,,Sector Público,,Complementar la Financiación de la Construcción de la Carretera el Coco - San Ramón (CA1),Fundador
81,1972,,,,Financiar Viviendas Conforme al Programa de Vivienda Media del Banco Centroamericano.,,,4531700.0,prestamos_sector_publico,Costa Rica,,Sector Público,,Financiar Viviendas Conforme al Programa de Vivienda Media del Banco Centroamericano.,Fundador
82,1974,,,,Elaboración del Estudio de Factibilidad Técnicoeconómico y Preparación del Plan Maestro de Polo Turístico de Bahía de Culebra,,,370000.0,prestamos_sector_publico,Costa Rica,,Sector Público,,Elaboración del Estudio de Factibilidad Técnicoeconómico y Preparación del Plan Maestro de Polo Turístico de Bahía de Culebra,Fundador
83,2021,,,,Programa de Fortalecimiento de las Acciones de Protección contra las Violencias por Motivos de Género,,,50000000.0,prestamos_sector_publico,Argentina,,Sector Público,,Programa de Fortalecimiento de las Acciones de Protección contra las Violencias por Motivos de Género,Extrarregional
84,2020,,,,OPD para atender efectos del COVID-19  apoyar reforma fiscal e impulsar la descarbonización de la economía,,,300000000.0,prestamos_sector_publico,Costa Rica,,Sector Público,,OPD para atender efectos del COVID-19  apoyar reforma fiscal e impulsar la descarbonización de la economía,Fundador
85,1972,,,,Dragado Entre los Ríos Matina y Santa Marta y Pacuare y Chiquero la Construcción de Terminales en las Desembocaduras de los Ríos Pacaure Parismina Tortuguero y Colordo todo para la Canalización de las Lagunas del Atlántico de Costa Rica,,,390000.0,prestamos_sector_publico,Costa Rica,,Sector Público,,Dragado Entre los Ríos Matina y Santa Marta y Pacuare y Chiquero la Construcción de Terminales en las Desembocaduras de los Ríos Pacaure Parismina Tortuguero y Colordo todo para la Canalización de las Lagunas del Atlántico de Costa Rica,Fundador
86,1975,,,,Construcción del Tramo Tárcoles - loma de la Carretera Costanera Sur,,,5000000.0,prestamos_sector_publico,Costa Rica,,Sector Público,,Construcción del Tramo Tárcoles - loma de la Carretera Costanera Sur,Fundador
87,1987,,,,Participación por Parte del Prestatario en el Programa de Rehabilitación de la Pequeña y Mediana Industria.,,,1000000.0,prestamos_sector_publico,El Salvador,,Sector Público,,Participación por Parte del Prestatario en el Programa de Rehabilitación de la Pequeña y Mediana Industria.,Fundador
88,1985,,,,Continuar el Financiamiento Parcial de Costos Locales del Proyecto Vial Barúpalmar Norte,,,5000000.0,prestamos_sector_publico,Costa Rica,,Sector Público,,Continuar el Financiamiento Parcial de Costos Locales del Proyecto Vial Barúpalmar Norte,Fundador
89,1969,,,,Estudios de Factibilidad Económica Ingeniería Preliminar y Diseño Final Incluyendo Planos Presupuestos y Especificaciones de Construcción de la Carretera Heredia Puerto Viejo,,,400000.0,prestamos_sector_publico,Costa Rica,,Sector Público,,Estudios de Factibilidad Económica Ingeniería Preliminar y Diseño Final Incluyendo Planos Presupuestos y Especificaciones de Construcción de la Carretera Heredia Puerto Viejo,Fundador
90,1978,,,,Construcción de la Línea de Transmisión y la Ampliación de las Subestaciones Correspondientes que Forman Parte de las Obras de Interconexión de los Sistemas Eléctricos Entre Costa Rica y Nicaragua,,,5200000.0,prestamos_sector_publico,Costa Rica,,Sector Público,,Construcción de la Línea de Transmisión y la Ampliación de las Subestaciones Correspondientes que Forman Parte de las Obras de Interconexión de los Sistemas Eléctricos Entre Costa Rica y Nicaragua,Fundador
91,2010,,,,Proyecto de Mejoramiento y Rehabilitación de la Infraestructura del Puesto Fronterizo Corozal,,,6167410.0,prestamos_sector_publico,Belice,,Sector Público,,Proyecto de Mejoramiento y Rehabilitación de la Infraestructura del Puesto Fronterizo Corozal,Regional No-Fundador
92,2023,,,,LGC - Development Finance Corporation Ltd.,,,2500000.0,prestamos_sector_publico,Belice,,Sector Público,,LGC - Development Finance Corporation Ltd.,Regional No-Fundador
93,2014,,,,Programa Integral de Seguridad de Belice (Fase I),,,30000000.0,prestamos_sector_publico,Belice,,Sector Público,,Programa Integral de Seguridad de Belice (Fase I),Regional No-Fundador
94,1979,,,,Programa de Instituto Tecnológico de Costa Rica,,,5500000.0,prestamos_sector_publico,Costa Rica,,Sector Público,,Programa de Instituto Tecnológico de Costa Rica,Fundador
95,1974,,,,Mejoramiento de las Instalaciones de la Universidad de Costa Rica,,,1000000.0,prestamos_sector_publico,Costa Rica,,Sector Público,,Mejoramiento de las Instalaciones de la Universidad de Costa Rica,Fundador
96,1987,,,,Adquisición de Equipos de Radioenlaces Multiplex,,,1100000.0,prestamos_sector_publico,Costa Rica,,Sector Público,,Adquisición de Equipos de Radioenlaces Multiplex,Fundador
97,1988,,,,Ejecución del Proyecto Componentes de Desarrollo de Plantaciones y Capacitación para la Utilización del Bambú Gradua en la Construcción de Viviendas de Bajo Costo de Interés Social de Costa Rica.,,,4000000.0,prestamos_sector_publico,Costa Rica,,Sector Público,,Ejecución del Proyecto Componentes de Desarrollo de Plantaciones y Capacitación para la Utilización del Bambú Gradua en la Construcción de Viviendas de Bajo Costo de Interés Social de Costa Rica.,Fundador
98,1973,,,,Adquisición de Tres Plantas Dieseleléctricas Nuevas de 1000 Kw cada una Dos de las Cuales a ser Instaladas en Puerto Limón y una en San Isidro del General,,,3000000.0,prestamos_sector_publico,Costa Rica,,Sector Público,,Adquisición de Tres Plantas Dieseleléctricas Nuevas de 1000 Kw cada una Dos de las Cuales a ser Instaladas en Puerto Limón y una en San Isidro del General,Fundador
99,1991,,,,Primera Etapa de la Rehabilitación de los Ramales Bananeros del Ferrocarril en el Atlántico de Costa Rica Destruidos por el Terremoto del 22 de Abril de 1991,,,6500000.0,prestamos_sector_publico,Costa Rica,,Sector Público,,Primera Etapa de la Rehabilitación de los Ramales Bananeros del Ferrocarril en el Atlántico de Costa Rica Destruidos por el Terremoto del 22 de Abril de 1991,Fundador
100,1975,,,,Construcción de la Carretera de Interconexión de las Rutas Regionales Ca12 y Ca4 con las Condiciones de una Carretera de Segundo Orden a Nivel de Superficie de Rodamiento Mejorada,,,4400000.0,prestamos_sector_publico,El Salvador,,Sector Público,,Construcción de la Carretera de Interconexión de las Rutas Regionales Ca12 y Ca4 con las Condiciones de una Carretera de Segundo Orden a Nivel de Superficie de Rodamiento Mejorada,Fundador
101,1974,,,,Financiar los Costos de Construcción de los Tramos Escazú - Santa Ana  Santa Ana - Ciudad Colón y Santa Ana - San Antonio de Belén de la Carretera San José - Coyolar - Puerto Caldera,,,9800000.0,prestamos_sector_publico,Costa Rica,,Sector Público,,Financiar los Costos de Construcción de los Tramos Escazú - Santa Ana  Santa Ana - Ciudad Colón y Santa Ana - San Antonio de Belén de la Carretera San José - Coyolar - Puerto Caldera,Fundador
102,1976,,,,Compra de Hipotecas Y/o Títulos Hipotecarios Conforme al Programa de Vivienda Media (Regular) y al Programa de Vivienda Media Baja.,,,15000000.0,prestamos_sector_publico,Costa Rica,,Sector Público,,Compra de Hipotecas Y/o Títulos Hipotecarios Conforme al Programa de Vivienda Media (Regular) y al Programa de Vivienda Media Baja.,Fundador
103,1980,,,,Compra de Hipotecas Y/o Titulos Hipotecarios Conforme al Programa de Vivienda Media Regular y Media Baja del Banco.,,,5000000.0,prestamos_sector_publico,Costa Rica,,Sector Público,,Compra de Hipotecas Y/o Titulos Hipotecarios Conforme al Programa de Vivienda Media Regular y Media Baja del Banco.,Fundador
104,2005,,,,Programa de Gestión Integrada de Recursos Hídricos,,,50132980.0,prestamos_sector_publico,Costa Rica,,Sector Público,,Programa de Gestión Integrada de Recursos Hídricos,Fundador
105,1975,,,,Proyecto de Expansión y Mejoramiento de las Instalaciones en la Ciudad Universitaria Rodrigo Facio,,,2000000.0,prestamos_sector_publico,Costa Rica,,Sector Público,,Proyecto de Expansión y Mejoramiento de las Instalaciones en la Ciudad Universitaria Rodrigo Facio,Fundador
106,2005,,,,Proyecto Red de Transporte Sobre Fibra Óptica Frontera Frontera,,,24432528.18,prestamos_sector_publico,Costa Rica,,Sector Público,,Proyecto Red de Transporte Sobre Fibra Óptica Frontera Frontera,Fundador
107,1971,,,,Completar la Financiación de las Obras en el Tramo Arizona Liberia de la Carretera Interamericana (CA1),,,900000.0,prestamos_sector_publico,Costa Rica,,Sector Público,,Completar la Financiación de las Obras en el Tramo Arizona Liberia de la Carretera Interamericana (CA1),Fundador
108,1969,,,,Complementar el capital de fundación de la Editorial Centroamericana creada y encargada de editar libros con fines docentes y culturales,,,78000.0,prestamos_sector_publico,Costa Rica,,Sector Público,,Complementar el capital de fundación de la Editorial Centroamericana creada y encargada de editar libros con fines docentes y culturales,Fundador
109,1974,,,,Construcción de las Obras de Terracería y Drenaje Menor del Tramo de Carretera Entre Terrón Coloradolos Chiles frontera con Nicaragua,,,5000000.0,prestamos_sector_publico,Costa Rica,,Sector Público,,Construcción de las Obras de Terracería y Drenaje Menor del Tramo de Carretera Entre Terrón Coloradolos Chiles frontera con Nicaragua,Fundador
110,1972,,,,Reconstrucción y Supervisión del Tramo Río Seco arizona de la Carretera Interamericana,,,1450000.0,prestamos_sector_publico,Costa Rica,,Sector Público,,Reconstrucción y Supervisión del Tramo Río Seco arizona de la Carretera Interamericana,Fundador
111,1973,,,,Adquisición de Materiales y Equipo para la Ampliación y Mejoramiento de la Red de Distribución de Energía Eléctrica del Prestatario,,,1500000.0,prestamos_sector_publico,Costa Rica,,Sector Público,,Adquisición de Materiales y Equipo para la Ampliación y Mejoramiento de la Red de Distribución de Energía Eléctrica del Prestatario,Fundador
112,1994,,,,LC - Banco Crédito Agrícola de Cartago,,,2500000.0,prestamos_sector_publico,Costa Rica,,Sector Público,,LC - Banco Crédito Agrícola de Cartago,Fundador
113,1975,,,,Construcción de Líneas de Transmisión y Subestaciones Complementarias Asociadas al Proyecto Hidroeléctrico del Arenal Programa de Generación de Energía Eléctrica en la Zona Central y Sistema de Distribución Anular del Área Metropolitana,,,13600000.0,prestamos_sector_publico,Costa Rica,,Sector Público,,Construcción de Líneas de Transmisión y Subestaciones Complementarias Asociadas al Proyecto Hidroeléctrico del Arenal Programa de Generación de Energía Eléctrica en la Zona Central y Sistema de Distribución Anular del Área Metropolitana,Fundador
114,1977,,,,Terminación de las Obras en el Tramo Tárcoleslomas de 63 Kilómetros de Longitud de la Carretera Costanera Sur en la República de Costa Rica,,,5660000.0,prestamos_sector_publico,Costa Rica,,Sector Público,,Terminación de las Obras en el Tramo Tárcoleslomas de 63 Kilómetros de Longitud de la Carretera Costanera Sur en la República de Costa Rica,Fundador
115,1970,,,,Financiar Viviendas Conforme al Programa de Vivienda Media del Banco Centroamericano.,,,3021100.0,prestamos_sector_publico,Costa Rica,,Sector Público,,Financiar Viviendas Conforme al Programa de Vivienda Media del Banco Centroamericano.,Fundador
116,1972,,,,Financiar Viviendas a Construirse por Dusa en el Proyecto las Esmeraldas Conforme a las Condiciones del Programa de Vivienda Media del Banco Centroamericano.,,,1000000.0,prestamos_sector_publico,Costa Rica,,Sector Público,,Financiar Viviendas a Construirse por Dusa en el Proyecto las Esmeraldas Conforme a las Condiciones del Programa de Vivienda Media del Banco Centroamericano.,Fundador
117,2006,,,,Incremento LGC - Banco Popular y de Desarrollo Comunal,,,28500000.0,prestamos_sector_publico,Costa Rica,,Sector Público,,Incremento LGC - Banco Popular y de Desarrollo Comunal,Fundador
118,1979,,,,Construcción y Equipamiento de la Escuela de Ganadería Dedicada a Formar Técnicos Agropecuarios a Nivel Intermedio en los Campos de Lechería y Carne,,,4300000.0,prestamos_sector_publico,Costa Rica,,Sector Público,,Construcción y Equipamiento de la Escuela de Ganadería Dedicada a Formar Técnicos Agropecuarios a Nivel Intermedio en los Campos de Lechería y Carne,Fundador
119,1966,,,,Construcción del Tramo San Ramón - Naranjo de la Carretera el Coco - San Ramón,,,4700000.0,prestamos_sector_publico,Costa Rica,,Sector Público,,Construcción del Tramo San Ramón - Naranjo de la Carretera el Coco - San Ramón,Fundador
120,2002,,,,LGC - Banco Popular y de Desarrollo Comunal,,,30000000.0,prestamos_sector_publico,Costa Rica,,Sector Público,,LGC - Banco Popular y de Desarrollo Comunal,Fundador
121,2018,,,,Proyecto Mercado Regional Mayorista de la Región Brunca,,,55284067.0,prestamos_sector_publico,Costa Rica,,Sector Público,,Proyecto Mercado Regional Mayorista de la Región Brunca,Fundador
122,1964,,,,Compra e Instalación de Plantas Electrotérmicas con una Capacidad de Generación de 8000 Kilovatios,,,1103000.0,prestamos_sector_publico,Costa Rica,,Sector Público,,Compra e Instalación de Plantas Electrotérmicas con una Capacidad de Generación de 8000 Kilovatios,Fundador
123,1980,,,,Participación por Parte del Prestatario en el Programa de Agroempresas Rurales del Banco.,,,500000.0,prestamos_sector_publico,Costa Rica,,Sector Público,,Participación por Parte del Prestatario en el Programa de Agroempresas Rurales del Banco.,Fundador
124,1974,,,,Construcción y Equipamiento de la Escuela de Ganadería a Dedicarse a Formar Técnicos Ganaderos a Nivel Intermedio en los Campos de Lechería y Carne,,,600000.0,prestamos_sector_publico,Costa Rica,,Sector Público,,Construcción y Equipamiento de la Escuela de Ganadería a Dedicarse a Formar Técnicos Ganaderos a Nivel Intermedio en los Campos de Lechería y Carne,Fundador
125,1974,,,,Mejoramiento y Ampliación de la Red de Distribución de Energía Eléctrica Propiedad de la Municipalidad de Alajuela,,,60000.0,prestamos_sector_publico,Costa Rica,,Sector Público,,Mejoramiento y Ampliación de la Red de Distribución de Energía Eléctrica Propiedad de la Municipalidad de Alajuela,Fundador
126,1991,,,,LC - Banco Crédito Agrícola de Cartago,,,8500000.0,prestamos_sector_publico,Costa Rica,,Sector Público,,LC - Banco Crédito Agrícola de Cartago,Fundador
127,2003,,,,Proyecto Hidroeléctrico los Negros,,,18330255.46,prestamos_sector_publico,Costa Rica,,Sector Público,,Proyecto Hidroeléctrico los Negros,Fundador
128,1996,,,,Proyecto Enlaces Digitales para Telefonía Rural,,,4277667.0,prestamos_sector_publico,Costa Rica,,Sector Público,,Proyecto Enlaces Digitales para Telefonía Rural,Fundador
129,1972,,,,Compra de Participaciones en Hipotecas al Banco Crédito Agrícola de Cartago de Costa Rica,,,1004500.0,prestamos_sector_publico,Costa Rica,,Sector Público,,Compra de Participaciones en Hipotecas al Banco Crédito Agrícola de Cartago de Costa Rica,Fundador
130,1968,,,,Adquisición de Equipo Materiales y Gastos de Instalación de Líneas de Transnmisión y Distribución de Energía Electrica Ademas de Capital de Trabajo de la Planta,,,82000.0,prestamos_sector_publico,Costa Rica,,Sector Público,,Adquisición de Equipo Materiales y Gastos de Instalación de Líneas de Transnmisión y Distribución de Energía Electrica Ademas de Capital de Trabajo de la Planta,Fundador
131,2002,,,,Préstamo - Proyecto Hidroeléctrico Pirrís,,,70000000.0,prestamos_sector_publico,Costa Rica,,Sector Público,,Préstamo - Proyecto Hidroeléctrico Pirrís,Fundador
132,1995,,,,Proyecto Planta Térmica Moín,,,15525656.0,prestamos_sector_publico,Costa Rica,,Sector Público,,Proyecto Planta Térmica Moín,Fundador
133,1979,,,,Financiar Complementariamente las Inversiones Fijas del Centro Nacional de Abastecimiento y Distribución de Alimentos (Cenada) Ubicado Sobre la Autopista San José - Aeropuerto el Coco,,,2500000.0,prestamos_sector_publico,Costa Rica,,Sector Público,,Financiar Complementariamente las Inversiones Fijas del Centro Nacional de Abastecimiento y Distribución de Alimentos (Cenada) Ubicado Sobre la Autopista San José - Aeropuerto el Coco,Fundador
134,1970,,,,Adquisición de Equipo para el Manejo Carga Mediaciones Marítimas y una Subestación de Energía Eléctrica para el Puerto de Acajuatla,,,897000.0,prestamos_sector_publico,El Salvador,,Sector Público,,Adquisición de Equipo para el Manejo Carga Mediaciones Marítimas y una Subestación de Energía Eléctrica para el Puerto de Acajuatla,Fundador
135,2000,,,,Proyecto Planta Hidroeléctrica Cote,,,8863006.0,prestamos_sector_publico,Costa Rica,,Sector Público,,Proyecto Planta Hidroeléctrica Cote,Fundador
136,2018,,,,Fortalecimiento de la Universidad Técnica Nacional (UTN),,,50000000.0,prestamos_sector_publico,Costa Rica,,Sector Público,,Fortalecimiento de la Universidad Técnica Nacional (UTN),Fundador
137,1994,,,,LC - Banco Crédito Agrícola de Cartago,,,3000000.0,prestamos_sector_publico,Costa Rica,,Sector Público,,LC - Banco Crédito Agrícola de Cartago,Fundador
138,2001,,,,Proyecto 400000 Soluciones Telefónicas Móviles con Tecnología Gsm en la Banda de 1800 Mhz,,,80000000.0,prestamos_sector_publico,Costa Rica,,Sector Público,,Proyecto 400000 Soluciones Telefónicas Móviles con Tecnología Gsm en la Banda de 1800 Mhz,Fundador
139,1990,,,,LC - Banco Hipotecario de la Vivienda,,,4375000.0,prestamos_sector_publico,Costa Rica,,Sector Público,,LC - Banco Hipotecario de la Vivienda,Fundador
140,1972,,,,Reconstrucción Del Tramo Liberia-La Cruz-Peñas Blancas De La Carretera Interamericana.,,,4600000.0,prestamos_sector_publico,Costa Rica,,Sector Público,,Reconstrucción Del Tramo Liberia-La Cruz-Peñas Blancas De La Carretera Interamericana.,Fundador
141,1974,,,,Programa de Construcción de Viviendas a Ser Desarrollado por el Prestatario y que Servirían para Generar las Hipotecas Elegibles a ser Compradas por el Banco Dentro de la DI-77/74.,,,300000.0,prestamos_sector_publico,Costa Rica,,Sector Público,,Programa de Construcción de Viviendas a Ser Desarrollado por el Prestatario y que Servirían para Generar las Hipotecas Elegibles a ser Compradas por el Banco Dentro de la DI-77/74.,Fundador
142,1975,,,,Proyecto de Instalación en la Ciudad de Alajuela de una Terminal de Furgones Central Aduanera y Almacenes de Depósito General y Fiscal,,,350000.0,prestamos_sector_publico,Costa Rica,,Sector Público,,Proyecto de Instalación en la Ciudad de Alajuela de una Terminal de Furgones Central Aduanera y Almacenes de Depósito General y Fiscal,Fundador
143,2024,,,,Programa de Apoyo a la Seguridad Alimentaria en Argentina. Fase III,,,230000000.0,prestamos_sector_publico,Argentina,,Sector Público,,Programa de Apoyo a la Seguridad Alimentaria en Argentina. Fase III,Extrarregional
144,1965,,,,Compra e Instalación del Equipo y Mobiliario que se Necesiten para Habilitar un Edificio de Residencia Estudiantil Asi Como una Cocina y un Comedor Destinados al Servicio de los Estudiantes,,,66000.0,prestamos_sector_publico,El Salvador,,Sector Público,,Compra e Instalación del Equipo y Mobiliario que se Necesiten para Habilitar un Edificio de Residencia Estudiantil Asi Como una Cocina y un Comedor Destinados al Servicio de los Estudiantes,Fundador
145,1975,,,,Costo de los Estudios Finales de Ingeniería para el Proyecto de Expansión y Modernización del Sistema de Almacenamiento de Granos de la República de Costa Rica,,,200000.0,prestamos_sector_publico,Costa Rica,,Sector Público,,Costo de los Estudios Finales de Ingeniería para el Proyecto de Expansión y Modernización del Sistema de Almacenamiento de Granos de la República de Costa Rica,Fundador
146,1996,,,,Proyecto Desarrollo Agrícola de la Península de Nicoya,,,1835299.0,prestamos_sector_publico,Costa Rica,,Sector Público,,Proyecto Desarrollo Agrícola de la Península de Nicoya,Fundador
147,1992,,,,Proyecto Instalación de 110 Mw en Unidades Térmicas en una Central de Ciclo Combiando Acajutla Fase Ii en la República de El Salvador,,,11300000.0,prestamos_sector_publico,El Salvador,,Sector Público,,Proyecto Instalación de 110 Mw en Unidades Térmicas en una Central de Ciclo Combiando Acajutla Fase Ii en la República de El Salvador,Fundador
148,1987,,,,Participación por Parte del Prestatario en el Programa de Rehabilitación de la Pequeña y Mediana Industria.,,,1000000.0,prestamos_sector_publico,Costa Rica,,Sector Público,,Participación por Parte del Prestatario en el Programa de Rehabilitación de la Pequeña y Mediana Industria.,Fundador
149,2020,,,,Proyecto Abastecimiento para el Acueducto Metropolitano  Quinta Etapa  AyA,,,399160000.0,prestamos_sector_publico,Costa Rica,,Sector Público,,Proyecto Abastecimiento para el Acueducto Metropolitano  Quinta Etapa  AyA,Fundador
150,1980,,,,Terminación de las Obras del Proyecto Turístico Parque Nacional VoLCán Poás,,,820000.0,prestamos_sector_publico,Costa Rica,,Sector Público,,Terminación de las Obras del Proyecto Turístico Parque Nacional VoLCán Poás,Fundador
151,1979,,,,Construcción y Pavimentación de los Proyectos Orotina - Coyolar - Tárcoles (Incluyendo la Radial Orotinasan Mateo) y Coyolar - Puerto Caldera Como Parte del Complejo Vidal del Pacifico Sur,,,16400000.0,prestamos_sector_publico,Costa Rica,,Sector Público,,Construcción y Pavimentación de los Proyectos Orotina - Coyolar - Tárcoles (Incluyendo la Radial Orotinasan Mateo) y Coyolar - Puerto Caldera Como Parte del Complejo Vidal del Pacifico Sur,Fundador
152,1985,,,,Continuar el Financiamiento Parcial de los Costos Locales del Proyecto Vial Tres Ríos - Taras - Cártago,,,1600000.0,prestamos_sector_publico,Costa Rica,,Sector Público,,Continuar el Financiamiento Parcial de los Costos Locales del Proyecto Vial Tres Ríos - Taras - Cártago,Fundador
153,2007,,,,LGC - Banco de Comercio Exterior de Colombia (BANCOLDEX) S.A.,,,50000000.0,prestamos_sector_publico,Colombia,,Sector Público,,LGC - Banco de Comercio Exterior de Colombia (BANCOLDEX) S.A.,Extrarregional
154,1983,,,,Compra de hipotecas y/o títulos hipotecarios  constituidos sobre viviendas elegibles conforme a las políticas del Programa Habitacional del banco,,,2202200.0,prestamos_sector_publico,Costa Rica,,Sector Público,,Compra de hipotecas y/o títulos hipotecarios  constituidos sobre viviendas elegibles conforme a las políticas del Programa Habitacional del banco,Fundador
155,1974,,,,Compra de Hipotecas Y/o Titulos Hipotecarios Conforme al Programa de Vivienda Media del Banco.,,,9500000.0,prestamos_sector_publico,Costa Rica,,Sector Público,,Compra de Hipotecas Y/o Titulos Hipotecarios Conforme al Programa de Vivienda Media del Banco.,Fundador
156,1994,,,,Proyecto Teléfonos Públicos para la República de Costa Rica,,,5886744.0,prestamos_sector_publico,Costa Rica,,Sector Público,,Proyecto Teléfonos Públicos para la República de Costa Rica,Fundador
157,1994,,,,LC - Banco de Costa Rica.,,,1000000.0,prestamos_sector_publico,Costa Rica,,Sector Público,,LC - Banco de Costa Rica.,Fundador
158,1983,,,,Construcción y Pavimento de la Carretera Orotina coyolar tárcoles y Coyolar puerto Caldera Como Parte del Complejo Vial del Pacífico Sur,,,5400000.0,prestamos_sector_publico,Costa Rica,,Sector Público,,Construcción y Pavimento de la Carretera Orotina coyolar tárcoles y Coyolar puerto Caldera Como Parte del Complejo Vial del Pacífico Sur,Fundador
159,1996,,,,Proyecto Desarrollo Urbano Integradoorowe Fase I,,,1500000.0,prestamos_sector_publico,Costa Rica,,Sector Público,,Proyecto Desarrollo Urbano Integradoorowe Fase I,Fundador
160,1982,,,,Proyecto Hidroeléctrico San Lorenzo Principalmente en el Montaje de la Subestación San Martín el Montaje de las Líneas de Transmisión Entre las Subestaciones de San Lorenzo y San Martín,,,3700000.0,prestamos_sector_publico,El Salvador,,Sector Público,,Proyecto Hidroeléctrico San Lorenzo Principalmente en el Montaje de la Subestación San Martín el Montaje de las Líneas de Transmisión Entre las Subestaciones de San Lorenzo y San Martín,Fundador
161,1987,,,,Fondos Destinados Exclusivamente a Rehabilitación de la Carretera Barranca - Arizona,,,3500000.0,prestamos_sector_publico,Costa Rica,,Sector Público,,Fondos Destinados Exclusivamente a Rehabilitación de la Carretera Barranca - Arizona,Fundador
162,1983,,,,Proyecto III Etapa de la Red Regional de Telecomunicaciones,,,7800000.0,prestamos_sector_publico,Costa Rica,,Sector Público,,Proyecto III Etapa de la Red Regional de Telecomunicaciones,Fundador
163,2011,,,,Programa Plan de Agricultura Familiar y Emprendedurismo Rural para la Seguridad Alimentaria y Nutricional,,,60000000.0,prestamos_sector_publico,El Salvador,,Sector Público,,Programa Plan de Agricultura Familiar y Emprendedurismo Rural para la Seguridad Alimentaria y Nutricional,Fundador
164,2006,,,,Programa de Obras Estratégicas de Infraestructura Vial,,,170000000.0,prestamos_sector_publico,Costa Rica,,Sector Público,,Programa de Obras Estratégicas de Infraestructura Vial,Fundador
165,1994,,,,LC - Banco de Costa Rica,,,2000000.0,prestamos_sector_publico,Costa Rica,,Sector Público,,LC - Banco de Costa Rica,Fundador
166,2006,,,,Préstamo -1808 Proyecto Eólico Valle Central,,,15838400.0,prestamos_sector_publico,Costa Rica,,Sector Público,,Préstamo -1808 Proyecto Eólico Valle Central,Fundador
167,1979,,,,Financiar los Estudios de Ingeniería para el Diseño Final de la Carretera Valle Central - Litoral Pacífico,,,600000.0,prestamos_sector_publico,Costa Rica,,Sector Público,,Financiar los Estudios de Ingeniería para el Diseño Final de la Carretera Valle Central - Litoral Pacífico,Fundador
168,1971,,,,Construcción de la Carretera Curridabat - Tres Ríos,,,4900000.0,prestamos_sector_publico,Costa Rica,,Sector Público,,Construcción de la Carretera Curridabat - Tres Ríos,Fundador
169,1977,,,,Construcción y Equipamiento del Centro Nacional de Abastecimiento y Distribución de Alimentos Destinado a Comercializar Aproximadamente 440000 Tonelada Métricas Anuales de Alimentos Hortifrutícolas Granos Básicos e Insumos Agrícolas,,,6350000.0,prestamos_sector_publico,Costa Rica,,Sector Público,,Construcción y Equipamiento del Centro Nacional de Abastecimiento y Distribución de Alimentos Destinado a Comercializar Aproximadamente 440000 Tonelada Métricas Anuales de Alimentos Hortifrutícolas Granos Básicos e Insumos Agrícolas,Fundador
170,1994,,,,LC - Banco de Costa Rica.,,,12000000.0,prestamos_sector_publico,Costa Rica,,Sector Público,,LC - Banco de Costa Rica.,Fundador
171,1973,,,,Costo de un Estudio de Factibilidad para la Interconexion con el Sistema Eléctrico Nacional de Nicaragua Mediante la Construcción de una Línea de Alto Voltaje con una Longitud de 290 Kilometros,,,50000.0,prestamos_sector_publico,Costa Rica,,Sector Público,,Costo de un Estudio de Factibilidad para la Interconexion con el Sistema Eléctrico Nacional de Nicaragua Mediante la Construcción de una Línea de Alto Voltaje con una Longitud de 290 Kilometros,Fundador
172,1995,,,,Proyecto de Apoyo a la Ampliación y Consolidación de los Servicios de Informática Educativa,,,12894750.0,prestamos_sector_publico,Costa Rica,,Sector Público,,Proyecto de Apoyo a la Ampliación y Consolidación de los Servicios de Informática Educativa,Fundador
173,1976,,,,Financiar Inversiones Fijas para la Ampliación y Mejoramiento de las Operaciones del Catie,,,270000.0,prestamos_sector_publico,Costa Rica,,Sector Público,,Financiar Inversiones Fijas para la Ampliación y Mejoramiento de las Operaciones del Catie,Fundador
174,1979,,,,Proyecto Hidroeléctrico San Lorenzo,,,5400000.0,prestamos_sector_publico,El Salvador,,Sector Público,,Proyecto Hidroeléctrico San Lorenzo,Fundador
175,1974,,,,Estudios de Factibilidad Técnico y Estudios Preliminares de Ingeniería de una Carretera Entre el Valle Central y el Litoral Pacífico de la República de Costa Rica,,,200000.0,prestamos_sector_publico,Costa Rica,,Sector Público,,Estudios de Factibilidad Técnico y Estudios Preliminares de Ingeniería de una Carretera Entre el Valle Central y el Litoral Pacífico de la República de Costa Rica,Fundador
176,1999,,,,Proyecto Ampliación de Centrales Telefónicas de la República de Costa Rica,,,8866101.0,prestamos_sector_publico,Costa Rica,,Sector Público,,Proyecto Ampliación de Centrales Telefónicas de la República de Costa Rica,Fundador
177,2013,,,,Programa de Renovación de la Infraestructura y Equipamiento Hospitalario,,,270000000.0,prestamos_sector_publico,Costa Rica,,Sector Público,,Programa de Renovación de la Infraestructura y Equipamiento Hospitalario,Fundador
178,1981,,,,Proyectos en la Universidad Nacional de la Universidad de Costa Rica de la Universidad Estatal a Distancia y del Instituto de Costa Rica,,,11900000.0,prestamos_sector_publico,Costa Rica,,Sector Público,,Proyectos en la Universidad Nacional de la Universidad de Costa Rica de la Universidad Estatal a Distancia y del Instituto de Costa Rica,Fundador
179,1972,,,,Proveer Financiamiento a Actividades Relacionadas con la Exportación de Productos No Tradicionales y Turismo.,,,500000.0,prestamos_sector_publico,Costa Rica,,Sector Público,,Proveer Financiamiento a Actividades Relacionadas con la Exportación de Productos No Tradicionales y Turismo.,Fundador
180,1977,,,,Proyectos  Línea de Transmisión Escuintla - Guatemala Sur y Subestaciones de Escuintla y Guatemala Sur,,,1330000.0,prestamos_sector_publico,Guatemala,,Sector Público,,Proyectos  Línea de Transmisión Escuintla - Guatemala Sur y Subestaciones de Escuintla y Guatemala Sur,Fundador
181,2021,,,,Programa de Fortalecimiento Regional de la Infraestructura Hospitalaria (PFRIH),,,500000000.0,prestamos_sector_publico,Costa Rica,,Sector Público,,Programa de Fortalecimiento Regional de la Infraestructura Hospitalaria (PFRIH),Fundador
182,1988,,,,Participación por Parte del Prestatario en el Programa Centroamericano de Agroempresas Rurales.,,,1000000.0,prestamos_sector_publico,Costa Rica,,Sector Público,,Participación por Parte del Prestatario en el Programa Centroamericano de Agroempresas Rurales.,Fundador
183,1992,,,,Proyecto para la adquisición de recolectores de basura,,,1400000.0,prestamos_sector_publico,Costa Rica,,Sector Público,,Proyecto para la adquisición de recolectores de basura,Fundador
184,1976,,,,Segunda Etapa de la Red Regional de Telecomunicaciones en la Parte que Corresponde a la República de Costa Rica,,,3000000.0,prestamos_sector_publico,Costa Rica,,Sector Público,,Segunda Etapa de la Red Regional de Telecomunicaciones en la Parte que Corresponde a la República de Costa Rica,Fundador
185,1987,,,,LC - Banco Central de Costa Rica,,,3000000.0,prestamos_sector_publico,Costa Rica,,Sector Público,,LC - Banco Central de Costa Rica,Fundador
186,1999,,,,Proyecto de Rehabilitación de la Carretera Interamericana Sur,,,5000000.0,prestamos_sector_publico,Costa Rica,,Sector Público,,Proyecto de Rehabilitación de la Carretera Interamericana Sur,Fundador
187,1984,,,,Adquisición de Equipo de Transmisión Supervisión Imprevistos y Escalonamiento de Costos para la Instalación de las Rutas de Transmisión Alternas de El Salvador,,,7600000.0,prestamos_sector_publico,El Salvador,,Sector Público,,Adquisición de Equipo de Transmisión Supervisión Imprevistos y Escalonamiento de Costos para la Instalación de las Rutas de Transmisión Alternas de El Salvador,Fundador
188,2000,,,,Construcción de la Planta Térmica Moín III,,,50000000.0,prestamos_sector_publico,Costa Rica,,Sector Público,,Construcción de la Planta Térmica Moín III,Fundador
189,1975,,,,Terminar Construcción Carretera Curridabat-Tres Ríos.,,,1300000.0,prestamos_sector_publico,Costa Rica,,Sector Público,,Terminar Construcción Carretera Curridabat-Tres Ríos.,Fundador
190,1977,,,,Construcción del Tramo Escazúsanta Ana y de las Radiales a Santa Ana y San Antonio de Belén de la Carretera San Josécoyolarpuerto Caldera,,,2100000.0,prestamos_sector_publico,Costa Rica,,Sector Público,,Construcción del Tramo Escazúsanta Ana y de las Radiales a Santa Ana y San Antonio de Belén de la Carretera San Josécoyolarpuerto Caldera,Fundador
191,2003,,,,LGC - Banco Nacional de Costa Rica (BNCR),,,40000000.0,prestamos_sector_publico,Costa Rica,,Sector Público,,LGC - Banco Nacional de Costa Rica (BNCR),Fundador
192,2003,,,,Proyecto Poliducto Limón - la Garita,,,60000000.0,prestamos_sector_publico,Costa Rica,,Sector Público,,Proyecto Poliducto Limón - la Garita,Fundador
193,1989,,,,Componentes de Crédito Extensión y Comercialización del Proyecto Desarrollo Agrícola para Pequeños Productores de la Zona Norte de la República de Costa Rica.,,,3000000.0,prestamos_sector_publico,Costa Rica,,Sector Público,,Componentes de Crédito Extensión y Comercialización del Proyecto Desarrollo Agrícola para Pequeños Productores de la Zona Norte de la República de Costa Rica.,Fundador
194,1980,,,,Financiar los Servicios de Consultoría y Parcialmente la Construcción de las Obras de Interconexión Eléctrica Entre la República de El Salvador y la República de Guatemala,,,6800000.0,prestamos_sector_publico,El Salvador,,Sector Público,,Financiar los Servicios de Consultoría y Parcialmente la Construcción de las Obras de Interconexión Eléctrica Entre la República de El Salvador y la República de Guatemala,Fundador
195,2007,,,,Programa de Inversiones en Obras del Sector Electricidad,,,110000000.0,prestamos_sector_publico,Costa Rica,,Sector Público,,Programa de Inversiones en Obras del Sector Electricidad,Fundador
196,1974,,,,Estudios de Ingeniería Preliminar y Diseño Final de una Nueva Carretera Entre San Salvador - Comalapa y su Conexión al Aeropuerto de Astoria,,,450000.0,prestamos_sector_publico,El Salvador,,Sector Público,,Estudios de Ingeniería Preliminar y Diseño Final de una Nueva Carretera Entre San Salvador - Comalapa y su Conexión al Aeropuerto de Astoria,Fundador
197,2016,,,,Programa de Modernización y Rehabilitación de Infraestructura Deportiva (PROMORID),,,45000000.0,prestamos_sector_publico,Costa Rica,,Sector Público,,Programa de Modernización y Rehabilitación de Infraestructura Deportiva (PROMORID),Fundador
198,1989,,,,Participación por Parte del Prestatario en el Programa de Rehabilitación de la Pequeña y Mediana Industria.,,,1000000.0,prestamos_sector_publico,El Salvador,,Sector Público,,Participación por Parte del Prestatario en el Programa de Rehabilitación de la Pequeña y Mediana Industria.,Fundador
199,1990,,,,LC - Banco Central de Costa Rica,,,3000000.0,prestamos_sector_publico,Costa Rica,,Sector Público,,LC - Banco Central de Costa Rica,Fundador
200,1978,,,,Compra de Hipotecas Y/o Títulos Hipotecarios Sobre Viviendas Individuales o Conjuntos Habitacionales de Medio-Bajo Costo.,,,5000000.0,prestamos_sector_publico,Costa Rica,,Sector Público,,Compra de Hipotecas Y/o Títulos Hipotecarios Sobre Viviendas Individuales o Conjuntos Habitacionales de Medio-Bajo Costo.,Fundador
201,1989,,,,Ampliacion De La Planta Termica Moin Republica De Costa Rica.,,,32000000.0,prestamos_sector_publico,Costa Rica,,Sector Público,,Ampliacion De La Planta Termica Moin Republica De Costa Rica.,Fundador
202,1989,,,,LC - Banco Central de Costa Rica,,,2000000.0,prestamos_sector_publico,Costa Rica,,Sector Público,,LC - Banco Central de Costa Rica,Fundador
203,1981,,,,Proyecto de Prevención de la Roya del Cafeto,,,1400000.0,prestamos_sector_publico,Costa Rica,,Sector Público,,Proyecto de Prevención de la Roya del Cafeto,Fundador
204,1966,,,,Construcción de los Tramos de Carretera Portezuelola Cuchilla y Cutuco Sirama - Frontera de Honduras en la Carretera Interamericana (CA1),,,4750000.0,prestamos_sector_publico,El Salvador,,Sector Público,,Construcción de los Tramos de Carretera Portezuelola Cuchilla y Cutuco Sirama - Frontera de Honduras en la Carretera Interamericana (CA1),Fundador
205,1980,,,,Proyecto de Expansión Fisica Equipamiento y Asistencia Tecnica del Instituto Nacional de Aprendizaje,,,4000000.0,prestamos_sector_publico,Costa Rica,,Sector Público,,Proyecto de Expansión Fisica Equipamiento y Asistencia Tecnica del Instituto Nacional de Aprendizaje,Fundador
206,1966,,,,Estudio para la Revisión y Elaboración de Nuevas Tarifas para Servicios Portuarios de Acajutla y la Libertad en la República de El Salvador,,,25000.0,prestamos_sector_publico,El Salvador,,Sector Público,,Estudio para la Revisión y Elaboración de Nuevas Tarifas para Servicios Portuarios de Acajutla y la Libertad en la República de El Salvador,Fundador
207,2012,,,,Incremento LGC - Fondo Nacional de Vivienda Popular (FONAVIPO),,,30000000.0,prestamos_sector_publico,El Salvador,,Sector Público,,Incremento LGC - Fondo Nacional de Vivienda Popular (FONAVIPO),Fundador
208,1988,,,,Rehabilitación de la Carretera Panamericana CA-1 Sur  Tramo  Taras - La Georgina de Costa Rica,,,5100000.0,prestamos_sector_publico,Costa Rica,,Sector Público,,Rehabilitación de la Carretera Panamericana CA-1 Sur  Tramo  Taras - La Georgina de Costa Rica,Fundador
209,2005,,,,Plan Nacional de Educación 2021 Programa Conéctate,,,19000000.0,prestamos_sector_publico,El Salvador,,Sector Público,,Plan Nacional de Educación 2021 Programa Conéctate,Fundador
210,1994,,,,Proyecto Programa de Infraestructura de la Universidad Nacional,,,14300000.0,prestamos_sector_publico,Costa Rica,,Sector Público,,Proyecto Programa de Infraestructura de la Universidad Nacional,Fundador
211,1979,,,,Participación por Parte del Prestatario en el Programa de Agroempresas Rurales.,,,500000.0,prestamos_sector_publico,Costa Rica,,Sector Público,,Participación por Parte del Prestatario en el Programa de Agroempresas Rurales.,Fundador
212,1996,,,,Proyecto Sistema de Transmisión por Fibra Optica y Multiplex Digital,,,3434760.0,prestamos_sector_publico,Costa Rica,,Sector Público,,Proyecto Sistema de Transmisión por Fibra Optica y Multiplex Digital,Fundador
213,1968,,,,Ampliación y Mejoración del Aeropuerto Internacional el Coco,,,1500000.0,prestamos_sector_publico,Costa Rica,,Sector Público,,Ampliación y Mejoración del Aeropuerto Internacional el Coco,Fundador
214,2001,,,,Proyecto Centrales Telefónicas ALCatel  Ampliación y Modernización del Sistema Nacional de Telecomunicaciones 20002001,,,37474500.0,prestamos_sector_publico,Costa Rica,,Sector Público,,Proyecto Centrales Telefónicas ALCatel  Ampliación y Modernización del Sistema Nacional de Telecomunicaciones 20002001,Fundador
215,1979,,,,Pavimentación del Tramo Tárcoles - Loma de la Carretera Costanera Sur,,,1700000.0,prestamos_sector_publico,Costa Rica,,Sector Público,,Pavimentación del Tramo Tárcoles - Loma de la Carretera Costanera Sur,Fundador
216,1996,,,,Proyecto Central Telefónica Internacional Digital,,,3789000.0,prestamos_sector_publico,Costa Rica,,Sector Público,,Proyecto Central Telefónica Internacional Digital,Fundador
217,1996,,,,Proyecto de Implementación Conjunta Subproyecto Central Hidroeléctrica Brasil,,,48840000.0,prestamos_sector_publico,Costa Rica,,Sector Público,,Proyecto de Implementación Conjunta Subproyecto Central Hidroeléctrica Brasil,Fundador
218,1988,,,,Proyecto Vial de la Costanera Sur Tramo Barú Palmar Norte,,,10000000.0,prestamos_sector_publico,Costa Rica,,Sector Público,,Proyecto Vial de la Costanera Sur Tramo Barú Palmar Norte,Fundador
219,2018,,,,Proyecto de Abastecimiento de Agua para la Cuenca Media del Río Tempisque y Comunidades Costeras PAACUME,,,425000000.0,prestamos_sector_publico,Costa Rica,,Sector Público,,Proyecto de Abastecimiento de Agua para la Cuenca Media del Río Tempisque y Comunidades Costeras PAACUME,Fundador
220,1987,,,,Rehabilitación de la Carretera Santa Ana - Metapán - Anguiatú Carretera CA-12 ,,,10500000.0,prestamos_sector_publico,El Salvador,,Sector Público,,Rehabilitación de la Carretera Santa Ana - Metapán - Anguiatú Carretera CA-12 ,Fundador
221,1973,,,,Adquisición de Equipos Necesarios para Modernizar y Mejorar el Servicio Postal de El Salvador a ser Instalados en el Edificio de la Dirección General de Correos,,,1000000.0,prestamos_sector_publico,El Salvador,,Sector Público,,Adquisición de Equipos Necesarios para Modernizar y Mejorar el Servicio Postal de El Salvador a ser Instalados en el Edificio de la Dirección General de Correos,Fundador
222,1992,,,,Proyecto de Reconstrucción de la Infraestructura Física de la Región Huetar Atlántica,,,8000000.0,prestamos_sector_publico,Costa Rica,,Sector Público,,Proyecto de Reconstrucción de la Infraestructura Física de la Región Huetar Atlántica,Fundador
223,1966,,,,Construcción del Tramo de el Rancho Santa Elena de la Carretera el Rancho Cobán,,,4200000.0,prestamos_sector_publico,Guatemala,,Sector Público,,Construcción del Tramo de el Rancho Santa Elena de la Carretera el Rancho Cobán,Fundador
224,1970,,,,Adquisición por el Prestatario de Acciones del Capital Social de la Firma Industrias Sintéticas de Centroamérica S.A. (Insinca).,,,500000.0,prestamos_sector_publico,El Salvador,,Sector Público,,Adquisición por el Prestatario de Acciones del Capital Social de la Firma Industrias Sintéticas de Centroamérica S.A. (Insinca).,Fundador
225,1966,,,,LC - Corfina,,,152000.0,prestamos_sector_publico,Guatemala,,Sector Público,,LC - Corfina,Fundador
226,1976,,,,Mejoramiento y reconstrucción de la primera fase de la Carretera Interamericana entre San Salvador y San Miguel,,,11000000.0,prestamos_sector_publico,El Salvador,,Sector Público,,Mejoramiento y reconstrucción de la primera fase de la Carretera Interamericana entre San Salvador y San Miguel,Fundador
227,2009,,,,Incremento LGC - Banco Popular y de Desarrollo Comunal,,,31500000.0,prestamos_sector_publico,Costa Rica,,Sector Público,,Incremento LGC - Banco Popular y de Desarrollo Comunal,Fundador
228,1973,,,,Completar el Financiamiento y Mejorar la Operación de la Arteria Regional de Telecomunicaciones en la Parte que Corresponde a la República de Costa Rica,,,650000.0,prestamos_sector_publico,Costa Rica,,Sector Público,,Completar el Financiamiento y Mejorar la Operación de la Arteria Regional de Telecomunicaciones en la Parte que Corresponde a la República de Costa Rica,Fundador
229,1980,,,,Compra de hipotecas y/o títulos hipotecarios conforme a las políticas del Programa de Vivienda Media Regular y Media Baja del banco,,,2800000.0,prestamos_sector_publico,Costa Rica,,Sector Público,,Compra de hipotecas y/o títulos hipotecarios conforme a las políticas del Programa de Vivienda Media Regular y Media Baja del banco,Fundador
230,1972,,,,Ampliación de las Instalaciones de la Facultad de Ingeniería y Arquitectura,,,300000.0,prestamos_sector_publico,El Salvador,,Sector Público,,Ampliación de las Instalaciones de la Facultad de Ingeniería y Arquitectura,Fundador
231,1974,,,,Completar el Anteproyecto Elaborar el Estudio de Factibilidad Económica y el Diseño Final de los Puentes Incluyendo Perforaciones del Tramo Coyolar Puerto Caldera de la Carretera San José - Coyolar - Puerto Caldera,,,200000.0,prestamos_sector_publico,Costa Rica,,Sector Público,,Completar el Anteproyecto Elaborar el Estudio de Factibilidad Económica y el Diseño Final de los Puentes Incluyendo Perforaciones del Tramo Coyolar Puerto Caldera de la Carretera San José - Coyolar - Puerto Caldera,Fundador
232,2002,,,,Programa para Completar el Complejo Vial Costanera Sur,,,60000000.0,prestamos_sector_publico,Costa Rica,,Sector Público,,Programa para Completar el Complejo Vial Costanera Sur,Fundador
233,1994,,,,LC - Banco Crédito Agrícola de Cartago,,,2000000.0,prestamos_sector_publico,Costa Rica,,Sector Público,,LC - Banco Crédito Agrícola de Cartago,Fundador
234,1987,,,,Proyecto Reserva Estratégica Nacional de Combustibles (Renc),,,10400000.0,prestamos_sector_publico,El Salvador,,Sector Público,,Proyecto Reserva Estratégica Nacional de Combustibles (Renc),Fundador
235,1975,,,,Costo del Estudio de Factibilidad Técnicoeconómica para la Formulación Integración y Desarrollo del Centro de Distribución y Procesamiento de Alimentos en el Área Metropolitana de San José,,,66000.0,prestamos_sector_publico,Costa Rica,,Sector Público,,Costo del Estudio de Factibilidad Técnicoeconómica para la Formulación Integración y Desarrollo del Centro de Distribución y Procesamiento de Alimentos en el Área Metropolitana de San José,Fundador
236,2006,,,,Proyecto Cable Submarino del Pacífico y Ampliación Red Nacional / Racsa,,,24700000.0,prestamos_sector_publico,Costa Rica,,Sector Público,,Proyecto Cable Submarino del Pacífico y Ampliación Red Nacional / Racsa,Fundador
237,2014,,,, LGC - Banco Crédito Agrícola de Cartago (BCAC),,,48000000.0,prestamos_sector_publico,Costa Rica,,Sector Público,, LGC - Banco Crédito Agrícola de Cartago (BCAC),Fundador
238,1981,,,,Construcción y el Equipamiento del Edificio de Telecomunicaciones de San Pedro de Montes de Oca Provincia de San José,,,2000000.0,prestamos_sector_publico,Costa Rica,,Sector Público,,Construcción y el Equipamiento del Edificio de Telecomunicaciones de San Pedro de Montes de Oca Provincia de San José,Fundador
239,1973,,,,Construcción de 30 Kilometros del Tramo Tárcoles Loma de la Carretera Costanera Sur,,,7000000.0,prestamos_sector_publico,Costa Rica,,Sector Público,,Construcción de 30 Kilometros del Tramo Tárcoles Loma de la Carretera Costanera Sur,Fundador
240,2004,,,,Programa Apoyo al Sector Productivo II,,,20000000.0,prestamos_sector_publico,Guatemala,,Sector Público,,Programa Apoyo al Sector Productivo II,Fundador
241,1968,,,,Financiamiento Parcial de la Construcción de la Carretera Gotera Perquín (Parte de la Ruta CA7),,,3300000.0,prestamos_sector_publico,El Salvador,,Sector Público,,Financiamiento Parcial de la Construcción de la Carretera Gotera Perquín (Parte de la Ruta CA7),Fundador
242,2000,,,,Proyecto Modernización de Centrales de Conmutación Analógica Arf102,,,3937600.0,prestamos_sector_publico,Costa Rica,,Sector Público,,Proyecto Modernización de Centrales de Conmutación Analógica Arf102,Fundador
243,2011,,,,Programa de Obras Estratégicas de Infraestructura Vial (Programa de Obras),,,340000000.0,prestamos_sector_publico,Costa Rica,,Sector Público,,Programa de Obras Estratégicas de Infraestructura Vial (Programa de Obras),Fundador
244,2009,,,,Incremento - Proyecto Sistema de Interconexión Eléctrica para los países de América Central (SIEPAC),,,4500000.0,prestamos_sector_publico,Costa Rica,,Sector Público,,Incremento - Proyecto Sistema de Interconexión Eléctrica para los países de América Central (SIEPAC),Fundador
245,1990,,,,LC - Banco Central de Costa Rica,,,17000000.0,prestamos_sector_publico,Costa Rica,,Sector Público,,LC - Banco Central de Costa Rica,Fundador
246,2003,,,,LGC - Banco Hipotecario de El Salvador,,,5000000.0,prestamos_sector_publico,El Salvador,,Sector Público,,LGC - Banco Hipotecario de El Salvador,Fundador
247,1995,,,,Proyecto Desarrollo Rural Integrado - Acuerdos de Paz,,,16250000.0,prestamos_sector_publico,El Salvador,,Sector Público,,Proyecto Desarrollo Rural Integrado - Acuerdos de Paz,Fundador
248,2004,,,,Banco Crédito Agrícola de Cartago. Ampliación de LGC,,,17000000.0,prestamos_sector_publico,Costa Rica,,Sector Público,,Banco Crédito Agrícola de Cartago. Ampliación de LGC,Fundador
249,1981,,,,Proyecto de Granos Básicos,,,3700000.0,prestamos_sector_publico,Costa Rica,,Sector Público,,Proyecto de Granos Básicos,Fundador
250,1994,,,,LC - Banco Nacional de Costa Rica,,,15000000.0,prestamos_sector_publico,Costa Rica,,Sector Público,,LC - Banco Nacional de Costa Rica,Fundador
251,1980,,,,Participación por Parte del Prestatario en el Programa de Agroempresas Rurales.,,,500000.0,prestamos_sector_publico,El Salvador,,Sector Público,,Participación por Parte del Prestatario en el Programa de Agroempresas Rurales.,Fundador
252,1963,,,,Financiar el costo del estudio de factibilidad del proyecto de interconexión eléctrica y desarrollo combinado de los sistemas eléctricos centrales de Honduras y El Salvador.,,,20000.0,prestamos_sector_publico,El Salvador,,Sector Público,,Financiar el costo del estudio de factibilidad del proyecto de interconexión eléctrica y desarrollo combinado de los sistemas eléctricos centrales de Honduras y El Salvador.,Fundador
253,1978,,,,Mejoramiento y Reconstrucción de la Segunda Etapa de la Carretera San Salvador - San Miguel,,,24500000.0,prestamos_sector_publico,El Salvador,,Sector Público,,Mejoramiento y Reconstrucción de la Segunda Etapa de la Carretera San Salvador - San Miguel,Fundador
254,1998,,,,Proyecto Primera Etapa del Anillo Periférico de San Salvador,,,62700000.0,prestamos_sector_publico,El Salvador,,Sector Público,,Proyecto Primera Etapa del Anillo Periférico de San Salvador,Fundador
255,2018,,,,Incremento - Programa de Renovación Cafetalera de Alta Productividad  Sostenible y Resiliente en El Salvador,,,3500000.0,prestamos_sector_publico,El Salvador,,Sector Público,,Incremento - Programa de Renovación Cafetalera de Alta Productividad  Sostenible y Resiliente en El Salvador,Fundador
256,1992,,,,LC - Banco Central de Reserva de El Salvador,,,3000000.0,prestamos_sector_publico,El Salvador,,Sector Público,,LC - Banco Central de Reserva de El Salvador,Fundador
257,2017,,,,Programa de Alcantarillado y Control de Inundaciones para Limón,,,55080000.0,prestamos_sector_publico,Costa Rica,,Sector Público,,Programa de Alcantarillado y Control de Inundaciones para Limón,Fundador
258,1996,,,,Programa Nacional de Rehabilitación de Vías Pavimentadas,,,32900000.0,prestamos_sector_publico,El Salvador,,Sector Público,,Programa Nacional de Rehabilitación de Vías Pavimentadas,Fundador
259,2009,,,,Préstamo -1808 Proyecto Eólico Valle Central,,,9949630.0,prestamos_sector_publico,Costa Rica,,Sector Público,,Préstamo -1808 Proyecto Eólico Valle Central,Fundador
260,1980,,,,Diseño Final de los Proyectos Hidroeléctricos Ventanas Garita y Palomo y los Estudios de Prefactibilidad de los Proyectos Hidroelectricos Pirrís  Cedral el Brujo y San Fernando,,,2850000.0,prestamos_sector_publico,Costa Rica,,Sector Público,,Diseño Final de los Proyectos Hidroeléctricos Ventanas Garita y Palomo y los Estudios de Prefactibilidad de los Proyectos Hidroelectricos Pirrís  Cedral el Brujo y San Fernando,Fundador
261,1992,,,,Proyecto Mejoramiento y Ampliación de la Red Primaria Telefónica de la República de Costa Rica,,,7000000.0,prestamos_sector_publico,Costa Rica,,Sector Público,,Proyecto Mejoramiento y Ampliación de la Red Primaria Telefónica de la República de Costa Rica,Fundador
262,2012,,,,LGC - Instituto Nacional de Fomento Cooperativo,,,30000000.0,prestamos_sector_publico,Costa Rica,,Sector Público,,LGC - Instituto Nacional de Fomento Cooperativo,Fundador
263,1994,,,,LC - Banco Nacional de Costa Rica,,,5000000.0,prestamos_sector_publico,Costa Rica,,Sector Público,,LC - Banco Nacional de Costa Rica,Fundador
264,1971,,,,Financiar Construcciones Adquisición e Instalación de Maquinaria y Equipo y Estudios Finales para una Planta de Almacenamiento de Granos,,,1000000.0,prestamos_sector_publico,El Salvador,,Sector Público,,Financiar Construcciones Adquisición e Instalación de Maquinaria y Equipo y Estudios Finales para una Planta de Almacenamiento de Granos,Fundador
265,1986,,,,Componentes de Crédito Extensión y Comercialización del Proyecto Desarrollo Agrícola para Pequeños Productores de la Zona Norte de la República de Costa Rica.,,,3000000.0,prestamos_sector_publico,Costa Rica,,Sector Público,,Componentes de Crédito Extensión y Comercialización del Proyecto Desarrollo Agrícola para Pequeños Productores de la Zona Norte de la República de Costa Rica.,Fundador
266,1990,,,,LGC - Banco Central de Reserva de El Salvador,,,20000000.0,prestamos_sector_publico,El Salvador,,Sector Público,,LGC - Banco Central de Reserva de El Salvador,Fundador
267,1963,,,,Completar los Estudios Definitivos de la Carretera CA13 Entre la Carretera CA9 y la Frontera de Honduras,,,107000.0,prestamos_sector_publico,Guatemala,,Sector Público,,Completar los Estudios Definitivos de la Carretera CA13 Entre la Carretera CA9 y la Frontera de Honduras,Fundador
268,1999,,,,Rehabilitación y el Mejoramiento de la Autopista Bernardo Soto,,,9467000.0,prestamos_sector_publico,Costa Rica,,Sector Público,,Rehabilitación y el Mejoramiento de la Autopista Bernardo Soto,Fundador
269,2010,,,,Proyecto de Expansión de la Central Hidroeléctrica 5 de Noviembre,,,57500000.0,prestamos_sector_publico,El Salvador,,Sector Público,,Proyecto de Expansión de la Central Hidroeléctrica 5 de Noviembre,Fundador
270,2002,,,,Banco Crédito Agrícola de Cartago. Ampliación de LGC,,,25000000.0,prestamos_sector_publico,Costa Rica,,Sector Público,,Banco Crédito Agrícola de Cartago. Ampliación de LGC,Fundador
271,1990,,,,Proyecto Geotérmico Miravalles Unidad a Boca de Pozo,,,4000000.0,prestamos_sector_publico,Costa Rica,,Sector Público,,Proyecto Geotérmico Miravalles Unidad a Boca de Pozo,Fundador
272,2005,,,,Programa de Fortalecimiento y Modernización de la Gestión Digital e Infraestructura Tecnológica y Física,,,55600000.0,prestamos_sector_publico,Costa Rica,,Sector Público,,Programa de Fortalecimiento y Modernización de la Gestión Digital e Infraestructura Tecnológica y Física,Fundador
273,1978,,,,Complementar el Financiamiento Parcial de la Construcción y Supervisión a Nivel de Pavimento del Tramo Tárcolesloma de la Carretera Costanera Sur,,,1700000.0,prestamos_sector_publico,Costa Rica,,Sector Público,,Complementar el Financiamiento Parcial de la Construcción y Supervisión a Nivel de Pavimento del Tramo Tárcolesloma de la Carretera Costanera Sur,Fundador
274,2002,,,,Programa de Protección y Fomento Agropecuario para Pequeños y Medianos Productores,,,35000000.0,prestamos_sector_publico,Costa Rica,,Sector Público,,Programa de Protección y Fomento Agropecuario para Pequeños y Medianos Productores,Fundador
275,2005,,,,Programa de Abastecimiento del Área Metropolitana de San José  Acueductos Urbanos y Alcantarillado Sanitario de Puerto Viejo de Limón,,,68505000.0,prestamos_sector_publico,Costa Rica,,Sector Público,,Programa de Abastecimiento del Área Metropolitana de San José  Acueductos Urbanos y Alcantarillado Sanitario de Puerto Viejo de Limón,Fundador
276,2013,,,,Préstamo - Instituto Costarricense de Acueductos y Alcantarillados (AyA),,,130000000.0,prestamos_sector_publico,Costa Rica,,Sector Público,,Préstamo - Instituto Costarricense de Acueductos y Alcantarillados (AyA),Fundador
277,1998,,,,Proyecto Construcción y Remodelación del Hospital Regional de Liberia Dr Enrique Baltodano Briceño,,,27175425.0,prestamos_sector_publico,Costa Rica,,Sector Público,,Proyecto Construcción y Remodelación del Hospital Regional de Liberia Dr Enrique Baltodano Briceño,Fundador
278,1994,,,,Proyecto Centro de Producción de Multimedios y Expansión de la Infraestructura Telemática para el Sistema Educativo a Distancia,,,3097500.0,prestamos_sector_publico,Costa Rica,,Sector Público,,Proyecto Centro de Producción de Multimedios y Expansión de la Infraestructura Telemática para el Sistema Educativo a Distancia,Fundador
279,1986,,,,Costos de Preinversión e Inversión del Proyecto Geotérmico de Chipilapa en la República de El Salvador,,,13000000.0,prestamos_sector_publico,El Salvador,,Sector Público,,Costos de Preinversión e Inversión del Proyecto Geotérmico de Chipilapa en la República de El Salvador,Fundador
280,1980,,,,Ampliación y Mejoramiento a 4 Carriles del Tramo Ciudad Guatemala - don Justo  con una Longitud Aproximada de 124 Kilómetros de la Carretera Interamericana Oriente (CA1),,,10200000.0,prestamos_sector_publico,Guatemala,,Sector Público,,Ampliación y Mejoramiento a 4 Carriles del Tramo Ciudad Guatemala - don Justo  con una Longitud Aproximada de 124 Kilómetros de la Carretera Interamericana Oriente (CA1),Fundador
281,1993,,,,Proyecto Programa Nacional de Rehabilitación de Vías Pavimentadas,,,20000000.0,prestamos_sector_publico,El Salvador,,Sector Público,,Proyecto Programa Nacional de Rehabilitación de Vías Pavimentadas,Fundador
282,2002,,,,Proyecto Desarrollo Portuario en el Departamento de la Unión,,,25000000.0,prestamos_sector_publico,El Salvador,,Sector Público,,Proyecto Desarrollo Portuario en el Departamento de la Unión,Fundador
283,1977,,,,Complementar el Financiamiento de Obras Equipos y Supervisión para el Abastecimiento de Agua Potable a la Ciudad de Guatemala Dentro del Plan de Emergencia,,,1200000.0,prestamos_sector_publico,Guatemala,,Sector Público,,Complementar el Financiamiento de Obras Equipos y Supervisión para el Abastecimiento de Agua Potable a la Ciudad de Guatemala Dentro del Plan de Emergencia,Fundador
284,1970,,,,Completar la Financiación de la Construcción de la Fase II de la Carretera Entre la Cuchilla y el Kilometro 35 + 300 Pertenencientes a la Carretera Interamericana (CA1),,,600000.0,prestamos_sector_publico,El Salvador,,Sector Público,,Completar la Financiación de la Construcción de la Fase II de la Carretera Entre la Cuchilla y el Kilometro 35 + 300 Pertenencientes a la Carretera Interamericana (CA1),Fundador
285,1978,,,,Participación por Parte del Prestatario en el Programa de Agroempresas Rurales.,,,500000.0,prestamos_sector_publico,Guatemala,,Sector Público,,Participación por Parte del Prestatario en el Programa de Agroempresas Rurales.,Fundador
286,1989,,,,Estudio de Prospección Sísmica en Tierra Registro Procesamiento e Interpretación de Datos Sísmicos,,,6000000.0,prestamos_sector_publico,El Salvador,,Sector Público,,Estudio de Prospección Sísmica en Tierra Registro Procesamiento e Interpretación de Datos Sísmicos,Fundador
287,2019,,,,Programa de Obras Estratégicas de Infraestructura Vial (Programa de Obras),,,90055000.0,prestamos_sector_publico,Costa Rica,,Sector Público,,Programa de Obras Estratégicas de Infraestructura Vial (Programa de Obras),Fundador
288,1993,,,,LC - Banco Popular y de Desarrollo Comunal,,,750000.0,prestamos_sector_publico,Costa Rica,,Sector Público,,LC - Banco Popular y de Desarrollo Comunal,Fundador
289,2006,,,,Proyecto Sistema de Interconexión Eléctrica para los Países de América Central (Siepac),,,50000000.0,prestamos_sector_publico,Costa Rica,,Sector Público,,Proyecto Sistema de Interconexión Eléctrica para los Países de América Central (Siepac),Fundador
290,1974,,,,Cancelar al Banco el Saldo de los Préstamos Otorgados a Safie Hermanos S.A. de El Salvador Segun Escrituras Públicas de Fechas 5 de Julio de 1965 12 de Diciembre de 1968 28 de Agosto 1969 y 13 de Abril de 1971.,,,2000000.0,prestamos_sector_publico,El Salvador,,Sector Público,,Cancelar al Banco el Saldo de los Préstamos Otorgados a Safie Hermanos S.A. de El Salvador Segun Escrituras Públicas de Fechas 5 de Julio de 1965 12 de Diciembre de 1968 28 de Agosto 1969 y 13 de Abril de 1971.,Fundador
291,1998,,,,LGC - Banco de Costa Rica,,,7000000.0,prestamos_sector_publico,Costa Rica,,Sector Público,,LGC - Banco de Costa Rica,Fundador
292,2011,,,,Incremento LGC - Banco Internacional de Costa Rica  S.A. (BICSA),,,19000000.0,prestamos_sector_publico,Costa Rica,,Sector Público,,Incremento LGC - Banco Internacional de Costa Rica  S.A. (BICSA),Fundador
293,2022,,,,OPD para apoyar acciones de política y resultados de desarrollo,,,290000000.0,prestamos_sector_publico,Costa Rica,,Sector Público,,OPD para apoyar acciones de política y resultados de desarrollo,Fundador
294,2004,,,,Incremento LGC - Fondo Nacional de Vivienda Popular (FONAVIPO),,,7125000.0,prestamos_sector_publico,El Salvador,,Sector Público,,Incremento LGC - Fondo Nacional de Vivienda Popular (FONAVIPO),Fundador
295,1977,,,,Financiamiento de los Costos Adicionales en las Obras de la Segunda Etapa del Acueducto Metropolitano,,,4350000.0,prestamos_sector_publico,Costa Rica,,Sector Público,,Financiamiento de los Costos Adicionales en las Obras de la Segunda Etapa del Acueducto Metropolitano,Fundador
296,2013,,,,Programa de Modernización de la Infraestructura Portuaria del Puerto de Moín,,,55000000.0,prestamos_sector_publico,Costa Rica,,Sector Público,,Programa de Modernización de la Infraestructura Portuaria del Puerto de Moín,Fundador
297,2022,,,,Fortalecimiento de la Industria Biofarmacéutica Cubana para Combatir el COVID-19 en Cuba y la Región (Monto aprobado EUR 46 765 000.00),,,50000000.0,prestamos_sector_publico,Cuba,,Sector Público,,Fortalecimiento de la Industria Biofarmacéutica Cubana para Combatir el COVID-19 en Cuba y la Región (Monto aprobado EUR 46 765 000.00),Extrarregional
298,1987,,,,Proyecto de Interconexión Entre Centrales Telefónicas por Medio del Sistema de Fibra Óptica de Costa Rica,,,3000000.0,prestamos_sector_publico,Costa Rica,,Sector Público,,Proyecto de Interconexión Entre Centrales Telefónicas por Medio del Sistema de Fibra Óptica de Costa Rica,Fundador
299,1991,,,,Proyecto Tanques y Redes en el Acueducto Metropolitano de San José y la Adquisición e Instalación de Hidrómetros,,,17700000.0,prestamos_sector_publico,Costa Rica,,Sector Público,,Proyecto Tanques y Redes en el Acueducto Metropolitano de San José y la Adquisición e Instalación de Hidrómetros,Fundador
300,1968,,,,Financiamiento Total de la Construcción del Tramo Danlí - Las Manos de la Carretera CA6,,,2500000.0,prestamos_sector_publico,Honduras,,Sector Público,,Financiamiento Total de la Construcción del Tramo Danlí - Las Manos de la Carretera CA6,Fundador
301,1979,,,,Construcción del Tramo de la II Etapa Chalatenango - sensuntepeque CA7 de la Carretera Denominada Longitudinal del Norte,,,14200000.0,prestamos_sector_publico,El Salvador,,Sector Público,,Construcción del Tramo de la II Etapa Chalatenango - sensuntepeque CA7 de la Carretera Denominada Longitudinal del Norte,Fundador
302,2005,,,,Incremento LGC - Banco de Costa Rica,,,50000000.0,prestamos_sector_publico,Costa Rica,,Sector Público,,Incremento LGC - Banco de Costa Rica,Fundador
303,2012,,,,Incremento LGC - Banco Popular y de Desarrollo Comunal,,,60000000.0,prestamos_sector_publico,Costa Rica,,Sector Público,,Incremento LGC - Banco Popular y de Desarrollo Comunal,Fundador
304,2009,,,,Proyecto Sistema de Interconexión Eléctrica para los Países de América Central (Siepac),,,4500000.0,prestamos_sector_publico,Costa Rica,,Sector Público,,Proyecto Sistema de Interconexión Eléctrica para los Países de América Central (Siepac),Fundador
305,1996,,,,Red de Acceso para Voz y Datos,,,2078234.0,prestamos_sector_publico,Costa Rica,,Sector Público,,Red de Acceso para Voz y Datos,Fundador
306,1982,,,,Proyecto Hidroeléctrico Santa María II,,,30000000.0,prestamos_sector_publico,Guatemala,,Sector Público,,Proyecto Hidroeléctrico Santa María II,Fundador
307,2008,,,,Línea de Crédito - Comisión Ejecutiva Portuaria Autónoma (CEPA),,,39000000.0,prestamos_sector_publico,El Salvador,,Sector Público,,Línea de Crédito - Comisión Ejecutiva Portuaria Autónoma (CEPA),Fundador
308,2024,,,,Ampliación y Mejoramiento del Corredor Vial San José-San Ramón,,,770000000.0,prestamos_sector_publico,Costa Rica,,Sector Público,,Ampliación y Mejoramiento del Corredor Vial San José-San Ramón,Fundador
309,1984,,,,Financiar Parcialmente Costos Locales de la Construcción de la Carretera Tres Ríos - Cartago Incluyendo Supervisión Imprevistos y Escalonamiento de Costos,,,1650000.0,prestamos_sector_publico,Costa Rica,,Sector Público,,Financiar Parcialmente Costos Locales de la Construcción de la Carretera Tres Ríos - Cartago Incluyendo Supervisión Imprevistos y Escalonamiento de Costos,Fundador
310,1999,,,,Construcción de la Planta Térmica San Antonio II,,,50000000.0,prestamos_sector_publico,Costa Rica,,Sector Público,,Construcción de la Planta Térmica San Antonio II,Fundador
311,1996,,,,Programa de Desarrollo Comunal en los Departamentos de Cabañas y San Vicente,,,10000000.0,prestamos_sector_publico,El Salvador,,Sector Público,,Programa de Desarrollo Comunal en los Departamentos de Cabañas y San Vicente,Fundador
312,1974,,,,Reconstrucción de Todas las Estructuras de Drenaje Mayor Construcción de un Muro de Retención Gastos de Supervisión y Completar la Construcción de la Carretera Santa Anametapánanguiatú,,,1220000.0,prestamos_sector_publico,El Salvador,,Sector Público,,Reconstrucción de Todas las Estructuras de Drenaje Mayor Construcción de un Muro de Retención Gastos de Supervisión y Completar la Construcción de la Carretera Santa Anametapánanguiatú,Fundador
313,1979,,,,Construcción de la Carretera de Interconexión de las Rutas Regionales CA12 y CA4,,,9200000.0,prestamos_sector_publico,El Salvador,,Sector Público,,Construcción de la Carretera de Interconexión de las Rutas Regionales CA12 y CA4,Fundador
314,1975,,,,Línea de Transmisión Escuintla - Guatemala Sur y de las Instalaciones de Escuintla y Guatemala Sur,,,8720000.0,prestamos_sector_publico,Guatemala,,Sector Público,,Línea de Transmisión Escuintla - Guatemala Sur y de las Instalaciones de Escuintla y Guatemala Sur,Fundador
315,2018,,,,Programa de Renovación Cafetalera de alta Productividad  Sostenible y Resiliente en El Salvador,,,80000000.0,prestamos_sector_publico,El Salvador,,Sector Público,,Programa de Renovación Cafetalera de alta Productividad  Sostenible y Resiliente en El Salvador,Fundador
316,1993,,,,Proyectos Aceptables al Banco Incluídos Dentro del Programa de Reconstrucción Nacional de la República de El Salvador,,,30000000.0,prestamos_sector_publico,El Salvador,,Sector Público,,Proyectos Aceptables al Banco Incluídos Dentro del Programa de Reconstrucción Nacional de la República de El Salvador,Fundador
317,1981,,,,LC - Organismo Internacional Regional de Sanidad Agropecuaria,,,250000.0,prestamos_sector_publico,El Salvador,,Sector Público,,LC - Organismo Internacional Regional de Sanidad Agropecuaria,Fundador
318,1997,,,,Proyecto Suministro de Mobiliario Escolar a Programas Escuela Saludable,,,23500000.0,prestamos_sector_publico,El Salvador,,Sector Público,,Proyecto Suministro de Mobiliario Escolar a Programas Escuela Saludable,Fundador
319,2015,,,,Programa de Abastecimiento del Área Metropolitana de San José  Acueductos Urbanos II y Alcantarillado Sanitario Juanito Mora de Puntarenas,,,154562390.29,prestamos_sector_publico,Costa Rica,,Sector Público,,Programa de Abastecimiento del Área Metropolitana de San José  Acueductos Urbanos II y Alcantarillado Sanitario Juanito Mora de Puntarenas,Fundador
320,2005,,,,Proyecto Plan de Expansión del Sistema de Transmisión Eléctrica de El Salvador.,,,43528347.75,prestamos_sector_publico,El Salvador,,Sector Público,,Proyecto Plan de Expansión del Sistema de Transmisión Eléctrica de El Salvador.,Fundador
321,1995,,,,Proyecto Sistema de Transmisión por Fibra Óptica Radio y Multiplex Digital,,,9534210.0,prestamos_sector_publico,Costa Rica,,Sector Público,,Proyecto Sistema de Transmisión por Fibra Óptica Radio y Multiplex Digital,Fundador
322,2025,,,,Programa de Obras de Saneamiento de Agua Residual,,,565000000.0,prestamos_sector_publico,Costa Rica,,Sector Público,,Programa de Obras de Saneamiento de Agua Residual,Fundador
323,2006,,,,LGC - Instituto Costarricense de Electricidad (ICE) ,,,25000000.0,prestamos_sector_publico,Costa Rica,,Sector Público,,LGC - Instituto Costarricense de Electricidad (ICE) ,Fundador
324,2001,,,,Programa Nacional de Carreteras,,,135000000.0,prestamos_sector_publico,El Salvador,,Sector Público,,Programa Nacional de Carreteras,Fundador
325,2004,,,,Proyecto Sistema de Interconexión Eléctrica para los Países de América Central (SIEPAC),,,40000000.0,prestamos_sector_publico,Costa Rica,,Sector Público,,Proyecto Sistema de Interconexión Eléctrica para los Países de América Central (SIEPAC),Fundador
326,1994,,,,Programa de Infraestructura Social  Agua Potable,,,1500000.0,prestamos_sector_publico,El Salvador,,Sector Público,,Programa de Infraestructura Social  Agua Potable,Fundador
327,1980,,,,Financiar Monto Total o Parcial de las Cuotas de los Gobiernos Centroamericanos Vencidas o No Pagadas al Sieca con el Objeto de Atender la Situación Temporal de Iliquidez.,,,350000.0,prestamos_sector_publico,Guatemala,,Sector Público,,Financiar Monto Total o Parcial de las Cuotas de los Gobiernos Centroamericanos Vencidas o No Pagadas al Sieca con el Objeto de Atender la Situación Temporal de Iliquidez.,Fundador
328,2009,,,,Proyecto Red de Transporte Sobre Fibra Óptica Frontera Frontera,,,48000000.0,prestamos_sector_publico,Costa Rica,,Sector Público,,Proyecto Red de Transporte Sobre Fibra Óptica Frontera Frontera,Fundador
329,1967,,,,Financiamiento Parcial de la Construcción del Tramo Santa Elena - cobán de la Carretera el Rancho Cobán,,,4000000.0,prestamos_sector_publico,Guatemala,,Sector Público,,Financiamiento Parcial de la Construcción del Tramo Santa Elena - cobán de la Carretera el Rancho Cobán,Fundador
330,1981,,,,I Etapa del Proyecto de Desarrollo Comunal en el Departamento de Cabañas,,,4000000.0,prestamos_sector_publico,El Salvador,,Sector Público,,I Etapa del Proyecto de Desarrollo Comunal en el Departamento de Cabañas,Fundador
331,1996,,,,Proyecto Desarrollo Urbano Integrado Orowe Fase II,,,1500000.0,prestamos_sector_publico,Costa Rica,,Sector Público,,Proyecto Desarrollo Urbano Integrado Orowe Fase II,Fundador
332,1972,,,,Reconstrucción del Tramo Comalapa - el Playón - Río Lempa de la Carretera CA2,,,4800000.0,prestamos_sector_publico,El Salvador,,Sector Público,,Reconstrucción del Tramo Comalapa - el Playón - Río Lempa de la Carretera CA2,Fundador
333,1993,,,,Pavimentación y Construcción del Proyecto de Carretera Barúpalmar Norte Fase C en la República de Costa Rica,,,19000000.0,prestamos_sector_publico,Costa Rica,,Sector Público,,Pavimentación y Construcción del Proyecto de Carretera Barúpalmar Norte Fase C en la República de Costa Rica,Fundador
334,2009,,,,Proyecto Sistema Móvil Avanzado (SMA-3G),,,245088573.07,prestamos_sector_publico,Costa Rica,,Sector Público,,Proyecto Sistema Móvil Avanzado (SMA-3G),Fundador
335,1970,,,,Financiar Viviendas Conforme al Programa de Vivienda Media del Banco Centroamericano.,,,400000.0,prestamos_sector_publico,El Salvador,,Sector Público,,Financiar Viviendas Conforme al Programa de Vivienda Media del Banco Centroamericano.,Fundador
336,2021,,,,Proyecto Adquisición y Aplicación de Vacunas COVID-19,,,80000000.0,prestamos_sector_publico,Costa Rica,,Sector Público,,Proyecto Adquisición y Aplicación de Vacunas COVID-19,Fundador
337,2019,,,,Proyecto Construcción  Equipamiento y Puesta en Operación de un Sistema de Tren Rápido de Pasajeros (TRP) en la Gran Área Metropolitana (GAM),,,550000000.0,prestamos_sector_publico,Costa Rica,,Sector Público,,Proyecto Construcción  Equipamiento y Puesta en Operación de un Sistema de Tren Rápido de Pasajeros (TRP) en la Gran Área Metropolitana (GAM),Fundador
338,2002,,,,Programa Integral de Desarrollo en Infraestructura Hospitalaria,,,60000000.0,prestamos_sector_publico,Costa Rica,,Sector Público,,Programa Integral de Desarrollo en Infraestructura Hospitalaria,Fundador
339,1990,,,,LC - Banco Central de Reserva de El Salvador,,,2000000.0,prestamos_sector_publico,El Salvador,,Sector Público,,LC - Banco Central de Reserva de El Salvador,Fundador
340,1980,,,,Proyecto de Desarrollo Integral de Comunidades Rurales en los Departamentos de Huehuetenango San Marcos el Quiché y el Progreso,,,4600000.0,prestamos_sector_publico,Guatemala,,Sector Público,,Proyecto de Desarrollo Integral de Comunidades Rurales en los Departamentos de Huehuetenango San Marcos el Quiché y el Progreso,Fundador
341,2004,,,,Facilidad financiera al Banco Central de Reserva de la República de El Salvador,,,100000000.0,prestamos_sector_publico,El Salvador,,Sector Público,,Facilidad financiera al Banco Central de Reserva de la República de El Salvador,Fundador
342,2014,,,,Incremento LGC - Banco Hipotecario de El Salvador,,,5000000.0,prestamos_sector_publico,El Salvador,,Sector Público,,Incremento LGC - Banco Hipotecario de El Salvador,Fundador
343,1996,,,,Proyecto Ampliación del Servicio Telefónico,,,60000000.0,prestamos_sector_publico,Guatemala,,Sector Público,,Proyecto Ampliación del Servicio Telefónico,Fundador
344,1975,,,,Construcción de un Nuevo Aeropuerto Internacional en el Sur de El Salvador,,,13000000.0,prestamos_sector_publico,El Salvador,,Sector Público,,Construcción de un Nuevo Aeropuerto Internacional en el Sur de El Salvador,Fundador
345,1962,,,,Estudios de Factibilidad de un Proyecto de Explotación de Mineral de Hierro en la Región de Agalteca,,,120000.0,prestamos_sector_publico,Honduras,,Sector Público,,Estudios de Factibilidad de un Proyecto de Explotación de Mineral de Hierro en la Región de Agalteca,Fundador
346,2002,,,,LGC - Fondo Nacional de Vivienda Popular (FONAVIPO),,,7500000.0,prestamos_sector_publico,El Salvador,,Sector Público,,LGC - Fondo Nacional de Vivienda Popular (FONAVIPO),Fundador
347,2023,,,,Programa para la Gestión de Activos de Impacto Nacional,,,400000000.0,prestamos_sector_publico,Costa Rica,,Sector Público,,Programa para la Gestión de Activos de Impacto Nacional,Fundador
348,2025,,,,Torre de Cuidados Críticos y Obras Complementarias del Hospital Nacional de Niños,,,250000000.0,prestamos_sector_publico,Costa Rica,,Sector Público,,Torre de Cuidados Críticos y Obras Complementarias del Hospital Nacional de Niños,Fundador
349,2006,,,,Programa de Fortalecimiento y Modernización de los Servicios Eléctricos de Cartago,,,13777000.0,prestamos_sector_publico,Costa Rica,,Sector Público,,Programa de Fortalecimiento y Modernización de los Servicios Eléctricos de Cartago,Fundador
350,1975,,,,Proyecto de Construcción de la Interconexión de la Carretera CA-1 a la Ciudad de Santa Ana El Salvador,,,920000.0,prestamos_sector_publico,El Salvador,,Sector Público,,Proyecto de Construcción de la Interconexión de la Carretera CA-1 a la Ciudad de Santa Ana El Salvador,Fundador
351,2007,,,,Préstamo - Proyecto Hidroeléctrico Pirrís,,,35000000.0,prestamos_sector_publico,Costa Rica,,Sector Público,,Préstamo - Proyecto Hidroeléctrico Pirrís,Fundador
352,2022,,,,Programa de Emergencia para la Reconstrucción Integral y Resiliente de Infraestructura - PROERI,,,700000000.0,prestamos_sector_publico,Costa Rica,,Sector Público,,Programa de Emergencia para la Reconstrucción Integral y Resiliente de Infraestructura - PROERI,Fundador
353,2016,,,,LGC - Fondo Social para la Vivienda (FSV),,,40000000.0,prestamos_sector_publico,El Salvador,,Sector Público,,LGC - Fondo Social para la Vivienda (FSV),Fundador
354,2005,,,,Incremento LGC - Fondo Nacional de Vivienda Popular (FONAVIPO),,,10000000.0,prestamos_sector_publico,El Salvador,,Sector Público,,Incremento LGC - Fondo Nacional de Vivienda Popular (FONAVIPO),Fundador
355,1978,,,,Completar el Construcción y Supervisión a Nivel de Pavimento de la Carretera Terrón Coloradolos Chiles,,,5820000.0,prestamos_sector_publico,Costa Rica,,Sector Público,,Completar el Construcción y Supervisión a Nivel de Pavimento de la Carretera Terrón Coloradolos Chiles,Fundador
356,2014,,,,Incremento LGC - Banco Popular y de Desarrollo Comunal,,,50000000.0,prestamos_sector_publico,Costa Rica,,Sector Público,,Incremento LGC - Banco Popular y de Desarrollo Comunal,Fundador
357,2008,,,,Línea de Crédito - Comisión Ejecutiva Hidroeléctrica del Río Lempa (CEL),,,40000000.0,prestamos_sector_publico,El Salvador,,Sector Público,,Línea de Crédito - Comisión Ejecutiva Hidroeléctrica del Río Lempa (CEL),Fundador
358,1992,,,,Proyecto Rehabilitación de Acueductos y Alcantarillados de la Provincia de Limón,,,5300000.0,prestamos_sector_publico,Costa Rica,,Sector Público,,Proyecto Rehabilitación de Acueductos y Alcantarillados de la Provincia de Limón,Fundador
359,1995,,,,Proyecto Adquisición de Centrales Telefónicas Digitales (55 000 líneas) para el Area Metropolitana,,,9080700.0,prestamos_sector_publico,Costa Rica,,Sector Público,,Proyecto Adquisición de Centrales Telefónicas Digitales (55 000 líneas) para el Area Metropolitana,Fundador
360,1969,,,,Fondos Destinados Exclusivamente a Completar la Financiación de los Estudios Finales de Ingeniería de la Carretera Marcala -Tutele - La Paz,,,62000.0,prestamos_sector_publico,Honduras,,Sector Público,,Fondos Destinados Exclusivamente a Completar la Financiación de los Estudios Finales de Ingeniería de la Carretera Marcala -Tutele - La Paz,Fundador
361,1996,,,,Proyecto de Rehabilitación del Sistema de Agua Potable Zona Norte y Otras Plantas Complementarias,,,14700000.0,prestamos_sector_publico,El Salvador,,Sector Público,,Proyecto de Rehabilitación del Sistema de Agua Potable Zona Norte y Otras Plantas Complementarias,Fundador
362,2023,,,,LC - Instituto Costarricense de Electricidad (ICE),,,150000000.0,prestamos_sector_publico,Costa Rica,,Sector Público,,LC - Instituto Costarricense de Electricidad (ICE),Fundador
363,1993,,,,Segunda Etapa de Edificaciones de la Zona Franca San Marcos Localizado en el Municipio de San Marcos  San Salvador,,,1819000.0,prestamos_sector_publico,El Salvador,,Sector Público,,Segunda Etapa de Edificaciones de la Zona Franca San Marcos Localizado en el Municipio de San Marcos  San Salvador,Fundador
364,2010,,,,Financiamiento para el desarrollo del proyecto Nuevo Parque de Almacenamiento de Gas Licuado de Petróleo (GLP),,,93408958.0,prestamos_sector_publico,Costa Rica,,Sector Público,,Financiamiento para el desarrollo del proyecto Nuevo Parque de Almacenamiento de Gas Licuado de Petróleo (GLP),Fundador
365,2008,,,,LGC - Para el financiamiento de operaciones de comercio exterior consistentes en la adquisición de hidrocarburos,,,25000000.0,prestamos_sector_publico,Costa Rica,,Sector Público,,LGC - Para el financiamiento de operaciones de comercio exterior consistentes en la adquisición de hidrocarburos,Fundador
366,1982,,,,Plan de Desarrollo Metropolitano de la Ciudad de Guatemala,,,1100000.0,prestamos_sector_publico,Guatemala,,Sector Público,,Plan de Desarrollo Metropolitano de la Ciudad de Guatemala,Fundador
367,1995,,,,Programa de Saneamiento Básico Rural II,,,1000000.0,prestamos_sector_publico,Guatemala,,Sector Público,,Programa de Saneamiento Básico Rural II,Fundador
368,1972,,,,Completar la Financiación de la Construcción del Tramo Jocoaitique - Perquín de la Carretera CA7,,,1250000.0,prestamos_sector_publico,El Salvador,,Sector Público,,Completar la Financiación de la Construcción del Tramo Jocoaitique - Perquín de la Carretera CA7,Fundador
369,1992,,,,Proyecto Mejoramiento y Ampliación del Sistema Telefónico de la República de Costa Rica,,,18000000.0,prestamos_sector_publico,Costa Rica,,Sector Público,,Proyecto Mejoramiento y Ampliación del Sistema Telefónico de la República de Costa Rica,Fundador
370,2012,,,,Incremento Prestamo - Programa de Abastecimiento del Área Metropolitana de San José  Acueductos Urbanos y Alcantarillado Sanitario de Puerto Viejo de Limón,,,35000000.0,prestamos_sector_publico,Costa Rica,,Sector Público,,Incremento Prestamo - Programa de Abastecimiento del Área Metropolitana de San José  Acueductos Urbanos y Alcantarillado Sanitario de Puerto Viejo de Limón,Fundador
371,1996,,,,LC - Banco Multisectorial De Inversiones,,,10000000.0,prestamos_sector_publico,El Salvador,,Sector Público,,LC - Banco Multisectorial De Inversiones,Fundador
372,2006,,,,LGC - Banco Hipotecario de El Salvador,,,15000000.0,prestamos_sector_publico,El Salvador,,Sector Público,,LGC - Banco Hipotecario de El Salvador,Fundador
373,2022,,,,Programa Temporal de Apoyo ante la Crisis de los Combustibles en El Salvador,,,220000000.0,prestamos_sector_publico,El Salvador,,Sector Público,,Programa Temporal de Apoyo ante la Crisis de los Combustibles en El Salvador,Fundador
374,1971,,,,Adquisición de Dos Locomotoras Diesel Eléctricas con sus Correspondientes Repuestos y Accesorios y al Financiamiento Adicional del Costo de Estudios de Evaluación General de la Empresa,,,500000.0,prestamos_sector_publico,Honduras,,Sector Público,,Adquisición de Dos Locomotoras Diesel Eléctricas con sus Correspondientes Repuestos y Accesorios y al Financiamiento Adicional del Costo de Estudios de Evaluación General de la Empresa,Fundador
375,2021,,,,Programa de Vivienda y Vida Digna (PROVIDA) - Fondo Social para la Vivienda,,,50000000.0,prestamos_sector_publico,El Salvador,,Sector Público,,Programa de Vivienda y Vida Digna (PROVIDA) - Fondo Social para la Vivienda,Fundador
376,2007,,,,Comisión Ejecutiva Hidroeléctrica del Río Lempa (Cel). Cadenas Productivas,,,1500000.0,prestamos_sector_publico,El Salvador,,Sector Público,,Comisión Ejecutiva Hidroeléctrica del Río Lempa (Cel). Cadenas Productivas,Fundador
377,1988,,,,Participación por Parte del Prestatario en el Programa de Rehabilitación de la Pequeña y Mediana Industria.,,,1000000.0,prestamos_sector_publico,El Salvador,,Sector Público,,Participación por Parte del Prestatario en el Programa de Rehabilitación de la Pequeña y Mediana Industria.,Fundador
378,1973,,,,Completar el Pago de un Estudio de Factibilidad para la Instalación de un Mercado de Mayoreo en la Ciudad de Guatemala,,,59000.0,prestamos_sector_publico,Guatemala,,Sector Público,,Completar el Pago de un Estudio de Factibilidad para la Instalación de un Mercado de Mayoreo en la Ciudad de Guatemala,Fundador
379,1969,,,,Proyecto de la Arteria Regional de Telecomunicaciones en la Parte que Corresponde a la República de El Salvador,,,2700000.0,prestamos_sector_publico,El Salvador,,Sector Público,,Proyecto de la Arteria Regional de Telecomunicaciones en la Parte que Corresponde a la República de El Salvador,Fundador
380,2007,,,,Proyecto Central Térmica Talnique,,,13000000.0,prestamos_sector_publico,El Salvador,,Sector Público,,Proyecto Central Térmica Talnique,Fundador
381,1997,,,,Participación en el Fideicomiso de Inversión (Proyecto Angustura),,,73301000.0,prestamos_sector_publico,Costa Rica,,Sector Público,,Participación en el Fideicomiso de Inversión (Proyecto Angustura),Fundador
382,1981,,,,Estudio de Preinversión del Proyecto Estudio Sobre el Futuro del Sistema Ferroviario de El Salvador,,,1950000.0,prestamos_sector_publico,El Salvador,,Sector Público,,Estudio de Preinversión del Proyecto Estudio Sobre el Futuro del Sistema Ferroviario de El Salvador,Fundador
383,2014,,,,Programa de Desarrollo Eléctrico ICE 2014-2016,,,180000000.0,prestamos_sector_publico,Costa Rica,,Sector Público,,Programa de Desarrollo Eléctrico ICE 2014-2016,Fundador
384,2008,,,,Programa de Vías Suburbanas y Caminos Rurales,,,32605000.0,prestamos_sector_publico,El Salvador,,Sector Público,,Programa de Vías Suburbanas y Caminos Rurales,Fundador
385,1974,,,,Proyecto Hidroeléctrico de Pueblo Viejo (Chixoy Medio),,,2400000.0,prestamos_sector_publico,Guatemala,,Sector Público,,Proyecto Hidroeléctrico de Pueblo Viejo (Chixoy Medio),Fundador
386,2001,,,,Préstamo Multisectorial de Emergencia,,,75000000.0,prestamos_sector_publico,El Salvador,,Sector Público,,Préstamo Multisectorial de Emergencia,Fundador
387,1994,,,,Ruta CA-13 - Tramo Modesto Mendez - San Luis,,,16133400.0,prestamos_sector_publico,Guatemala,,Sector Público,,Ruta CA-13 - Tramo Modesto Mendez - San Luis,Fundador
388,2019,,,,Proyecto Construcción de Viaducto y Ampliación de Carretera CA01W (Tramo Los Chorros),,,245824129.0,prestamos_sector_publico,El Salvador,,Sector Público,,Proyecto Construcción de Viaducto y Ampliación de Carretera CA01W (Tramo Los Chorros),Fundador
389,1989,,,,Construcción del Proyecto Hidroeléctrico Río Bobos,,,5000000.0,prestamos_sector_publico,Guatemala,,Sector Público,,Construcción del Proyecto Hidroeléctrico Río Bobos,Fundador
390,1991,,,,LC - Banco Central de Reserva de El Salvador,,,1000000.0,prestamos_sector_publico,El Salvador,,Sector Público,,LC - Banco Central de Reserva de El Salvador,Fundador
391,2005,,,,Línea de crédito revolvente al Banco Central de Costa Rica,,,150000000.0,prestamos_sector_publico,Costa Rica,,Sector Público,,Línea de crédito revolvente al Banco Central de Costa Rica,Fundador
392,1990,,,,Proyectos Red Regional Digital de Telecomunicaciones Centroamericanas y Ruta Nacional del Sur y Alterna Regional,,,9600000.0,prestamos_sector_publico,El Salvador,,Sector Público,,Proyectos Red Regional Digital de Telecomunicaciones Centroamericanas y Ruta Nacional del Sur y Alterna Regional,Fundador
393,1993,,,,Programa de desarrollo de la enseñanza técnica productiva para la región Huetar Norte De Costa Rica,,,1000000.0,prestamos_sector_publico,Costa Rica,,Sector Público,,Programa de desarrollo de la enseñanza técnica productiva para la región Huetar Norte De Costa Rica,Fundador
394,1995,,,,Proyecto Carretera a San Salvador San Miguel II Etapa,,,4900000.0,prestamos_sector_publico,El Salvador,,Sector Público,,Proyecto Carretera a San Salvador San Miguel II Etapa,Fundador
395,1987,,,,Fase Inicial del Programa Nacional de Riego y Drenaje ,,,4000000.0,prestamos_sector_publico,El Salvador,,Sector Público,,Fase Inicial del Programa Nacional de Riego y Drenaje ,Fundador
396,1969,,,,Construcción Incluyendo Pavimento de la Carretera Santa Ana - Metapán - Anguiatú (CA12),,,4000000.0,prestamos_sector_publico,El Salvador,,Sector Público,,Construcción Incluyendo Pavimento de la Carretera Santa Ana - Metapán - Anguiatú (CA12),Fundador
397,1980,,,,Compra de Hipotecas Y/o Títulos Hipotecarios Conforme a las Politicas del Programa de Vivienda Media Baja del Banco Vigentes a la Fecha de cada Desembolso.,,,5000000.0,prestamos_sector_publico,El Salvador,,Sector Público,,Compra de Hipotecas Y/o Títulos Hipotecarios Conforme a las Politicas del Programa de Vivienda Media Baja del Banco Vigentes a la Fecha de cada Desembolso.,Fundador
398,2010,,,,Programa Nacional de Desarrollo Rural y Empresarial (PRONADEM) - Ministerio de Agricultura y Ganadería (MAG),,,4285000.0,prestamos_sector_publico,Costa Rica,,Sector Público,,Programa Nacional de Desarrollo Rural y Empresarial (PRONADEM) - Ministerio de Agricultura y Ganadería (MAG),Fundador
399,2013,,,,Proyecto Planta Fotovoltaica 15 de Septiembre,,,15000000.0,prestamos_sector_publico,El Salvador,,Sector Público,,Proyecto Planta Fotovoltaica 15 de Septiembre,Fundador
400,1994,,,,Programa de Rehabilitación de Chimaltenango y Sololá,,,30000000.0,prestamos_sector_publico,Guatemala,,Sector Público,,Programa de Rehabilitación de Chimaltenango y Sololá,Fundador
401,2007,,,,Incremento LGC - Banco de Fomento Agropecuario (BFA),,,10000000.0,prestamos_sector_publico,El Salvador,,Sector Público,,Incremento LGC - Banco de Fomento Agropecuario (BFA),Fundador
402,1975,,,,Proyectos Dentro de los Sectores de la Industria la Agroindustria el Turismo y la Minería.,,,200000.0,prestamos_sector_publico,Guatemala,,Sector Público,,Proyectos Dentro de los Sectores de la Industria la Agroindustria el Turismo y la Minería.,Fundador
403,1998,,,,Programa de Rehabilitación de Vías Primarias,,,100000000.0,prestamos_sector_publico,Guatemala,,Sector Público,,Programa de Rehabilitación de Vías Primarias,Fundador
404,1977,,,,Proyecto de la Zona de Exportación San Bartolo Adyacente al Aeropuerto Internacional Ilopango,,,11500000.0,prestamos_sector_publico,El Salvador,,Sector Público,,Proyecto de la Zona de Exportación San Bartolo Adyacente al Aeropuerto Internacional Ilopango,Fundador
405,1980,,,,Financiar Parcialmente las Construcciones Adquisición de Maquinaria y Equipo y Supervisión para la Ampliación del Sistema Telefónico de Tegucigalpa y de la Red Regional del Norte,,,13300000.0,prestamos_sector_publico,Honduras,,Sector Público,,Financiar Parcialmente las Construcciones Adquisición de Maquinaria y Equipo y Supervisión para la Ampliación del Sistema Telefónico de Tegucigalpa y de la Red Regional del Norte,Fundador
406,2005,,,,Banco Central de Reserva. Apertura de LGC,,,150000000.0,prestamos_sector_publico,El Salvador,,Sector Público,,Banco Central de Reserva. Apertura de LGC,Fundador
407,1974,,,,Proyecto Autopistas Metropolitanas de San Salvador,,,1050000.0,prestamos_sector_publico,El Salvador,,Sector Público,,Proyecto Autopistas Metropolitanas de San Salvador,Fundador
408,1971,,,,LC - Instituto Salvadoreño de Fomento Industrial,,,1600000.0,prestamos_sector_publico,El Salvador,,Sector Público,,LC - Instituto Salvadoreño de Fomento Industrial,Fundador
409,2008,,,,Incremento - Programa de Fortalecimiento y Modernización de los Servicios Eléctricos de Cartago,,,5390000.0,prestamos_sector_publico,Costa Rica,,Sector Público,,Incremento - Programa de Fortalecimiento y Modernización de los Servicios Eléctricos de Cartago,Fundador
410,1974,,,,Proyecto Hidroeléctrico del Pueblo Viejo (Chixoy Medio) a Generar 230 Mw Además de Gastos del Asentamiento del Personal a ser Empleado en la Primera Etapa,,,5400000.0,prestamos_sector_publico,Guatemala,,Sector Público,,Proyecto Hidroeléctrico del Pueblo Viejo (Chixoy Medio) a Generar 230 Mw Además de Gastos del Asentamiento del Personal a ser Empleado en la Primera Etapa,Fundador
411,2015,,,,Proyecto Mercado Regional Mayorista de la Región Chorotega,,,48025574.58,prestamos_sector_publico,Costa Rica,,Sector Público,,Proyecto Mercado Regional Mayorista de la Región Chorotega,Fundador
412,1969,,,,Adquisición de Equipo de Enseñanza y Laboratorio para la Facultad de Medicina de la Universidad,,,550000.0,prestamos_sector_publico,El Salvador,,Sector Público,,Adquisición de Equipo de Enseñanza y Laboratorio para la Facultad de Medicina de la Universidad,Fundador
413,2017,,,,Construcción de la Central Hidroeléctrica El Chaparral,,,176000000.0,prestamos_sector_publico,El Salvador,,Sector Público,,Construcción de la Central Hidroeléctrica El Chaparral,Fundador
414,1970,,,,Financiamiento de los Estudios Finales de Ingeniería del Programa Nacional de Almacenamiento de Granos Básicos de Compra del Gobierno de la República de Guatemala,,,150000.0,prestamos_sector_publico,Guatemala,,Sector Público,,Financiamiento de los Estudios Finales de Ingeniería del Programa Nacional de Almacenamiento de Granos Básicos de Compra del Gobierno de la República de Guatemala,Fundador
415,1979,,,,LC - Banco Central de Costa Rica,,,1000000.0,prestamos_sector_publico,Costa Rica,,Sector Público,,LC - Banco Central de Costa Rica,Fundador
416,1982,,,,Compra de Hipotecas Y/o Titulos Hipotecarios Constituidos Sobre Viviendas Elegibles Conforme a las Politicas del Programa de Vivienda del Banco Vigentes a la Fecha de cada Desembolso.,,,14100000.0,prestamos_sector_publico,El Salvador,,Sector Público,,Compra de Hipotecas Y/o Titulos Hipotecarios Constituidos Sobre Viviendas Elegibles Conforme a las Politicas del Programa de Vivienda del Banco Vigentes a la Fecha de cada Desembolso.,Fundador
417,2015,,,,Incremento LGC - Banco de Desarrollo de El Salvador (BANDESAL),,,48092000.0,prestamos_sector_publico,El Salvador,,Sector Público,,Incremento LGC - Banco de Desarrollo de El Salvador (BANDESAL),Fundador
418,1997,,,,LC - Banco Nacional de Costa Rica,,,10000000.0,prestamos_sector_publico,Costa Rica,,Sector Público,,LC - Banco Nacional de Costa Rica,Fundador
419,1998,,,,Proyecto Complejo de Tecnología Avanzada del Instituto Tecnológico de Costa Rica,,,22522757.0,prestamos_sector_publico,Costa Rica,,Sector Público,,Proyecto Complejo de Tecnología Avanzada del Instituto Tecnológico de Costa Rica,Fundador
420,1972,,,,Autoriza Compra De Hipotecas Al Banco Hipotecario  S.A,,,200000.0,prestamos_sector_publico,Honduras,,Sector Público,,Autoriza Compra De Hipotecas Al Banco Hipotecario  S.A,Fundador
421,2015,,,,Incremento LGC - Banco Hipotecario de El Salvador,,,16000000.0,prestamos_sector_publico,El Salvador,,Sector Público,,Incremento LGC - Banco Hipotecario de El Salvador,Fundador
422,1977,,,,Construcción y Supervisión de las Obras para el Interconector Regional de las Rutas CA12 y CA1 en la Ciudad de Santa Ana,,,2600000.0,prestamos_sector_publico,El Salvador,,Sector Público,,Construcción y Supervisión de las Obras para el Interconector Regional de las Rutas CA12 y CA1 en la Ciudad de Santa Ana,Fundador
423,2001,,,,Proyecto Modernización y Reactivación del Mercado Central del Área Metropolitana de San Salvador,,,7400000.0,prestamos_sector_publico,El Salvador,,Sector Público,,Proyecto Modernización y Reactivación del Mercado Central del Área Metropolitana de San Salvador,Fundador
424,2012,,,,Proyecto Hidroeléctrico Reventazón,,,225000000.0,prestamos_sector_publico,Costa Rica,,Sector Público,,Proyecto Hidroeléctrico Reventazón,Fundador
425,2016,,,,Programa de Modernización de la Infraestructura Portuaria del Puerto de Moín,,,82722413.0,prestamos_sector_publico,Costa Rica,,Sector Público,,Programa de Modernización de la Infraestructura Portuaria del Puerto de Moín,Fundador
426,2002,,,,Proyecto Servicios de Desarrollo Empresarial para la Microempresa Pequeña y Mediana Empresa de Guatemala,,,30000000.0,prestamos_sector_publico,Guatemala,,Sector Público,,Proyecto Servicios de Desarrollo Empresarial para la Microempresa Pequeña y Mediana Empresa de Guatemala,Fundador
427,2004,,,,Programa de Construcción de Puentes Permanentes,,,37635000.0,prestamos_sector_publico,Guatemala,,Sector Público,,Programa de Construcción de Puentes Permanentes,Fundador
428,1980,,,,Estudio de factibilidad Para Carreteras El Portezuelo-Atiquizaya-Las Chinamas-El Jobo; San Miguel-San Francisco Gotera-Agua Salada; San Miguel-Sirama(Ca-1),,,900000.0,prestamos_sector_publico,El Salvador,,Sector Público,,Estudio de factibilidad Para Carreteras El Portezuelo-Atiquizaya-Las Chinamas-El Jobo; San Miguel-San Francisco Gotera-Agua Salada; San Miguel-Sirama(Ca-1),Fundador
429,2006,,,,Proyecto Planta Geotérmica Las Pailas,,,160000000.0,prestamos_sector_publico,Costa Rica,,Sector Público,,Proyecto Planta Geotérmica Las Pailas,Fundador
430,1985,,,,Completar el Proyecto Interconexión Eléctrica Guatemala - El Salvador,,,1980000.0,prestamos_sector_publico,El Salvador,,Sector Público,,Completar el Proyecto Interconexión Eléctrica Guatemala - El Salvador,Fundador
431,2002,,,,Proyecto Introducción de la Informática Educativa en la Enseñanza Primaria del Sistema Oficial en Guatemala,,,10467835.0,prestamos_sector_publico,Guatemala,,Sector Público,,Proyecto Introducción de la Informática Educativa en la Enseñanza Primaria del Sistema Oficial en Guatemala,Fundador
432,2012,,,,Programa de Fortalecimiento del Sistema Penitenciario en El Salvador,,,71000000.0,prestamos_sector_publico,El Salvador,,Sector Público,,Programa de Fortalecimiento del Sistema Penitenciario en El Salvador,Fundador
433,1973,,,,Presa Linea e Conducción y Ampliación de una Planta de Tratamiento en los Laureles,,,250000.0,prestamos_sector_publico,Honduras,,Sector Público,,Presa Linea e Conducción y Ampliación de una Planta de Tratamiento en los Laureles,Fundador
434,1974,,,,Instalación y Rehabilitación de las Redes Externas y Centrales Telefónicas de las Ciudades de Tegucigalpa y San Pedro Sula y la Ampliación de los Sistemas de Transmisión,,,1200000.0,prestamos_sector_publico,Honduras,,Sector Público,,Instalación y Rehabilitación de las Redes Externas y Centrales Telefónicas de las Ciudades de Tegucigalpa y San Pedro Sula y la Ampliación de los Sistemas de Transmisión,Fundador
435,1977,,,,Financiar Costos Adicionales De Los Estudios Correspondientes A Los Proyectos Que Aparecen En La Resolucion No. Di-99/75,,,1490000.0,prestamos_sector_publico,Guatemala,,Sector Público,,Financiar Costos Adicionales De Los Estudios Correspondientes A Los Proyectos Que Aparecen En La Resolucion No. Di-99/75,Fundador
436,2024,,,,Programa Surf City - Fase I,,,113900000.0,prestamos_sector_publico,El Salvador,,Sector Público,,Programa Surf City - Fase I,Fundador
437,1994,,,,Programa de Infraestructura Social de Educacion Parvularia y Básica,,,1500000.0,prestamos_sector_publico,El Salvador,,Sector Público,,Programa de Infraestructura Social de Educacion Parvularia y Básica,Fundador
438,1980,,,,Financiar las Obras del tramo tres y Obras Complementarias en los tramos uno B y C y tramo dos de la Vía de Interconexión entre las Rutas CA1 y CA9 (Anillo Periférico),,,6090000.0,prestamos_sector_publico,Guatemala,,Sector Público,,Financiar las Obras del tramo tres y Obras Complementarias en los tramos uno B y C y tramo dos de la Vía de Interconexión entre las Rutas CA1 y CA9 (Anillo Periférico),Fundador
439,1976,,,,Segunda Etapa de la Red Regional de Telecomunicaciones en la Parte que Corresponde a la República de El Salvador,,,4300000.0,prestamos_sector_publico,El Salvador,,Sector Público,,Segunda Etapa de la Red Regional de Telecomunicaciones en la Parte que Corresponde a la República de El Salvador,Fundador
440,2008,,,,Proyecto Central Hidroeléctrica El Chaparral,,,23000000.0,prestamos_sector_publico,El Salvador,,Sector Público,,Proyecto Central Hidroeléctrica El Chaparral,Fundador
441,2000,,,,Proyecto  Ampliación de la Red Celular,,,11290800.0,prestamos_sector_publico,Costa Rica,,Sector Público,,Proyecto  Ampliación de la Red Celular,Fundador
442,1994,,,,Estudio para la Expansion de la Central Hidroelectrica 5 de Noviembre,,,2625000.0,prestamos_sector_publico,El Salvador,,Sector Público,,Estudio para la Expansion de la Central Hidroelectrica 5 de Noviembre,Fundador
443,2020,,,,Programa de Construcción de Infraestructura y Rescate de Escenarios Deportivos a Nivel Nacional (PRODEPORTE),,,115200000.0,prestamos_sector_publico,El Salvador,,Sector Público,,Programa de Construcción de Infraestructura y Rescate de Escenarios Deportivos a Nivel Nacional (PRODEPORTE),Fundador
444,1997,,,,Proyecto Carretera Vado Hondo - El Florido (Ruta CA-11),,,34845100.0,prestamos_sector_publico,Guatemala,,Sector Público,,Proyecto Carretera Vado Hondo - El Florido (Ruta CA-11),Fundador
445,1978,,,,Financiar Consultoría Externa para el Diseño Final y la Preparación de Documentos de Licitación y Supervisión del Montaje de la Línea de Transmisión Guatemala Sur  Guatemala Norte,,,90000.0,prestamos_sector_publico,Guatemala,,Sector Público,,Financiar Consultoría Externa para el Diseño Final y la Preparación de Documentos de Licitación y Supervisión del Montaje de la Línea de Transmisión Guatemala Sur  Guatemala Norte,Fundador
446,2007,,,,Proyecto Central Térmica Talnique,,,42000000.0,prestamos_sector_publico,El Salvador,,Sector Público,,Proyecto Central Térmica Talnique,Fundador
447,1978,,,,Costo de Tres Estudios de Factibilidad Sobre el Cultivo y Procesamiento de la Palma Africana el Cultivo del Cacao y el Cultivo de Cítricos,,,330000.0,prestamos_sector_publico,Honduras,,Sector Público,,Costo de Tres Estudios de Factibilidad Sobre el Cultivo y Procesamiento de la Palma Africana el Cultivo del Cacao y el Cultivo de Cítricos,Fundador
448,2019,,,,Incremento LGC - Fondo Social para la Vivienda (FSV),,,60000000.0,prestamos_sector_publico,El Salvador,,Sector Público,,Incremento LGC - Fondo Social para la Vivienda (FSV),Fundador
449,2008,,,, LFP - Municipalidad de Guatemala,,,1000000.0,prestamos_sector_publico,Guatemala,,Sector Público,, LFP - Municipalidad de Guatemala,Fundador
450,1996,,,,Proyecto Reconstrucción y Equipamiento del Hospital General del ISSS,,,33300000.0,prestamos_sector_publico,El Salvador,,Sector Público,,Proyecto Reconstrucción y Equipamiento del Hospital General del ISSS,Fundador
451,2008,,,,Programa de Obras Eléctricas 2008-2009,,,65000000.0,prestamos_sector_publico,Costa Rica,,Sector Público,,Programa de Obras Eléctricas 2008-2009,Fundador
452,2011,,,,LC - Banco Central de Reserva de El Salvador (BCR),,,100000000.0,prestamos_sector_publico,El Salvador,,Sector Público,,LC - Banco Central de Reserva de El Salvador (BCR),Fundador
453,1995,,,,LC - Banco de Costa Rica,,,13000000.0,prestamos_sector_publico,Costa Rica,,Sector Público,,LC - Banco de Costa Rica,Fundador
454,2014,,,,Proyecto de Apoyo a la Inversión Productiva y Social,,,100000000.0,prestamos_sector_publico,El Salvador,,Sector Público,,Proyecto de Apoyo a la Inversión Productiva y Social,Fundador
455,2014,,,,Emisión de garantías bancarias de cumplimiento a la Comisión Ejecutiva Hidroeléctrica del Río Lempa (CEL),,,22000000.0,prestamos_sector_publico,El Salvador,,Sector Público,,Emisión de garantías bancarias de cumplimiento a la Comisión Ejecutiva Hidroeléctrica del Río Lempa (CEL),Fundador
456,1994,,,,Proyecto Telofonía Rural I Etapa,,,64262000.0,prestamos_sector_publico,El Salvador,,Sector Público,,Proyecto Telofonía Rural I Etapa,Fundador
457,1994,,,,Sustitución y Mejoramiento del Servicio Telefónico en las Áreas de las Centrales Analógicas de San Salvador,,,50000000.0,prestamos_sector_publico,El Salvador,,Sector Público,,Sustitución y Mejoramiento del Servicio Telefónico en las Áreas de las Centrales Analógicas de San Salvador,Fundador
458,2017,,,,Segundo Circuito del Sistema de Interconexión Eléctrica para los Países de América Central (SIEPAC II),,,128000000.0,prestamos_sector_publico,Costa Rica,,Sector Público,,Segundo Circuito del Sistema de Interconexión Eléctrica para los Países de América Central (SIEPAC II),Fundador
459,1990,,,,Proyectos de Rehabilitación y Mejoramiento de Varios Tramos de Carretera,,,2300000.0,prestamos_sector_publico,Guatemala,,Sector Público,,Proyectos de Rehabilitación y Mejoramiento de Varios Tramos de Carretera,Fundador
460,1971,,,,Carretera Puerto Cortés - Frontera de Guatemala Ruta CA13,,,1500000.0,prestamos_sector_publico,Honduras,,Sector Público,,Carretera Puerto Cortés - Frontera de Guatemala Ruta CA13,Fundador
461,2013,,,,Proyectos Ampliación de la Carretera al Puerto de La Libertad Tramos II y III y Construcción de los Puentes sobre los Ríos Anguiatú y Paz,,,144708600.0,prestamos_sector_publico,El Salvador,,Sector Público,,Proyectos Ampliación de la Carretera al Puerto de La Libertad Tramos II y III y Construcción de los Puentes sobre los Ríos Anguiatú y Paz,Fundador
462,1998,,,,Programa Carreteras Turísticas y de la Oportunidad,,,45300000.0,prestamos_sector_publico,Guatemala,,Sector Público,,Programa Carreteras Turísticas y de la Oportunidad,Fundador
463,1984,,,,Financiar Parcialmente las Construcciones Adquisición de Maquinaria  Equipo y Supervisión para la Ampliación del Sistema Telefónico de Tegucigalpa y de la Red Regional del Norte,,,7600000.0,prestamos_sector_publico,Honduras,,Sector Público,,Financiar Parcialmente las Construcciones Adquisición de Maquinaria  Equipo y Supervisión para la Ampliación del Sistema Telefónico de Tegucigalpa y de la Red Regional del Norte,Fundador
464,1979,,,,Costo de los Estudios para el Plan de Desarrollo del Sistema Electrico de la Comision Ejecutiva Hidroelectrica del Rio Lempa (Cel) para el Periodo 1982/2000,,,1000000.0,prestamos_sector_publico,El Salvador,,Sector Público,,Costo de los Estudios para el Plan de Desarrollo del Sistema Electrico de la Comision Ejecutiva Hidroelectrica del Rio Lempa (Cel) para el Periodo 1982/2000,Fundador
465,1981,,,,Participación por Parte del Prestatario en el Programa de Agroempresas Rurales del Banco.,,,500000.0,prestamos_sector_publico,Honduras,,Sector Público,,Participación por Parte del Prestatario en el Programa de Agroempresas Rurales del Banco.,Fundador
466,2010,,,,Incremento LGC - Fondo Nacional de Vivienda Popular (FONAVIPO),,,50000000.0,prestamos_sector_publico,El Salvador,,Sector Público,,Incremento LGC - Fondo Nacional de Vivienda Popular (FONAVIPO),Fundador
467,1988,,,,Mejoramiento y Reconstrucción de la Carretera San Salvador - San Miguel  II Etapa  Tramo No 2  Desvío Santiago de María - San Miguel,,,8400000.0,prestamos_sector_publico,El Salvador,,Sector Público,,Mejoramiento y Reconstrucción de la Carretera San Salvador - San Miguel  II Etapa  Tramo No 2  Desvío Santiago de María - San Miguel,Fundador
468,1981,,,,Compra de Hipotecas Y/o Titulos Hipotecarios Conforme a las Politicas del Programa de Vivienda Media Baja del Banco Vigentes a la Fecha de cada Desembolso.,,,3000000.0,prestamos_sector_publico,El Salvador,,Sector Público,,Compra de Hipotecas Y/o Titulos Hipotecarios Conforme a las Politicas del Programa de Vivienda Media Baja del Banco Vigentes a la Fecha de cada Desembolso.,Fundador
469,2010,,,,Programa de Obras Estratégicas de Infraestructura Vial,,,85000000.0,prestamos_sector_publico,Costa Rica,,Sector Público,,Programa de Obras Estratégicas de Infraestructura Vial,Fundador
470,1976,,,,Construcción del Tramo Final Calzada Roosevelt - Garita de Policía de la Ruta CA1,,,2800000.0,prestamos_sector_publico,Guatemala,,Sector Público,,Construcción del Tramo Final Calzada Roosevelt - Garita de Policía de la Ruta CA1,Fundador
471,2017,,,,Programa Integral de Seguridad y Conservación del Monumento Histórico Teatro Nacional de Costa Rica,,,31330000.0,prestamos_sector_publico,Costa Rica,,Sector Público,,Programa Integral de Seguridad y Conservación del Monumento Histórico Teatro Nacional de Costa Rica,Fundador
472,2020,,,,Financiamiento Parcial Medidas Económicas Compensatorias Implementadas por Emergencia COVID-19,,,50000000.0,prestamos_sector_publico,El Salvador,,Sector Público,,Financiamiento Parcial Medidas Económicas Compensatorias Implementadas por Emergencia COVID-19,Fundador
473,1968,,,,Construcción de la Carretera Padre Miguel - Anguiatú (CA12),,,1067000.0,prestamos_sector_publico,Guatemala,,Sector Público,,Construcción de la Carretera Padre Miguel - Anguiatú (CA12),Fundador
474,2001,,,,Programa de Apoyo al Desarrollo de los Departamentos de Chimaltenango Sololá y Totonicapán,,,30000000.0,prestamos_sector_publico,Guatemala,,Sector Público,,Programa de Apoyo al Desarrollo de los Departamentos de Chimaltenango Sololá y Totonicapán,Fundador
475,2011,,,,Proyecto de Ampliación de la Planta Hidroeléctrica Cachí,,,140000000.0,prestamos_sector_publico,Costa Rica,,Sector Público,,Proyecto de Ampliación de la Planta Hidroeléctrica Cachí,Fundador
476,2007,,,,Proyecto Central Hidroeléctrica El Chaparral,,,140000000.0,prestamos_sector_publico,El Salvador,,Sector Público,,Proyecto Central Hidroeléctrica El Chaparral,Fundador
477,2016,,,,Programa de Generación de Energía Geotérmica en El Salvador,,,132647251.84,prestamos_sector_publico,El Salvador,,Sector Público,,Programa de Generación de Energía Geotérmica en El Salvador,Fundador
478,2001,,,,Proyecto Centrales Telefónicas Siemens  Ampliación y Modernización del Sistema Nacional de Telecomunicaciones 20002001,,,13379300.0,prestamos_sector_publico,Costa Rica,,Sector Público,,Proyecto Centrales Telefónicas Siemens  Ampliación y Modernización del Sistema Nacional de Telecomunicaciones 20002001,Fundador
479,2004,,,,Incremento LGC - Banco de Costa Rica,,,90000000.0,prestamos_sector_publico,Costa Rica,,Sector Público,,Incremento LGC - Banco de Costa Rica,Fundador
480,1980,,,,Ejecución de las obras de urbanización y construcción de viviendas en los proyectos contenidos en un listado,,,1000000.0,prestamos_sector_publico,Honduras,,Sector Público,,Ejecución de las obras de urbanización y construcción de viviendas en los proyectos contenidos en un listado,Fundador
481,2015,,,,Proyecto Rehabilitación de la Planta Potabilizadora de las Pavas,,,64429814.0,prestamos_sector_publico,El Salvador,,Sector Público,,Proyecto Rehabilitación de la Planta Potabilizadora de las Pavas,Fundador
482,2019,,,,Proyecto de Construcción  Equipamiento y Modernización de las Oficinas Centrales de la Fiscalía General de la República de El Salvador,,,25338586.48,prestamos_sector_publico,El Salvador,,Sector Público,,Proyecto de Construcción  Equipamiento y Modernización de las Oficinas Centrales de la Fiscalía General de la República de El Salvador,Fundador
483,2018,,,,Programa de Apoyo a la Agricultura Familiar para el Buen Vivir en El Salvador,,,100000000.0,prestamos_sector_publico,El Salvador,,Sector Público,,Programa de Apoyo a la Agricultura Familiar para el Buen Vivir en El Salvador,Fundador
484,1993,,,,Adquisición de Bienes y Servicios Necesarios para Ejecutar el Proyecto Plan Nacional de Señalamiento Vial en la República de El Salvador,,,10000000.0,prestamos_sector_publico,El Salvador,,Sector Público,,Adquisición de Bienes y Servicios Necesarios para Ejecutar el Proyecto Plan Nacional de Señalamiento Vial en la República de El Salvador,Fundador
485,2016,,,,Programa de Agua Potable y Saneamiento de Zonas Costeras  Gestión de la Calidad y Eficiencia del Servicio,,,164120000.0,prestamos_sector_publico,Costa Rica,,Sector Público,,Programa de Agua Potable y Saneamiento de Zonas Costeras  Gestión de la Calidad y Eficiencia del Servicio,Fundador
486,1970,,,,Adquisición de Equipo Rodante y Equipo de Taller Mecánico,,,200000.0,prestamos_sector_publico,Honduras,,Sector Público,,Adquisición de Equipo Rodante y Equipo de Taller Mecánico,Fundador
487,1967,,,,Financiar los Gastos de la Compra de Cuatro (4) Unidades Dieseleléctricas con una Capacidad Total Aproximada de 8000 Kw,,,1000000.0,prestamos_sector_publico,Honduras,,Sector Público,,Financiar los Gastos de la Compra de Cuatro (4) Unidades Dieseleléctricas con una Capacidad Total Aproximada de 8000 Kw,Fundador
488,1996,,,,Programa de Escuela Saludable II Etapa,,,20000000.0,prestamos_sector_publico,El Salvador,,Sector Público,,Programa de Escuela Saludable II Etapa,Fundador
489,1994,,,,Rehabilitación Central Hihroeléctrica 15 de Septiembre,,,10876000.0,prestamos_sector_publico,El Salvador,,Sector Público,,Rehabilitación Central Hihroeléctrica 15 de Septiembre,Fundador
490,2007,,,,Proyecto de Modernización del Registro Inmobiliario y del Catastro,,,55000000.0,prestamos_sector_publico,El Salvador,,Sector Público,,Proyecto de Modernización del Registro Inmobiliario y del Catastro,Fundador
491,2004,,,,Proyecto Combate al Mal de Chagas Mediante el Mejoramiento de Vivienda,,,4000000.0,prestamos_sector_publico,Honduras,,Sector Público,,Proyecto Combate al Mal de Chagas Mediante el Mejoramiento de Vivienda,Fundador
492,1978,,,,Financiar los Costos de las Investigaciones Geológicas en la Zona de los Proyectos Hidroeléctricos de Chulac y Xalalá Como Parte del Estudio de Factibilidad de Dichos Proyectos,,,2000000.0,prestamos_sector_publico,Guatemala,,Sector Público,,Financiar los Costos de las Investigaciones Geológicas en la Zona de los Proyectos Hidroeléctricos de Chulac y Xalalá Como Parte del Estudio de Factibilidad de Dichos Proyectos,Fundador
493,1985,,,,Completar el Proyecto Vial Tegucigalpa - Río del Hombre de la Carretera CA-5,,,350000.0,prestamos_sector_publico,Honduras,,Sector Público,,Completar el Proyecto Vial Tegucigalpa - Río del Hombre de la Carretera CA-5,Fundador
494,1978,,,,Siembra y el Establecimiento de Plantaciones de Marañon en un Área de 7000 Hectáreas en el Departamento de Choluteca,,,2450000.0,prestamos_sector_publico,Honduras,,Sector Público,,Siembra y el Establecimiento de Plantaciones de Marañon en un Área de 7000 Hectáreas en el Departamento de Choluteca,Fundador
495,1981,,,,Reconstrucción y Ampliación de la Red de Distribución Eléctrica de la Ciudad de Quezaltenango,,,2500000.0,prestamos_sector_publico,Guatemala,,Sector Público,,Reconstrucción y Ampliación de la Red de Distribución Eléctrica de la Ciudad de Quezaltenango,Fundador
496,1971,,,,Financiamiento Parcial de la Carretera el Rancho Cobán en sus Distintos Tramos,,,1900000.0,prestamos_sector_publico,Guatemala,,Sector Público,,Financiamiento Parcial de la Carretera el Rancho Cobán en sus Distintos Tramos,Fundador
497,2021,,,,Programa de Apoyo a Medidas de Recuperación Económica Implementadas en beneficio de las Empresas y el Empleo afectados por el COVID-19,,,600000000.0,prestamos_sector_publico,El Salvador,,Sector Público,,Programa de Apoyo a Medidas de Recuperación Económica Implementadas en beneficio de las Empresas y el Empleo afectados por el COVID-19,Fundador
498,1993,,,,Programa de Inversión en Infraestructura Maquinaria y Equipo para la Universidad de San Carlos de la República de Guatemala,,,20000000.0,prestamos_sector_publico,Guatemala,,Sector Público,,Programa de Inversión en Infraestructura Maquinaria y Equipo para la Universidad de San Carlos de la República de Guatemala,Fundador
499,1995,,,,Proyectos de Desarrollo Social,,,10000000.0,prestamos_sector_publico,Guatemala,,Sector Público,,Proyectos de Desarrollo Social,Fundador
500,1976,,,,Financiamiento Complejo Turístico Tikal,,,12000000.0,prestamos_sector_publico,Guatemala,,Sector Público,,Financiamiento Complejo Turístico Tikal,Fundador
501,2006,,,,Préstamo - Refinadora Costarricense de Petróleo  Sociedad Anónima (RECOPE),,,125450000.0,prestamos_sector_publico,Costa Rica,,Sector Público,,Préstamo - Refinadora Costarricense de Petróleo  Sociedad Anónima (RECOPE),Fundador
502,2006,,,,"LGC - Facilidad financiera al Banco Central de Reserva de la República de El Salvador
",,,200000000.0,prestamos_sector_publico,El Salvador,,Sector Público,,"LGC - Facilidad financiera al Banco Central de Reserva de la República de El Salvador
",Fundador
503,2022,,,,LC - Comisión Ejecutiva Hidroeléctrica del Río Lempa,,,100000000.0,prestamos_sector_publico,El Salvador,,Sector Público,,LC - Comisión Ejecutiva Hidroeléctrica del Río Lempa,Fundador
504,1998,,,,Proyecto Palín II,,,6000000.0,prestamos_sector_publico,Guatemala,,Sector Público,,Proyecto Palín II,Fundador
505,2008,,,,Proyecto vial Franja Transversal del Norte,,,203000000.0,prestamos_sector_publico,Guatemala,,Sector Público,,Proyecto vial Franja Transversal del Norte,Fundador
506,2015,,,,Emisión de garantías bancarias de cumplimiento a la Comisión Ejecutiva Hidroeléctrica del Río Lempa (CEL),,,22000000.0,prestamos_sector_publico,El Salvador,,Sector Público,,Emisión de garantías bancarias de cumplimiento a la Comisión Ejecutiva Hidroeléctrica del Río Lempa (CEL),Fundador
507,1971,,,,Financiamiento Parcial de la Pavimentación de la Carretera San Benito - Rama,,,2250000.0,prestamos_sector_publico,Nicaragua,,Sector Público,,Financiamiento Parcial de la Pavimentación de la Carretera San Benito - Rama,Fundador
508,2008,,,,Préstamo - Financiamiento para Apoyo Presupuestario al Ministerio de Comunicaciones  Infraestructura y Vivienda,,,74000000.0,prestamos_sector_publico,Guatemala,,Sector Público,,Préstamo - Financiamiento para Apoyo Presupuestario al Ministerio de Comunicaciones  Infraestructura y Vivienda,Fundador
509,2010,,,,Apoyo Presupuestario para los Sectores Educación y Salud,,,265000000.0,prestamos_sector_publico,Guatemala,,Sector Público,,Apoyo Presupuestario para los Sectores Educación y Salud,Fundador
510,2005,,,,LGC - Banco de Fomento Agropecuario (BFA),,,10000000.0,prestamos_sector_publico,El Salvador,,Sector Público,,LGC - Banco de Fomento Agropecuario (BFA),Fundador
511,1964,,,,Financiar Estudios de Factibilidad  Análisis Económico e Impresión de Informes de Carreteras  Interamericana,,,271000.0,prestamos_sector_publico,El Salvador,,Sector Público,,Financiar Estudios de Factibilidad  Análisis Económico e Impresión de Informes de Carreteras  Interamericana,Fundador
512,2011,,,,Programa de Conectividad de la Infraestructura Vial para el Desarrollo,,,48212173.8,prestamos_sector_publico,El Salvador,,Sector Público,,Programa de Conectividad de la Infraestructura Vial para el Desarrollo,Fundador
513,2005,,,,Incremento LGC - Banco de Costa Rica,,,18300000.0,prestamos_sector_publico,Costa Rica,,Sector Público,,Incremento LGC - Banco de Costa Rica,Fundador
514,1969,,,,Estudios Preliminares de Ingeniería y Preparación de Planos Finales del Puerto de Champerico,,,450000.0,prestamos_sector_publico,Guatemala,,Sector Público,,Estudios Preliminares de Ingeniería y Preparación de Planos Finales del Puerto de Champerico,Fundador
515,2020,,,,OPD para Apoyar Acciones de Política Pública y Resultados de Desarrollo,,,15000000.0,prestamos_sector_publico,El Salvador,,Sector Público,,OPD para Apoyar Acciones de Política Pública y Resultados de Desarrollo,Fundador
516,2000,,,,Programa de Apoyo al Desarrollo de la Educación Integral en El Salvador,,,50000000.0,prestamos_sector_publico,El Salvador,,Sector Público,,Programa de Apoyo al Desarrollo de la Educación Integral en El Salvador,Fundador
517,1997,,,,LGC - Banco de Desarrollo de El Salvador (BANDESAL),,,43408000.0,prestamos_sector_publico,El Salvador,,Sector Público,,LGC - Banco de Desarrollo de El Salvador (BANDESAL),Fundador
518,1966,,,,Compra de la Biblioteca Privada del Doctor Edwin Shook de Harvard  Massachusetts  USA que Contiene Gran Variedad de Documentos Valiosos de Origen Centroamericano o Referentes a Centroamérica,,,140000.0,prestamos_sector_publico,El Salvador,,Sector Público,,Compra de la Biblioteca Privada del Doctor Edwin Shook de Harvard  Massachusetts  USA que Contiene Gran Variedad de Documentos Valiosos de Origen Centroamericano o Referentes a Centroamérica,Fundador
519,2017,,,,Programa VIDHAS Guatemala,,,100000000.0,prestamos_sector_publico,Guatemala,,Sector Público,,Programa VIDHAS Guatemala,Fundador
520,1972,,,,Proyectos Turísticos de Tela (Tornasal) Isla de Roatán y Copán Ruinas,,,350000.0,prestamos_sector_publico,Honduras,,Sector Público,,Proyectos Turísticos de Tela (Tornasal) Isla de Roatán y Copán Ruinas,Fundador
521,1987,,,,Rehabilitación de la Carretera CA-9 Norte Tramo El Rancho - Río Hondo,,,7620000.0,prestamos_sector_publico,Guatemala,,Sector Público,,Rehabilitación de la Carretera CA-9 Norte Tramo El Rancho - Río Hondo,Fundador
522,1974,,,,Proyecto de Abastecimiento de Agua Potable Mediante los Laureles,,,8800000.0,prestamos_sector_publico,Honduras,,Sector Público,,Proyecto de Abastecimiento de Agua Potable Mediante los Laureles,Fundador
523,2010,,,,Programa de Mitigación de Desastres Naturales y Finalización del Anillo Periférico en el Municipio del Distrito Central,,,46188510.0,prestamos_sector_publico,Honduras,,Sector Público,,Programa de Mitigación de Desastres Naturales y Finalización del Anillo Periférico en el Municipio del Distrito Central,Fundador
524,2022,,,,OPD para apoyar acciones de política y resultados de desarrollo,,,250000000.0,prestamos_sector_publico,El Salvador,,Sector Público,,OPD para apoyar acciones de política y resultados de desarrollo,Fundador
525,1982,,,,Reconstrucción y Mejoramiento a Nivel de Subbase del Tramo de Carretera Valle Jesús de Otoro - La Esperanza de Aproximadamente 287 Km de la Ruta CA-11A,,,9764000.0,prestamos_sector_publico,Honduras,,Sector Público,,Reconstrucción y Mejoramiento a Nivel de Subbase del Tramo de Carretera Valle Jesús de Otoro - La Esperanza de Aproximadamente 287 Km de la Ruta CA-11A,Fundador
526,1973,,,,Completar el Financiamiento y Mejorar la Operación de la Arteria Regional de Telecomunicaciones en la Parte que Corresponde a la República de Guatemala,,,600000.0,prestamos_sector_publico,Guatemala,,Sector Público,,Completar el Financiamiento y Mejorar la Operación de la Arteria Regional de Telecomunicaciones en la Parte que Corresponde a la República de Guatemala,Fundador
527,1992,,,,Proyecto Instalación de 110 Mw en Unidades Térmicas en una Central de Ciclo Combinado Acajutla Fase I en la República de El Salvador,,,20000000.0,prestamos_sector_publico,El Salvador,,Sector Público,,Proyecto Instalación de 110 Mw en Unidades Térmicas en una Central de Ciclo Combinado Acajutla Fase I en la República de El Salvador,Fundador
528,1987,,,,Proyecto Estabilización del Campo Geotérmico de Ahuachapán,,,8900000.0,prestamos_sector_publico,El Salvador,,Sector Público,,Proyecto Estabilización del Campo Geotérmico de Ahuachapán,Fundador
529,1980,,,,III Etapa de las Obras del Proyecto de Emergencia de Abastecimiento de Agua para la Ciudad de Guatemala,,,1500000.0,prestamos_sector_publico,Guatemala,,Sector Público,,III Etapa de las Obras del Proyecto de Emergencia de Abastecimiento de Agua para la Ciudad de Guatemala,Fundador
530,1966,,,,LC - Instituto Nacional de la Vivienda para Compra o Construcciones de Viviendas Elegibles.,,,1500000.0,prestamos_sector_publico,Honduras,,Sector Público,,LC - Instituto Nacional de la Vivienda para Compra o Construcciones de Viviendas Elegibles.,Fundador
531,1980,,,,Compra de Hipotecas Y/o Titulos Hipotecarios Conforme a las Politicas del Programa de Vivienda Media Baja del Banco Vigentes a la Fecha de cada Desembolso.,,,5000000.0,prestamos_sector_publico,El Salvador,,Sector Público,,Compra de Hipotecas Y/o Titulos Hipotecarios Conforme a las Politicas del Programa de Vivienda Media Baja del Banco Vigentes a la Fecha de cada Desembolso.,Fundador
532,1978,,,,Resolver la Situación Deficitaria de la Sieca Producida por los Trabajo Extraordinarios Realizados a Solicitud de los Estados Miembros,,,500000.0,prestamos_sector_publico,Guatemala,,Sector Público,,Resolver la Situación Deficitaria de la Sieca Producida por los Trabajo Extraordinarios Realizados a Solicitud de los Estados Miembros,Fundador
533,1968,,,,Financiamiento Parcial de la Construcción del Tramo Santa Elena - Cobán de la Carretera el Rancho Cobán,,,4700000.0,prestamos_sector_publico,Guatemala,,Sector Público,,Financiamiento Parcial de la Construcción del Tramo Santa Elena - Cobán de la Carretera el Rancho Cobán,Fundador
534,1967,,,,Estudios que Permitan Tomar Decisiones Sobre la Normalización de las Características Técnicas de los Sistemas de Transmisión Distribución y Utilización de Energía Eléctrica,,,25680.0,prestamos_sector_publico,Honduras,,Sector Público,,Estudios que Permitan Tomar Decisiones Sobre la Normalización de las Características Técnicas de los Sistemas de Transmisión Distribución y Utilización de Energía Eléctrica,Fundador
535,2022,,,,Programa Temporal de Apoyo ante la Crisis de los Combustibles en Costa Rica,,,200000000.0,prestamos_sector_publico,Costa Rica,,Sector Público,,Programa Temporal de Apoyo ante la Crisis de los Combustibles en Costa Rica,Fundador
536,2016,,,,Incremento LGC - Banco Hipotecario de El Salvador,,,11000000.0,prestamos_sector_publico,El Salvador,,Sector Público,,Incremento LGC - Banco Hipotecario de El Salvador,Fundador
537,1969,,,,Adquisición de 30 Rejillas o Furgones para Uso del Prestatario,,,250000.0,prestamos_sector_publico,Honduras,,Sector Público,,Adquisición de 30 Rejillas o Furgones para Uso del Prestatario,Fundador
538,1964,,,,LC - Banco Hipotecario de El Salvador  Programa Regional para Financiamiento de la Vivienda,,,1000000.0,prestamos_sector_publico,El Salvador,,Sector Público,,LC - Banco Hipotecario de El Salvador  Programa Regional para Financiamiento de la Vivienda,Fundador
539,1973,,,,Proyecto y Pavimentación de Cuatro Carriles del Tramo Km 35 el Congo,,,5000000.0,prestamos_sector_publico,El Salvador,,Sector Público,,Proyecto y Pavimentación de Cuatro Carriles del Tramo Km 35 el Congo,Fundador
540,1994,,,,Proyecto de Rehabilitación de las Plantas Cañaveral y Río Lindo,,,1000000.0,prestamos_sector_publico,Honduras,,Sector Público,,Proyecto de Rehabilitación de las Plantas Cañaveral y Río Lindo,Fundador
541,2019,,,,Programa de Desarrollo Social,,,91000000.0,prestamos_sector_publico,El Salvador,,Sector Público,,Programa de Desarrollo Social,Fundador
542,2020,,,,Programa Mi Nueva Escuela,,,200000000.0,prestamos_sector_publico,El Salvador,,Sector Público,,Programa Mi Nueva Escuela,Fundador
543,1981,,,,LC - Instituto Centroamericano de Investigación y Tecnología Industrial,,,289000.0,prestamos_sector_publico,Guatemala,,Sector Público,,LC - Instituto Centroamericano de Investigación y Tecnología Industrial,Fundador
544,2011,,,,Línea contingente para la emisión de garantías bancarias de cumplimiento a la Comisión Ejecutiva Hidroeléctrica del Río Lempa (CEL),,,24000000.0,prestamos_sector_publico,El Salvador,,Sector Público,,Línea contingente para la emisión de garantías bancarias de cumplimiento a la Comisión Ejecutiva Hidroeléctrica del Río Lempa (CEL),Fundador
545,1966,,,,Estudio de Factibilidad Técnica y de Ingeniería y Diseño Final de un Rompeolas en la Rada del Puerto de Acajutla,,,125000.0,prestamos_sector_publico,El Salvador,,Sector Público,,Estudio de Factibilidad Técnica y de Ingeniería y Diseño Final de un Rompeolas en la Rada del Puerto de Acajutla,Fundador
546,1970,,,,Estudio para Determinar las Posibilidades de la Extensión de la Vía Férrea Interconexión con los Ferrocarriles de Guatemala y el Mejoramiento y Reacondicionamiento de las Instalaciones del Prestatario,,,50000.0,prestamos_sector_publico,Honduras,,Sector Público,,Estudio para Determinar las Posibilidades de la Extensión de la Vía Férrea Interconexión con los Ferrocarriles de Guatemala y el Mejoramiento y Reacondicionamiento de las Instalaciones del Prestatario,Fundador
547,1980,,,,Construcción de la Carretera la Ceibita - Santa Bárbara - Taulbé en su Sección II Comprendida Entre la Ceibita y Desvío a San Nicolás con una Longitud de 66 Kms Aproximadamente,,,8000000.0,prestamos_sector_publico,Honduras,,Sector Público,,Construcción de la Carretera la Ceibita - Santa Bárbara - Taulbé en su Sección II Comprendida Entre la Ceibita y Desvío a San Nicolás con una Longitud de 66 Kms Aproximadamente,Fundador
548,1996,,,,Programa de Construcción de Mercados Municipales,,,11263530.0,prestamos_sector_publico,El Salvador,,Sector Público,,Programa de Construcción de Mercados Municipales,Fundador
549,1997,,,,Programa de Infraestructura Social y Económica,,,40000000.0,prestamos_sector_publico,El Salvador,,Sector Público,,Programa de Infraestructura Social y Económica,Fundador
550,2009,,,,Programa de Apoyo a la Educación y Seguridad Pública Obras Rurales y Mitigación de Riesgos,,,143433870.0,prestamos_sector_publico,El Salvador,,Sector Público,,Programa de Apoyo a la Educación y Seguridad Pública Obras Rurales y Mitigación de Riesgos,Fundador
551,2005,,,,Programa Nacional de Electrificación Social NDF-2000,,,10072463.49,prestamos_sector_publico,Honduras,,Sector Público,,Programa Nacional de Electrificación Social NDF-2000,Fundador
552,1979,,,,Reconstrucción y Mejoramiento del Tramo de la Carretera Interamericana de Occidente (CA1 Mixco - San Lucas - Siguatepeque),,,8100000.0,prestamos_sector_publico,Guatemala,,Sector Público,,Reconstrucción y Mejoramiento del Tramo de la Carretera Interamericana de Occidente (CA1 Mixco - San Lucas - Siguatepeque),Fundador
553,1993,,,,Construcción de la Carretera San Pedro Sula - Puerto Cortés República de Honduras,,,6120000.0,prestamos_sector_publico,Honduras,,Sector Público,,Construcción de la Carretera San Pedro Sula - Puerto Cortés República de Honduras,Fundador
554,1969,,,,Proyecto de la Arteria Regional de Telecomunicaciones en la Parte que Corresponde a la República de Nicaragua,,,3300000.0,prestamos_sector_publico,Nicaragua,,Sector Público,,Proyecto de la Arteria Regional de Telecomunicaciones en la Parte que Corresponde a la República de Nicaragua,Fundador
555,1976,,,,Complejo Arqueológico y Turístico de Copán,,,9000000.0,prestamos_sector_publico,Honduras,,Sector Público,,Complejo Arqueológico y Turístico de Copán,Fundador
556,1978,,,,Construcción del Edificio Educativo y del Edificio de la Residencia Estudiantil Verapaz Ambos del Instituto Femenino de Educación Superior Asi Como la Adquisición de Equipo Mobiliario y Enseres Didácticos,,,1200000.0,prestamos_sector_publico,Guatemala,,Sector Público,,Construcción del Edificio Educativo y del Edificio de la Residencia Estudiantil Verapaz Ambos del Instituto Femenino de Educación Superior Asi Como la Adquisición de Equipo Mobiliario y Enseres Didácticos,Fundador
557,2025,,,,Programa Surf City - Fase II,,,65000000.0,prestamos_sector_publico,El Salvador,,Sector Público,,Programa Surf City - Fase II,Fundador
558,2005,,,,Obras de Tendido Eléctrico de Transmisión en la Zona Norte (146 Km) y Zona Sur (54 Km) de Guatemala,,,63270000.0,prestamos_sector_publico,Guatemala,,Sector Público,,Obras de Tendido Eléctrico de Transmisión en la Zona Norte (146 Km) y Zona Sur (54 Km) de Guatemala,Fundador
559,1997,,,,Proyecto Adquisición de 800 Autobuses para el Transporte Urbano Público de la Ciudad de Guatemala,,,56214673.0,prestamos_sector_publico,Guatemala,,Sector Público,,Proyecto Adquisición de 800 Autobuses para el Transporte Urbano Público de la Ciudad de Guatemala,Fundador
560,1966,,,,Construcción del Tramo Tela - La Ceiba de la Carretera Litoral Atlántico y  el Tramo de el Triunfo a la Frontera con Nicaragua de la Carretera CA3,,,9507000.0,prestamos_sector_publico,Honduras,,Sector Público,,Construcción del Tramo Tela - La Ceiba de la Carretera Litoral Atlántico y  el Tramo de el Triunfo a la Frontera con Nicaragua de la Carretera CA3,Fundador
561,2008,,,,Proyecto Sistema de Interconexión Eléctrica para los Países de América Central (Siepac),,,10000000.0,prestamos_sector_publico,Costa Rica,,Sector Público,,Proyecto Sistema de Interconexión Eléctrica para los Países de América Central (Siepac),Fundador
562,2007,,,,Programa de Vías Suburbanas y Caminos Rurales,,,60000000.0,prestamos_sector_publico,El Salvador,,Sector Público,,Programa de Vías Suburbanas y Caminos Rurales,Fundador
563,1996,,,,Proyecto Desarrollo Rural Sostenible en Zonas de Fragilidad Ecológica en la Región del Trifinio,,,13971000.0,prestamos_sector_publico,Guatemala,,Sector Público,,Proyecto Desarrollo Rural Sostenible en Zonas de Fragilidad Ecológica en la Región del Trifinio,Fundador
564,2015,,,,Tercera Etapa del Programa de Inversión en Infraestructura Maquinaria y Equipo para la Universidad de San Carlos de Guatemala,,,120000000.0,prestamos_sector_publico,Guatemala,,Sector Público,,Tercera Etapa del Programa de Inversión en Infraestructura Maquinaria y Equipo para la Universidad de San Carlos de Guatemala,Fundador
565,1972,,,,Proyecto de Modernización de los Servicios de Navegación Aérea,,,245000.0,prestamos_sector_publico,Honduras,,Sector Público,,Proyecto de Modernización de los Servicios de Navegación Aérea,Fundador
566,2020,,,,OPD para Apoyar Acciones de Politica Pública y Resultados de Desarrollo,,,235000000.0,prestamos_sector_publico,El Salvador,,Sector Público,,OPD para Apoyar Acciones de Politica Pública y Resultados de Desarrollo,Fundador
567,1991,,,,Fondos Destinados al Programa de Vivienda México/Bcie en la Ciudad de Managua.,,,28000000.0,prestamos_sector_publico,Nicaragua,,Sector Público,,Fondos Destinados al Programa de Vivienda México/Bcie en la Ciudad de Managua.,Fundador
568,1966,,,,Financiar Estudios de Ingeniería y Factibilidad Económica de Proyectos Caminos de Acceso Carreteras de Litoral,,,210000.0,prestamos_sector_publico,Honduras,,Sector Público,,Financiar Estudios de Ingeniería y Factibilidad Económica de Proyectos Caminos de Acceso Carreteras de Litoral,Fundador
569,1987,,,,Proyecto de Carretera Siguatepeque - Valle - Jesús de Otoro (Sección I del Proyecto Siguatepeque - La Esperanza en la Ruta CA-11A),,,110000.0,prestamos_sector_publico,Honduras,,Sector Público,,Proyecto de Carretera Siguatepeque - Valle - Jesús de Otoro (Sección I del Proyecto Siguatepeque - La Esperanza en la Ruta CA-11A),Fundador
570,2006,,,,Comisión Ejecutiva Hidroeléctrica del Río Lempa (CEL),,,60000000.0,prestamos_sector_publico,El Salvador,,Sector Público,,Comisión Ejecutiva Hidroeléctrica del Río Lempa (CEL),Fundador
571,1965,,,,LC - Banco Hipotecario de El Salvador,,,1000000.0,prestamos_sector_publico,El Salvador,,Sector Público,,LC - Banco Hipotecario de El Salvador,Fundador
572,1969,,,,Adquisición de Equipo Médico Hospitalario Especializado para un Hospital a Instalarse por el Prestatario en la Ciudad de San Pedro Sula,,,2691600.0,prestamos_sector_publico,Honduras,,Sector Público,,Adquisición de Equipo Médico Hospitalario Especializado para un Hospital a Instalarse por el Prestatario en la Ciudad de San Pedro Sula,Fundador
573,2008,,,,Préstamo - Proyecto Hidroeléctrico Pirrís,,,67000000.0,prestamos_sector_publico,Costa Rica,,Sector Público,,Préstamo - Proyecto Hidroeléctrico Pirrís,Fundador
574,1976,,,,Proyectos Urbanización las Colinas y Urbanización la Alameda de Conformidad con las Normas y Especificaciones del Programa de Vivienda Baja del Banco.,,,5000000.0,prestamos_sector_publico,Guatemala,,Sector Público,,Proyectos Urbanización las Colinas y Urbanización la Alameda de Conformidad con las Normas y Especificaciones del Programa de Vivienda Baja del Banco.,Fundador
575,2022,,,,Proyecto Construcción de Viaducto y Ampliación de Carretera CA01W (Tramo Los Chorros),,,166000000.0,prestamos_sector_publico,El Salvador,,Sector Público,,Proyecto Construcción de Viaducto y Ampliación de Carretera CA01W (Tramo Los Chorros),Fundador
576,2004,,,,Proyecto Central Térmica Ateos,,,48500000.0,prestamos_sector_publico,El Salvador,,Sector Público,,Proyecto Central Térmica Ateos,Fundador
577,1963,,,,Estudios Definitivos de la Carretera CA13 Entre Puerto Cortés y la Frontera de Guatemala,,,212500.0,prestamos_sector_publico,Honduras,,Sector Público,,Estudios Definitivos de la Carretera CA13 Entre Puerto Cortés y la Frontera de Guatemala,Fundador
578,1998,,,,Proyecto Desarrollo Rural Sostenible de Zonas de Fragilidad,,,6971000.0,prestamos_sector_publico,El Salvador,,Sector Público,,Proyecto Desarrollo Rural Sostenible de Zonas de Fragilidad,Fundador
579,1988,,,,Participación por Parte del Prestatario en el Programa Centroamericano de Agroempresas Rurales.,,,1000000.0,prestamos_sector_publico,Honduras,,Sector Público,,Participación por Parte del Prestatario en el Programa Centroamericano de Agroempresas Rurales.,Fundador
580,2015,,,,Programa de Infraestructura Vial (PIV),,,150000000.0,prestamos_sector_publico,Honduras,,Sector Público,,Programa de Infraestructura Vial (PIV),Fundador
581,1996,,,,Proyecto Mejoramiento y Pavimentación de la Ruta CA 13 Tramo  San Luis - Poptún - Flores,,,57000000.0,prestamos_sector_publico,Guatemala,,Sector Público,,Proyecto Mejoramiento y Pavimentación de la Ruta CA 13 Tramo  San Luis - Poptún - Flores,Fundador
582,1975,,,,Adquisición por Parte del Prestatario de Acciones del Capital Social de la Firma Agrícola de Honduras S.A. de C.V.,,,500000.0,prestamos_sector_publico,Honduras,,Sector Público,,Adquisición por Parte del Prestatario de Acciones del Capital Social de la Firma Agrícola de Honduras S.A. de C.V.,Fundador
583,2023,,,,Programa de Apoyo a la Red Hospitalaria (PARH),,,135000000.0,prestamos_sector_publico,Honduras,,Sector Público,,Programa de Apoyo a la Red Hospitalaria (PARH),Fundador
584,1973,,,,Adquisición de una Central Telefónica Interurbana Incluyendo Gastos de Asistencia Técnica y de Entrenamiento,,,2160000.0,prestamos_sector_publico,Guatemala,,Sector Público,,Adquisición de una Central Telefónica Interurbana Incluyendo Gastos de Asistencia Técnica y de Entrenamiento,Fundador
585,1990,,,,Proyecto Mejoramiento de Facilidades Portuarias Consistente,,,3400000.0,prestamos_sector_publico,Honduras,,Sector Público,,Proyecto Mejoramiento de Facilidades Portuarias Consistente,Fundador
586,1985,,,,Adquisición e Instalación de Bienes y Servicios de Origen Japonés para la Ampliación del Sistema Telefónico de Guatemala,,,8000000.0,prestamos_sector_publico,Guatemala,,Sector Público,,Adquisición e Instalación de Bienes y Servicios de Origen Japonés para la Ampliación del Sistema Telefónico de Guatemala,Fundador
587,1998,,,,Proyecto Ampliación de la Central Hidroeléctrica 5 de Noviembre,,,108100000.0,prestamos_sector_publico,El Salvador,,Sector Público,,Proyecto Ampliación de la Central Hidroeléctrica 5 de Noviembre,Fundador
588,1987,,,,Rehabilitación de la Carretera La Hachadura - intersección Carretera CA-12,,,10000000.0,prestamos_sector_publico,El Salvador,,Sector Público,,Rehabilitación de la Carretera La Hachadura - intersección Carretera CA-12,Fundador
589,1982,,,,Participación por Parte del Prestatario en el Programa Centroamericano de Agroempresas Rurales Aprobado por el Banco Centroamericano.,,,5000000.0,prestamos_sector_publico,Guatemala,,Sector Público,,Participación por Parte del Prestatario en el Programa Centroamericano de Agroempresas Rurales Aprobado por el Banco Centroamericano.,Fundador
590,1994,,,,Proyecto Ampliación del Sistema de Transmisión Tegucigalpasan Pedro Sulala Ceiba,,,4870000.0,prestamos_sector_publico,Honduras,,Sector Público,,Proyecto Ampliación del Sistema de Transmisión Tegucigalpasan Pedro Sulala Ceiba,Fundador
591,2015,,,,Programa Especial de Seguridad Ciudadana en El Salvador (PESCES),,,100000000.0,prestamos_sector_publico,El Salvador,,Sector Público,,Programa Especial de Seguridad Ciudadana en El Salvador (PESCES),Fundador
592,1998,,,,Programa de Infraestructura Productiva para el Desarrollo Sostenible de la Zona Fronteriza Guatemala - México,,,60000000.0,prestamos_sector_publico,Guatemala,,Sector Público,,Programa de Infraestructura Productiva para el Desarrollo Sostenible de la Zona Fronteriza Guatemala - México,Fundador
593,1972,,,,Construcción del Tramo Entre Ríosfrontera con Honduras de la Carretera Ca13,,,4000000.0,prestamos_sector_publico,Guatemala,,Sector Público,,Construcción del Tramo Entre Ríosfrontera con Honduras de la Carretera Ca13,Fundador
594,1969,,,,Estudios Finales de Ingeniería para la Reconstrucción y Mejoramiento de la Carretera Tegucigalpa - Juticalpa,,,400000.0,prestamos_sector_publico,Honduras,,Sector Público,,Estudios Finales de Ingeniería para la Reconstrucción y Mejoramiento de la Carretera Tegucigalpa - Juticalpa,Fundador
595,2023,,,,Proyecto Ciudad Gobierno (PROCIGO),,,450000000.0,prestamos_sector_publico,Costa Rica,,Sector Público,,Proyecto Ciudad Gobierno (PROCIGO),Fundador
596,1973,,,,Pavimentación Tramo Santa Elena-Cobán.,,,2500000.0,prestamos_sector_publico,Guatemala,,Sector Público,,Pavimentación Tramo Santa Elena-Cobán.,Fundador
597,1972,,,,Construcción de la Carretera Danlí - las Manos,,,400000.0,prestamos_sector_publico,Honduras,,Sector Público,,Construcción de la Carretera Danlí - las Manos,Fundador
598,1973,,,,Completar el Financiamiento y Mejorar la Operación de la Arteria Regional de Telecomunicaciones en la Parte que Corresponde a la República de El Salvador,,,560000.0,prestamos_sector_publico,El Salvador,,Sector Público,,Completar el Financiamiento y Mejorar la Operación de la Arteria Regional de Telecomunicaciones en la Parte que Corresponde a la República de El Salvador,Fundador
599,1974,,,,Financiar las Obras del Proyecto de Emergencia de Abastecimiento de Agua para la Ciudad de Guatemala,,,1800000.0,prestamos_sector_publico,Guatemala,,Sector Público,,Financiar las Obras del Proyecto de Emergencia de Abastecimiento de Agua para la Ciudad de Guatemala,Fundador
600,2008,,,,Proyecto de Ampliación y Mejoramiento de la Carretera CA5 Segmento I,,,130000000.0,prestamos_sector_publico,Honduras,,Sector Público,,Proyecto de Ampliación y Mejoramiento de la Carretera CA5 Segmento I,Fundador
601,1978,,,,Participación por Parte del Prestatario en el Programa de Agroempresas Rurales.,,,500000.0,prestamos_sector_publico,Guatemala,,Sector Público,,Participación por Parte del Prestatario en el Programa de Agroempresas Rurales.,Fundador
602,2022,,,,LC - Fondo de Conservación Vial (FOVIAL),,,100000000.0,prestamos_sector_publico,El Salvador,,Sector Público,,LC - Fondo de Conservación Vial (FOVIAL),Fundador
603,1997,,,,Proyecto  Desarrollo Integral de Comunidades Rurales Segunda Etapa,,,18000000.0,prestamos_sector_publico,Guatemala,,Sector Público,,Proyecto  Desarrollo Integral de Comunidades Rurales Segunda Etapa,Fundador
604,1976,,,,Segunda Etapa de la Red Regional de Telecomunicaciones en la Parte que Correspone a la República de Guatemala,,,4600000.0,prestamos_sector_publico,Guatemala,,Sector Público,,Segunda Etapa de la Red Regional de Telecomunicaciones en la Parte que Correspone a la República de Guatemala,Fundador
605,1980,,,,LC - Proyecto Combate y Prevención de la Roya del Café,,,10000000.0,prestamos_sector_publico,El Salvador,,Sector Público,,LC - Proyecto Combate y Prevención de la Roya del Café,Fundador
606,1979,,,,Estudio de Factibilidad de un Mercado Mayorista en Tegucigalpa DC,,,200000.0,prestamos_sector_publico,Honduras,,Sector Público,,Estudio de Factibilidad de un Mercado Mayorista en Tegucigalpa DC,Fundador
607,1994,,,,Finalización Construcción de la Carretera San Pedro Sulapuerto Cortés República de Honduras de Conformidad,,,6880000.0,prestamos_sector_publico,Honduras,,Sector Público,,Finalización Construcción de la Carretera San Pedro Sulapuerto Cortés República de Honduras de Conformidad,Fundador
608,2003,,,,Incremento LGC - Banco de Desarrollo de El Salvador (BANDESAL),,,38500000.0,prestamos_sector_publico,El Salvador,,Sector Público,,Incremento LGC - Banco de Desarrollo de El Salvador (BANDESAL),Fundador
609,2003,,,,Facilidad financiera al Banco Central de Reserva de la República de El Salvador,,,100000000.0,prestamos_sector_publico,El Salvador,,Sector Público,,Facilidad financiera al Banco Central de Reserva de la República de El Salvador,Fundador
610,1968,,,,Estudios del programa de fomento porcino y ganadero.,,,20000.0,prestamos_sector_publico,Honduras,,Sector Público,,Estudios del programa de fomento porcino y ganadero.,Fundador
611,1975,,,,Costo de Estudios Finales de Ingeniería y Planos de Construcción de la Sección 3 Incluyendo los Ramales a los Puertos de San Miguelito y San Carlos de la Carretera Acoyapa - San Carlos,,,350000.0,prestamos_sector_publico,Nicaragua,,Sector Público,,Costo de Estudios Finales de Ingeniería y Planos de Construcción de la Sección 3 Incluyendo los Ramales a los Puertos de San Miguelito y San Carlos de la Carretera Acoyapa - San Carlos,Fundador
612,1987,,,,LC - Banco de Guatemala,,,6000000.0,prestamos_sector_publico,Guatemala,,Sector Público,,LC - Banco de Guatemala,Fundador
613,1998,,,,Proyecto de Desarrollo Rural en el Centro-Oriente de Honduras,,,1500000.0,prestamos_sector_publico,Honduras,,Sector Público,,Proyecto de Desarrollo Rural en el Centro-Oriente de Honduras,Fundador
614,1978,,,,Programa para el Combate de la Roya del Café,,,7000000.0,prestamos_sector_publico,Nicaragua,,Sector Público,,Programa para el Combate de la Roya del Café,Fundador
615,1977,,,,Financiamiento de un Programa de Preinversión para Estudios Específicos de Proyectos de Sectores Productivos en Honduras.,,,1000000.0,prestamos_sector_publico,Honduras,,Sector Público,,Financiamiento de un Programa de Preinversión para Estudios Específicos de Proyectos de Sectores Productivos en Honduras.,Fundador
616,2019,,,,Programa de Reactivación Económica del Sub-Sector Café para la República de Guatemala,,,285700000.0,prestamos_sector_publico,Guatemala,,Sector Público,,Programa de Reactivación Económica del Sub-Sector Café para la República de Guatemala,Fundador
617,2025,,,,Programa de Infraestructura Vial y Movilidad Urbana - Fase I (PIVMU),,,135000000.0,prestamos_sector_publico,El Salvador,,Sector Público,,Programa de Infraestructura Vial y Movilidad Urbana - Fase I (PIVMU),Fundador
618,1972,,,,Estudio de Factibilidad para el Desarrollo Agrícola con Irrigación de 5000 Hectáreas del Valle de Nacaome y la Investigación y Localización de Aguas Subterraneas en 3000 Hectareas,,,450300.0,prestamos_sector_publico,Honduras,,Sector Público,,Estudio de Factibilidad para el Desarrollo Agrícola con Irrigación de 5000 Hectáreas del Valle de Nacaome y la Investigación y Localización de Aguas Subterraneas en 3000 Hectareas,Fundador
619,2005,,,,Programa de Infraestructura Vial para el Departamento del Petén,,,95000000.0,prestamos_sector_publico,Guatemala,,Sector Público,,Programa de Infraestructura Vial para el Departamento del Petén,Fundador
620,1976,,,,Financiar Necesidades de Capital de Trabajo de una Planta Productora de Hierro Gris y Acero,,,11200.0,prestamos_sector_publico,Honduras,,Sector Público,,Financiar Necesidades de Capital de Trabajo de una Planta Productora de Hierro Gris y Acero,Fundador
621,1966,,,,LC - Instituto Salvadoreño de Fomento Industrial,,,1000000.0,prestamos_sector_publico,El Salvador,,Sector Público,,LC - Instituto Salvadoreño de Fomento Industrial,Fundador
622,2019,,,,Programa de Modernización de las Instituciones de Seguridad Ciudadana,,,109000000.0,prestamos_sector_publico,El Salvador,,Sector Público,,Programa de Modernización de las Instituciones de Seguridad Ciudadana,Fundador
623,1997,,,,Programa  Ampliación del Servicio Telefónico,,,37400000.0,prestamos_sector_publico,Guatemala,,Sector Público,,Programa  Ampliación del Servicio Telefónico,Fundador
624,1969,,,,Proyecto de la Arteria Regional de Telecomunicaciones en la Parte que Corresponde a la República de Honduras,,,2700000.0,prestamos_sector_publico,Honduras,,Sector Público,,Proyecto de la Arteria Regional de Telecomunicaciones en la Parte que Corresponde a la República de Honduras,Fundador
625,1976,,,,Construcción a Nivel de Subbase de una Carretera de Dos Vías de Circulación y Aproximadamente 198 Kilómetros de Longitud que Conecte Descombros Planes y Sabá,,,2800000.0,prestamos_sector_publico,Honduras,,Sector Público,,Construcción a Nivel de Subbase de una Carretera de Dos Vías de Circulación y Aproximadamente 198 Kilómetros de Longitud que Conecte Descombros Planes y Sabá,Fundador
626,1978,,,,Obtención de los Materiales y Servicios de Montaje y Supervisión para el Suministro de los Materiales Equipo y los Servicios de Montaje de la Línea de Transmisión Guatemala Sur  Guatemala Norte,,,14000000.0,prestamos_sector_publico,Guatemala,,Sector Público,,Obtención de los Materiales y Servicios de Montaje y Supervisión para el Suministro de los Materiales Equipo y los Servicios de Montaje de la Línea de Transmisión Guatemala Sur  Guatemala Norte,Fundador
627,2014,,,,Proyecto Central Hidroeléctrica La Sirena,,,101661602.0,prestamos_sector_publico,Nicaragua,,Sector Público,,Proyecto Central Hidroeléctrica La Sirena,Fundador
628,1973,,,,Completar el Financiamiento y Mejorar la Operación de la Arteria Regional de Telecomunicaciones en la Parte que Corresponde a la República de Honduras,,,1700000.0,prestamos_sector_publico,Honduras,,Sector Público,,Completar el Financiamiento y Mejorar la Operación de la Arteria Regional de Telecomunicaciones en la Parte que Corresponde a la República de Honduras,Fundador
629,2009,,,,Proyecto de Ampliación y Mejoramiento de la Infraestructura Portuaria,,,90000000.0,prestamos_sector_publico,Honduras,,Sector Público,,Proyecto de Ampliación y Mejoramiento de la Infraestructura Portuaria,Fundador
630,2014,,,,Construcción de la Central Hidroeléctrica El Chaparral,,,125000000.0,prestamos_sector_publico,El Salvador,,Sector Público,,Construcción de la Central Hidroeléctrica El Chaparral,Fundador
631,1974,,,,Estudio de Factibilidad Económica  Diseño Final  Presupuesto Especificaciones de Construcción del Tramo de Inteerconexión de la Carretera Interamericana y la Carretera Santa Ana - Metapán - Anguiatú,,,30000.0,prestamos_sector_publico,El Salvador,,Sector Público,,Estudio de Factibilidad Económica  Diseño Final  Presupuesto Especificaciones de Construcción del Tramo de Inteerconexión de la Carretera Interamericana y la Carretera Santa Ana - Metapán - Anguiatú,Fundador
632,1974,,,,Proyecto Denominado los Laureles para el Abastecimiento de Agua Potable,,,1000000.0,prestamos_sector_publico,Honduras,,Sector Público,,Proyecto Denominado los Laureles para el Abastecimiento de Agua Potable,Fundador
633,1980,,,,Diseño Final de Ingeniería de la Autopista Este - Oeste  Diseño Preliminar de la Autopista Nortesur y Diseño Final de 21 Proyectos Viales en la Ciudad de San Salvador,,,937000.0,prestamos_sector_publico,El Salvador,,Sector Público,,Diseño Final de Ingeniería de la Autopista Este - Oeste  Diseño Preliminar de la Autopista Nortesur y Diseño Final de 21 Proyectos Viales en la Ciudad de San Salvador,Fundador
634,1987,,,,Participación por Parte del Prestatario en el Programa de Rehabilitación de la Pequeña y Mediana Industria.,,,1000000.0,prestamos_sector_publico,Guatemala,,Sector Público,,Participación por Parte del Prestatario en el Programa de Rehabilitación de la Pequeña y Mediana Industria.,Fundador
635,1989,,,,Participación por Parte del Prestatario en el Programa de Rehabilitación de la Pequeña y Mediana Industria.,,,1000000.0,prestamos_sector_publico,Guatemala,,Sector Público,,Participación por Parte del Prestatario en el Programa de Rehabilitación de la Pequeña y Mediana Industria.,Fundador
636,1975,,,,Proyecto Hidroeléctrico de Aguacapa,,,4780000.0,prestamos_sector_publico,Guatemala,,Sector Público,,Proyecto Hidroeléctrico de Aguacapa,Fundador
637,1992,,,,Construcción de la Carretera San Pedro Sula - Puerto Cortés,,,5000000.0,prestamos_sector_publico,Honduras,,Sector Público,,Construcción de la Carretera San Pedro Sula - Puerto Cortés,Fundador
638,2007,,,,Línea de crédito - Fondo de Conservación Vial (FOVIAL),,,30000000.0,prestamos_sector_publico,El Salvador,,Sector Público,,Línea de crédito - Fondo de Conservación Vial (FOVIAL),Fundador
639,1966,,,,Tramo de Carretera Ocotal - Frontera Honduras y Puente Real - Frontera Honduras,,,2343000.0,prestamos_sector_publico,Nicaragua,,Sector Público,,Tramo de Carretera Ocotal - Frontera Honduras y Puente Real - Frontera Honduras,Fundador
640,1980,,,,Mejoramiento de Cambios de Estación Seca con una Longitud Aproximada de 381 Kilómetros,,,13200000.0,prestamos_sector_publico,Nicaragua,,Sector Público,,Mejoramiento de Cambios de Estación Seca con una Longitud Aproximada de 381 Kilómetros,Fundador
641,2009,,,,Proyecto de Remodelación Aeropuerto Internacional La Aurora,,,27721400.0,prestamos_sector_publico,Guatemala,,Sector Público,,Proyecto de Remodelación Aeropuerto Internacional La Aurora,Fundador
642,1975,,,,Adquisición por Parte del Prestatario de Acciones del Capital Social de la Firma Mejores Alimentos de Honduras S.A. de C.V.,,,1000000.0,prestamos_sector_publico,Honduras,,Sector Público,,Adquisición por Parte del Prestatario de Acciones del Capital Social de la Firma Mejores Alimentos de Honduras S.A. de C.V.,Fundador
643,1964,,,,Programa de Evaluación de Recursos Naturales y Mejoramiento de los Impuestos Territoriales,,,4696458.0,prestamos_sector_publico,Nicaragua,,Sector Público,,Programa de Evaluación de Recursos Naturales y Mejoramiento de los Impuestos Territoriales,Fundador
644,1974,,,,Proveer Financiamiento a Actividades Afines a la Exportación de Productos No Tradicionales y Turismo.,,,500000.0,prestamos_sector_publico,Guatemala,,Sector Público,,Proveer Financiamiento a Actividades Afines a la Exportación de Productos No Tradicionales y Turismo.,Fundador
645,1993,,,,Proyecto pavimentación de calles y avenidas  alcantarillado de las mismas y construcción de dos puentes en la ciudad de Puerto Cortés,,,13000000.0,prestamos_sector_publico,Honduras,,Sector Público,,Proyecto pavimentación de calles y avenidas  alcantarillado de las mismas y construcción de dos puentes en la ciudad de Puerto Cortés,Fundador
646,1965,,,,Estudio de Preinversión para el Desarrollo Integral de la Zona Sur de Honduras,,,125000.0,prestamos_sector_publico,Honduras,,Sector Público,,Estudio de Preinversión para el Desarrollo Integral de la Zona Sur de Honduras,Fundador
647,2009,,,,Préstamo - Fideicomiso Inversiones Corporación Salvadoreña para la adquisición de Títulos Valores de Crédito,,,150000000.0,prestamos_sector_publico,El Salvador,,Sector Público,,Préstamo - Fideicomiso Inversiones Corporación Salvadoreña para la adquisición de Títulos Valores de Crédito,Fundador
648,1992,,,,Programa Producción en Colegios Vocacionales,,,2500000.0,prestamos_sector_publico,El Salvador,,Sector Público,,Programa Producción en Colegios Vocacionales,Fundador
649,1968,,,,Construcción Sin Pavimento de la Carretera Nueva Ocotepeque - Frontera con Guatemala (CA10),,,1600000.0,prestamos_sector_publico,Honduras,,Sector Público,,Construcción Sin Pavimento de la Carretera Nueva Ocotepeque - Frontera con Guatemala (CA10),Fundador
650,2001,,,,Programa Nacional de Desarrollo Local II (PRONADEL II),,,5000000.0,prestamos_sector_publico,Honduras,,Sector Público,,Programa Nacional de Desarrollo Local II (PRONADEL II),Fundador
651,2016,,,,Emisión de Garantía de Crédito para respaldar la Emisión de Letras del Tesoro Público (LETES),,,200000000.0,prestamos_sector_publico,El Salvador,,Sector Público,,Emisión de Garantía de Crédito para respaldar la Emisión de Letras del Tesoro Público (LETES),Fundador
652,1968,,,,Adquisición e Instalación de Equipos de Radio Ayudas y Telecomunicaciones que Serán Instalados en Diferentes Lugares de Centroamérica,,,360000.0,prestamos_sector_publico,Honduras,,Sector Público,,Adquisición e Instalación de Equipos de Radio Ayudas y Telecomunicaciones que Serán Instalados en Diferentes Lugares de Centroamérica,Fundador
653,1998,,,,Proyectos Fortalecimiento de la Infraestructura Eléctrica de la Región Oriental y Fortalecimiento de la Infraestructura Eléctrica de la Franja Transversal del Norte,,,40000000.0,prestamos_sector_publico,Guatemala,,Sector Público,,Proyectos Fortalecimiento de la Infraestructura Eléctrica de la Región Oriental y Fortalecimiento de la Infraestructura Eléctrica de la Franja Transversal del Norte,Fundador
654,1974,,,,Mejoramiento de los Tramos de Carreteras de Tegucigalpa - Jícara Galán  Tegucigalpa - Río del Hombre y Potrerillos - Puerto Cortés de la Ruta CA5 Parte de las Carreteras Troncales de Integración de Centroamerica,,,250000.0,prestamos_sector_publico,Honduras,,Sector Público,,Mejoramiento de los Tramos de Carreteras de Tegucigalpa - Jícara Galán  Tegucigalpa - Río del Hombre y Potrerillos - Puerto Cortés de la Ruta CA5 Parte de las Carreteras Troncales de Integración de Centroamerica,Fundador
655,1972,,,,Financiar los Estudios de Factibilidad Técnica Ingeniería Preliminar y Diseño Final Incluyendo Planos Presupuestos Especificaciones de Construcción y Documentos de Licitación de la Carretera San Salvadorsan Miguel,,,380000.0,prestamos_sector_publico,El Salvador,,Sector Público,,Financiar los Estudios de Factibilidad Técnica Ingeniería Preliminar y Diseño Final Incluyendo Planos Presupuestos Especificaciones de Construcción y Documentos de Licitación de la Carretera San Salvadorsan Miguel,Fundador
656,2009,,,,Incremento al préstamo No. 871-FO autorizado a la SIECA,,,400000.0,prestamos_sector_publico,Guatemala,,Sector Público,,Incremento al préstamo No. 871-FO autorizado a la SIECA,Fundador
657,1979,,,,Proyecto de Campaña de Control de la Sigatoka Negra del Plátano,,,1900000.0,prestamos_sector_publico,Honduras,,Sector Público,,Proyecto de Campaña de Control de la Sigatoka Negra del Plátano,Fundador
658,1980,,,,Construcción del Tramo VII-B Intersección Ciudad Barrios San Antonio Intersección CA7 (Ocicala) de la II Etapa de la Carretera Denominada Longitudinal del Norte,,,5500000.0,prestamos_sector_publico,El Salvador,,Sector Público,,Construcción del Tramo VII-B Intersección Ciudad Barrios San Antonio Intersección CA7 (Ocicala) de la II Etapa de la Carretera Denominada Longitudinal del Norte,Fundador
659,1980,,,,Financiar los Servicios de Consultoría y Parcialmente la Construcción de las Obras de Interconexión Eléctrica Entre la República de Guatemala y la República de El Salvador ,,,10400000.0,prestamos_sector_publico,Guatemala,,Sector Público,,Financiar los Servicios de Consultoría y Parcialmente la Construcción de las Obras de Interconexión Eléctrica Entre la República de Guatemala y la República de El Salvador ,Fundador
660,2021,,,,Programa de Reconstrucción de Vivienda Resiliente,,,150000000.0,prestamos_sector_publico,Honduras,,Sector Público,,Programa de Reconstrucción de Vivienda Resiliente,Fundador
661,1981,,,,Ampliación y Mejoramiento del Tramo Escuintla - Taxisco de la Carretera CA-2 Oriente,,,16100000.0,prestamos_sector_publico,Guatemala,,Sector Público,,Ampliación y Mejoramiento del Tramo Escuintla - Taxisco de la Carretera CA-2 Oriente,Fundador
662,1971,,,,Adquisición de Equipo Esencial para Telecomunicaciones Adquisiciones de Equipo de Iluminación Sistema de Alarma Sistema Contra Incendios y Correo Neumático,,,1150000.0,prestamos_sector_publico,Guatemala,,Sector Público,,Adquisición de Equipo Esencial para Telecomunicaciones Adquisiciones de Equipo de Iluminación Sistema de Alarma Sistema Contra Incendios y Correo Neumático,Fundador
663,1999,,,,Programa de Reconstrucción de la Red Vial de la Franja del Río Polochiv,,,2500000.0,prestamos_sector_publico,Guatemala,,Sector Público,,Programa de Reconstrucción de la Red Vial de la Franja del Río Polochiv,Fundador
664,1998,,,,Proyecto Desarrollo Rural de Comunidades Chortí,,,1000000.0,prestamos_sector_publico,Guatemala,,Sector Público,,Proyecto Desarrollo Rural de Comunidades Chortí,Fundador
665,1990,,,,Proyecto Alumbrado Público del Area Metropolitana de San Salvador,,,2800000.0,prestamos_sector_publico,El Salvador,,Sector Público,,Proyecto Alumbrado Público del Area Metropolitana de San Salvador,Fundador
666,1994,,,,Proyecto Rehabilitación de las Turbinas de Gas de Miraflores en Tegucigalpa y la Puerta en San Pedro Sula,,,6200000.0,prestamos_sector_publico,Honduras,,Sector Público,,Proyecto Rehabilitación de las Turbinas de Gas de Miraflores en Tegucigalpa y la Puerta en San Pedro Sula,Fundador
667,1965,,,,Financiar Préstamos a Grupos Familiares para Compra o Construcción de Viviendas Elegibles en Todo el País.,,,2000000.0,prestamos_sector_publico,Nicaragua,,Sector Público,,Financiar Préstamos a Grupos Familiares para Compra o Construcción de Viviendas Elegibles en Todo el País.,Fundador
668,2008,,,,Línea de crédito - Compra de Letras del Tesoro Público (LETES),,,100000000.0,prestamos_sector_publico,El Salvador,,Sector Público,,Línea de crédito - Compra de Letras del Tesoro Público (LETES),Fundador
669,1971,,,,Financiamiento Parcial de la Construcción de la Carretera el Rancho Cobán en sus Distintos Tramos,,,1400000.0,prestamos_sector_publico,Guatemala,,Sector Público,,Financiamiento Parcial de la Construcción de la Carretera el Rancho Cobán en sus Distintos Tramos,Fundador
670,1977,,,,Construcción y Supervisión de Edificios para la Primera Etapa del Proyecto de la Zona Libre de Exportación de Puerto Cortés,,,2000000.0,prestamos_sector_publico,Honduras,,Sector Público,,Construcción y Supervisión de Edificios para la Primera Etapa del Proyecto de la Zona Libre de Exportación de Puerto Cortés,Fundador
671,1977,,,,Financiar las Obras Civiles Equipos y Supervisión Necesarios para Extender el Área de la Pista de Aterrizaje y de las Rampas y Ampliar las Áreas para el Servicio de Pasajeros del Aeropuerto las Mercedes en Managua,,,6000000.0,prestamos_sector_publico,Nicaragua,,Sector Público,,Financiar las Obras Civiles Equipos y Supervisión Necesarios para Extender el Área de la Pista de Aterrizaje y de las Rampas y Ampliar las Áreas para el Servicio de Pasajeros del Aeropuerto las Mercedes en Managua,Fundador
672,1997,,,,Proyecto  Señalización y Seguridad Vial,,,13700000.0,prestamos_sector_publico,Guatemala,,Sector Público,,Proyecto  Señalización y Seguridad Vial,Fundador
673,2001,,,,Proyecto Reconstrucción de las Economías Familiares y Empresas del Sector Social de Honduras Fase II (PREFESS-II),,,500000.0,prestamos_sector_publico,Honduras,,Sector Público,,Proyecto Reconstrucción de las Economías Familiares y Empresas del Sector Social de Honduras Fase II (PREFESS-II),Fundador
674,1993,,,,LC - Banco Central de Nicaragua,,,3000000.0,prestamos_sector_publico,Nicaragua,,Sector Público,,LC - Banco Central de Nicaragua,Fundador
675,2005,,,,Proyecto Mercado Perisur,,,7600000.0,prestamos_sector_publico,Honduras,,Sector Público,,Proyecto Mercado Perisur,Fundador
676,1991,,,,Proyecto de Rehabilitación y Mejoramiento de los Tramos de Carretera  Tegucigalpa - Danlí las Manos  Choluteca - Guasaule y Tela - La Ceiba,,,500000.0,prestamos_sector_publico,Honduras,,Sector Público,,Proyecto de Rehabilitación y Mejoramiento de los Tramos de Carretera  Tegucigalpa - Danlí las Manos  Choluteca - Guasaule y Tela - La Ceiba,Fundador
677,1967,,,,Construcción de la Carretera Padre Miguel - Anguiatú (CA12),,,2433000.0,prestamos_sector_publico,Guatemala,,Sector Público,,Construcción de la Carretera Padre Miguel - Anguiatú (CA12),Fundador
678,1981,,,,Financiar Complementariamente los Costos del Complejo Arqueológico y Turístico de Copán,,,2300000.0,prestamos_sector_publico,Honduras,,Sector Público,,Financiar Complementariamente los Costos del Complejo Arqueológico y Turístico de Copán,Fundador
679,1970,,,,Estudios Finales de Ingeniería de la Carretera Gracias - La Esperanza - Marcala (CA11A) con una Extensión Aproximada de 116 Kilómetros,,,200000.0,prestamos_sector_publico,Honduras,,Sector Público,,Estudios Finales de Ingeniería de la Carretera Gracias - La Esperanza - Marcala (CA11A) con una Extensión Aproximada de 116 Kilómetros,Fundador
680,1981,,,,Compra de Hipotecas Y/o Titulos Hipotecarios Conforme a las Politicas del Programa de Vivienda del Banco Vigentes a la Fecha de cada Desembolso.,,,4000000.0,prestamos_sector_publico,Honduras,,Sector Público,,Compra de Hipotecas Y/o Titulos Hipotecarios Conforme a las Politicas del Programa de Vivienda del Banco Vigentes a la Fecha de cada Desembolso.,Fundador
681,1968,,,,Construcción de un Tramo de Carretera de Dos Vías Pavimentadas con Reserva para Expansión Futura que se Localiza Entre Km 35 al Portezuelo en el Occidente de El Salvador,,,4600000.0,prestamos_sector_publico,El Salvador,,Sector Público,,Construcción de un Tramo de Carretera de Dos Vías Pavimentadas con Reserva para Expansión Futura que se Localiza Entre Km 35 al Portezuelo en el Occidente de El Salvador,Fundador
682,1971,,,,Instalación de Plantas Terminales para el Almacenamiento de Granos y Estaciones de Compra para el Programa Nacional de Silos y Centros de Compra de Guatemala,,,4208000.0,prestamos_sector_publico,Guatemala,,Sector Público,,Instalación de Plantas Terminales para el Almacenamiento de Granos y Estaciones de Compra para el Programa Nacional de Silos y Centros de Compra de Guatemala,Fundador
683,1965,,,,Parte Final de los Estudios de Factibilidad Sobre la Planta Siderúrgica,,,153690.0,prestamos_sector_publico,Honduras,,Sector Público,,Parte Final de los Estudios de Factibilidad Sobre la Planta Siderúrgica,Fundador
684,1978,,,,Urbanización de los Terrenos y Construcción de las Unidades Habitacionales en el Proyecto Lomas del Pedregal en la Ciudad de Tegucigalpa.,,,400000.0,prestamos_sector_publico,Honduras,,Sector Público,,Urbanización de los Terrenos y Construcción de las Unidades Habitacionales en el Proyecto Lomas del Pedregal en la Ciudad de Tegucigalpa.,Fundador
685,2014,,,,Esquema para el Apoyo de Proyectos Productivos del Sector Público y Privado Mediante la Conversión de Deuda Interna de Corto Plazo a Deuda Externa de Largo Plazo,,,120000000.0,prestamos_sector_publico,Honduras,,Sector Público,,Esquema para el Apoyo de Proyectos Productivos del Sector Público y Privado Mediante la Conversión de Deuda Interna de Corto Plazo a Deuda Externa de Largo Plazo,Fundador
686,1991,,,,Atender la Situación Temporal de Iliquidez de la Sieca.,,,900000.0,prestamos_sector_publico,Guatemala,,Sector Público,,Atender la Situación Temporal de Iliquidez de la Sieca.,Fundador
687,2021,,,,Proyecto Apoyo para la Implementación del Plan de Despliegue de Vacunación y Atención de la COVID-19,,,100000000.0,prestamos_sector_publico,Nicaragua,,Sector Público,,Proyecto Apoyo para la Implementación del Plan de Despliegue de Vacunación y Atención de la COVID-19,Fundador
688,1975,,,,Proyecto de Construcción de un Dique y Obras Conexas para Desviar Aguas del Río Lindo Dentro de la Tercera Etapa del Proyecto Hidroeléctrico Yojoarío Lindo,,,169000.0,prestamos_sector_publico,Honduras,,Sector Público,,Proyecto de Construcción de un Dique y Obras Conexas para Desviar Aguas del Río Lindo Dentro de la Tercera Etapa del Proyecto Hidroeléctrico Yojoarío Lindo,Fundador
689,2016,,,,Programa de Saneamiento de los Distritos de Arraiján y La Chorrera,,,100000000.0,prestamos_sector_publico,Panamá,,Sector Público,,Programa de Saneamiento de los Distritos de Arraiján y La Chorrera,Regional No-Fundador
690,1965,,,,LC - Crédito Hipotecario Nacional para Financiamiento de vivienda de tipo medio,,,437000.0,prestamos_sector_publico,Guatemala,,Sector Público,,LC - Crédito Hipotecario Nacional para Financiamiento de vivienda de tipo medio,Fundador
691,1979,,,,Construcción de la Carretera Kilómetro 52 (Litoral la Herradura) Playa Costa del Sol,,,5600000.0,prestamos_sector_publico,El Salvador,,Sector Público,,Construcción de la Carretera Kilómetro 52 (Litoral la Herradura) Playa Costa del Sol,Fundador
692,1975,,,,Estudios Finales de los Tramos Tegucigalpa - Jícaro Galán Tegucigalpa - Río del Hombre y Potrerillos - Puerto Cortés de Ruta CA5,,,300000.0,prestamos_sector_publico,Honduras,,Sector Público,,Estudios Finales de los Tramos Tegucigalpa - Jícaro Galán Tegucigalpa - Río del Hombre y Potrerillos - Puerto Cortés de Ruta CA5,Fundador
693,2008,,,,Línea de crédito - Compra de Letras del Tesoro Público (LETES),,,50000000.0,prestamos_sector_publico,El Salvador,,Sector Público,,Línea de crédito - Compra de Letras del Tesoro Público (LETES),Fundador
694,1973,,,,Proyectos de Reconstrucción y Ampliación de los Sistemas de distribución de Energía Eléctrica,,,2850000.0,prestamos_sector_publico,Honduras,,Sector Público,,Proyectos de Reconstrucción y Ampliación de los Sistemas de distribución de Energía Eléctrica,Fundador
695,1989,,,,Participación por Parte del Prestatario en el Programa de Rehabilitación de la Pequeña y Mediana Industria.,,,1000000.0,prestamos_sector_publico,Guatemala,,Sector Público,,Participación por Parte del Prestatario en el Programa de Rehabilitación de la Pequeña y Mediana Industria.,Fundador
696,1981,,,,Complementar el Costo Total Estimado del Proyecto de Carretera la Ceibita - Santa Barbara - desvio a San Nicolas,,,8700000.0,prestamos_sector_publico,Honduras,,Sector Público,,Complementar el Costo Total Estimado del Proyecto de Carretera la Ceibita - Santa Barbara - desvio a San Nicolas,Fundador
697,2001,,,,Proyecto Programa Nacional de Electrificación Social Etapa Esn98 Segunda Fase,,,2625000.0,prestamos_sector_publico,Honduras,,Sector Público,,Proyecto Programa Nacional de Electrificación Social Etapa Esn98 Segunda Fase,Fundador
698,2013,,,,Incremento LGC - Banco Hipotecario de El Salvador,,,7500000.0,prestamos_sector_publico,El Salvador,,Sector Público,,Incremento LGC - Banco Hipotecario de El Salvador,Fundador
699,1977,,,,Adquisición de una Grúa con sus Accesorios y Repuestos para el Manejo de Contenedores en el Puerto de Corinto con una Capacidad Aproximada de 40 Toneladas Métricas,,,2500000.0,prestamos_sector_publico,Nicaragua,,Sector Público,,Adquisición de una Grúa con sus Accesorios y Repuestos para el Manejo de Contenedores en el Puerto de Corinto con una Capacidad Aproximada de 40 Toneladas Métricas,Fundador
700,1980,,,,Proyecto de Viviendas y Lotes Urbanizados de Interés Social en el Lugar Denominado Batahola en la Ciudad de Managua,,,4000000.0,prestamos_sector_publico,Nicaragua,,Sector Público,,Proyecto de Viviendas y Lotes Urbanizados de Interés Social en el Lugar Denominado Batahola en la Ciudad de Managua,Fundador
701,2022,,,,Programa de Apoyo a Inversiones en el Sector Vial,,,170000000.0,prestamos_sector_publico,Guatemala,,Sector Público,,Programa de Apoyo a Inversiones en el Sector Vial,Fundador
702,1991,,,,LC - Banco Central de Honduras,,,3000000.0,prestamos_sector_publico,Honduras,,Sector Público,,LC - Banco Central de Honduras,Fundador
703,1975,,,,Proyecto de Expansión del Puerto de Corinto Consistente en la Constucción de un Muelle de Carga Líquida y Dragado de Canales,,,7800000.0,prestamos_sector_publico,Nicaragua,,Sector Público,,Proyecto de Expansión del Puerto de Corinto Consistente en la Constucción de un Muelle de Carga Líquida y Dragado de Canales,Fundador
704,2003,,,,Proyecto Ampliación Mejoramiento y Modernización del Equipamiento de las Redes de Observación Sismológica Meteorológica e Hidrológica,,,12500000.0,prestamos_sector_publico,Guatemala,,Sector Público,,Proyecto Ampliación Mejoramiento y Modernización del Equipamiento de las Redes de Observación Sismológica Meteorológica e Hidrológica,Fundador
705,2011,,,,Proyecto Carretera Villa San Antonio-Goascorán  Secciones IA Y IB,,,49136000.0,prestamos_sector_publico,Honduras,,Sector Público,,Proyecto Carretera Villa San Antonio-Goascorán  Secciones IA Y IB,Fundador
706,1974,,,,Adquisición de Bienes y Servicios para la Reconstrucción de la Vía Férrea Adquisición e Instalación de de un Nuevo Sistema de Telecomunicaciones y Adquisición de Vehiculos todo Dentro del Programa de Reconstrucción del Prestatario,,,1650000.0,prestamos_sector_publico,Honduras,,Sector Público,,Adquisición de Bienes y Servicios para la Reconstrucción de la Vía Férrea Adquisición e Instalación de de un Nuevo Sistema de Telecomunicaciones y Adquisición de Vehiculos todo Dentro del Programa de Reconstrucción del Prestatario,Fundador
707,1969,,,,Proyecto de la Arteria Regional de Telecomunicaciones en la Parte que Corresponde a la República de Guatemala,,,2700000.0,prestamos_sector_publico,Guatemala,,Sector Público,,Proyecto de la Arteria Regional de Telecomunicaciones en la Parte que Corresponde a la República de Guatemala,Fundador
708,1964,,,,Estudio Técnicoeconómico que Sobre el Proyecto de Construcción Y/o Ampliación de Instalaciones de Almacenamiento de Granos,,,20000.0,prestamos_sector_publico,Guatemala,,Sector Público,,Estudio Técnicoeconómico que Sobre el Proyecto de Construcción Y/o Ampliación de Instalaciones de Almacenamiento de Granos,Fundador
709,1988,,,,Rehabilitación de la Carretera CA-5 Norte  Tramo  Río del Hombre - El Caracol  Sección V Taulabé - La Guama,,,5000000.0,prestamos_sector_publico,Honduras,,Sector Público,,Rehabilitación de la Carretera CA-5 Norte  Tramo  Río del Hombre - El Caracol  Sección V Taulabé - La Guama,Fundador
710,2015,,,,Proyecto Rehabilitación de los Tramos Carreteros La Entrada-Copán Ruinas-El Florido y La Entrada-Santa Rosa de Copán,,,6800000.0,prestamos_sector_publico,Honduras,,Sector Público,,Proyecto Rehabilitación de los Tramos Carreteros La Entrada-Copán Ruinas-El Florido y La Entrada-Santa Rosa de Copán,Fundador
711,2024,,,,Incremento de LCR para Entidades Públicas Descentralizadas No. 2310 a cargo de FOVIAL,,,150000000.0,prestamos_sector_publico,El Salvador,,Sector Público,,Incremento de LCR para Entidades Públicas Descentralizadas No. 2310 a cargo de FOVIAL,Fundador
712,1975,,,,Costo de Servicios de Consultoría Adicionales para Completar la Elaboración de los Estudios de Factibilidad Técnica y Económica Diseño de Planos Finales y Asistenia Técnica de los Proyectos de Tela (Tornasal) Roatán y Copán Ruinas,,,60000.0,prestamos_sector_publico,Honduras,,Sector Público,,Costo de Servicios de Consultoría Adicionales para Completar la Elaboración de los Estudios de Factibilidad Técnica y Económica Diseño de Planos Finales y Asistenia Técnica de los Proyectos de Tela (Tornasal) Roatán y Copán Ruinas,Fundador
713,2016,,,,Programa de Inversión y Modernización para el Sector Justicia,,,300000000.0,prestamos_sector_publico,Guatemala,,Sector Público,,Programa de Inversión y Modernización para el Sector Justicia,Fundador
714,1975,,,,Financiar Servicios de Consultoría para la Actualización del Estudio de Factibilidad Diseño y Preparación de Documentos de Licitación del Proyecto Hidroeléctrico el Cajón,,,3800000.0,prestamos_sector_publico,Honduras,,Sector Público,,Financiar Servicios de Consultoría para la Actualización del Estudio de Factibilidad Diseño y Preparación de Documentos de Licitación del Proyecto Hidroeléctrico el Cajón,Fundador
715,1994,,,,Restauracion de la Infraestructura Fisica de la Universidad de El Salvador,,,475000.0,prestamos_sector_publico,El Salvador,,Sector Público,,Restauracion de la Infraestructura Fisica de la Universidad de El Salvador,Fundador
716,1970,,,,Fondos Destinados Exclusivamente a Cubrir los Costos de Construcción Pavimentación y Supervisión de las Obras Adicionales de la Carreteras Entre la Ciudad de Nueva  Ocotepeque y la Frontera con Gautemala (Ca10),,,1000000.0,prestamos_sector_publico,Honduras,,Sector Público,,Fondos Destinados Exclusivamente a Cubrir los Costos de Construcción Pavimentación y Supervisión de las Obras Adicionales de la Carreteras Entre la Ciudad de Nueva  Ocotepeque y la Frontera con Gautemala (Ca10),Fundador
717,1987,,,,Adquisicón Instalación e Interconexión de una Central de Conmutación Internacional Digital,,,3613300.0,prestamos_sector_publico,Honduras,,Sector Público,,Adquisicón Instalación e Interconexión de una Central de Conmutación Internacional Digital,Fundador
718,1994,,,,LC - Banco Central de Reserva de El Salvador,,,3000000.0,prestamos_sector_publico,El Salvador,,Sector Público,,LC - Banco Central de Reserva de El Salvador,Fundador
719,1993,,,,Proyecto Ampliación y Mejoramiento de la Ruta CA-9 Sur Tramo Palín - Escuintla,,,50000000.0,prestamos_sector_publico,Guatemala,,Sector Público,,Proyecto Ampliación y Mejoramiento de la Ruta CA-9 Sur Tramo Palín - Escuintla,Fundador
720,1977,,,,Financiamiento de Obras y Equipos Necesarios para Pequeños Proyectos de Riego Localizados en Distintas Zonas del Territorio Nicaraguense.,,,4150000.0,prestamos_sector_publico,Nicaragua,,Sector Público,,Financiamiento de Obras y Equipos Necesarios para Pequeños Proyectos de Riego Localizados en Distintas Zonas del Territorio Nicaraguense.,Fundador
721,1990,,,,Instalación de una Planta Piloto Boca de Pozo con Descarga en la Atmosfera para la Termoelectrificación,,,5300000.0,prestamos_sector_publico,Guatemala,,Sector Público,,Instalación de una Planta Piloto Boca de Pozo con Descarga en la Atmosfera para la Termoelectrificación,Fundador
722,1964,,,,Financiar los Estudios de Revaluación de la Materia Primala Plaga del Gorgojo de Mercado para una Planta de Pulpa y Papel en la Zona de Guatemala Departamento de Olancho,,,594000.0,prestamos_sector_publico,Honduras,,Sector Público,,Financiar los Estudios de Revaluación de la Materia Primala Plaga del Gorgojo de Mercado para una Planta de Pulpa y Papel en la Zona de Guatemala Departamento de Olancho,Fundador
723,1978,,,,Completar el Construcción y Supervisión de la Carretera la Ceibajutiapaplanessabá Incluyendo el Puente Sobre el Río Agúan Proyecto Ubicado en los Departamentos de Atlántida y Colón,,,2400000.0,prestamos_sector_publico,Honduras,,Sector Público,,Completar el Construcción y Supervisión de la Carretera la Ceibajutiapaplanessabá Incluyendo el Puente Sobre el Río Agúan Proyecto Ubicado en los Departamentos de Atlántida y Colón,Fundador
724,1999,,,,Proyecto de Apoyo al Programa de Vivienda,,,24000000.0,prestamos_sector_publico,Guatemala,,Sector Público,,Proyecto de Apoyo al Programa de Vivienda,Fundador
725,2014,,,,Proyecto de Construcción  Equipamiento y Modernización de las Oficinas Centrales de la Fiscalía General de la República de El Salvador,,,44887500.0,prestamos_sector_publico,El Salvador,,Sector Público,,Proyecto de Construcción  Equipamiento y Modernización de las Oficinas Centrales de la Fiscalía General de la República de El Salvador,Fundador
726,2003,,,,Proyecto Rehabilitación y Construcción de la Carretera a Puerto Cortés-Frontera con Guatemala (CA-13) Sección II,,,22500000.0,prestamos_sector_publico,Honduras,,Sector Público,,Proyecto Rehabilitación y Construcción de la Carretera a Puerto Cortés-Frontera con Guatemala (CA-13) Sección II,Fundador
727,1972,,,,Preparación de Dibujos Planos Finales y Documentos de Licitación para la Instalación de una Planta Termoeléctrica de Dos Unidades de Generación en la Costa del Pacífico de Nicaragua,,,637000.0,prestamos_sector_publico,Nicaragua,,Sector Público,,Preparación de Dibujos Planos Finales y Documentos de Licitación para la Instalación de una Planta Termoeléctrica de Dos Unidades de Generación en la Costa del Pacífico de Nicaragua,Fundador
728,1993,,,,LC - Instituto Centroamericano de Investigación y Tecnología Industrial,,,800000.0,prestamos_sector_publico,Guatemala,,Sector Público,,LC - Instituto Centroamericano de Investigación y Tecnología Industrial,Fundador
729,1990,,,,LC - Banco de Guatemala,,,3000000.0,prestamos_sector_publico,Guatemala,,Sector Público,,LC - Banco de Guatemala,Fundador
730,1977,,,,Construcción de un Puente Sobre el Río Aguán Incluyendo las Aproximaciones Correspondientes Localizado en la Ruta CA13 Cerca de la Población de Sabá Departamento de Colón de la República de Honduras,,,1200000.0,prestamos_sector_publico,Honduras,,Sector Público,,Construcción de un Puente Sobre el Río Aguán Incluyendo las Aproximaciones Correspondientes Localizado en la Ruta CA13 Cerca de la Población de Sabá Departamento de Colón de la República de Honduras,Fundador
731,1980,,,,Financiar Proyectos de Riego Individual con el Objeto de Fomentar la Producción de Granos Básicos Hortalizas Frutales Platanos y Pastos.,,,5500000.0,prestamos_sector_publico,Nicaragua,,Sector Público,,Financiar Proyectos de Riego Individual con el Objeto de Fomentar la Producción de Granos Básicos Hortalizas Frutales Platanos y Pastos.,Fundador
732,1998,,,,Programa en Apoyo al Sector Productivo,,,10000000.0,prestamos_sector_publico,Guatemala,,Sector Público,,Programa en Apoyo al Sector Productivo,Fundador
733,2008,,,,Proyecto de Desarrollo Sostenible Mejorando la Competitividad en la Economía Rural en Yoro,,,4006000.0,prestamos_sector_publico,Honduras,,Sector Público,,Proyecto de Desarrollo Sostenible Mejorando la Competitividad en la Economía Rural en Yoro,Fundador
734,1994,,,,Proyecto Ampliación y Digitalización Atlántico Sur y Región V,,,11600000.0,prestamos_sector_publico,Nicaragua,,Sector Público,,Proyecto Ampliación y Digitalización Atlántico Sur y Región V,Fundador
735,2007,,,,Proyecto Rehabilitación de la Carretera Tegucigalpa-Danlí,,,23000000.0,prestamos_sector_publico,Honduras,,Sector Público,,Proyecto Rehabilitación de la Carretera Tegucigalpa-Danlí,Fundador
736,1976,,,,Financiamiento Parcial de Aproximadamente 827 Viviendas Medias Regulares y 456 Viviendas Medias Bajas.,,,8000000.0,prestamos_sector_publico,Nicaragua,,Sector Público,,Financiamiento Parcial de Aproximadamente 827 Viviendas Medias Regulares y 456 Viviendas Medias Bajas.,Fundador
737,1973,,,,Institución de Seis Plantas Terminales para el Almacenamiento de Granos y 17 Estaciones de Compra o Silos Rurales,,,6042000.0,prestamos_sector_publico,Guatemala,,Sector Público,,Institución de Seis Plantas Terminales para el Almacenamiento de Granos y 17 Estaciones de Compra o Silos Rurales,Fundador
738,1987,,,,Construcción a Nivel de Subbase del Subtramo de Carretera Desvío a San Nicolás - Portillo - Concepción del Sur de la Ruta de Interconexión CA4/CA5,,,7270000.0,prestamos_sector_publico,Honduras,,Sector Público,,Construcción a Nivel de Subbase del Subtramo de Carretera Desvío a San Nicolás - Portillo - Concepción del Sur de la Ruta de Interconexión CA4/CA5,Fundador
739,1972,,,,Construcción de Obras Adicionales de la Carretera Nueva Ocotepeque - frontera con Guatemala,,,122000.0,prestamos_sector_publico,Honduras,,Sector Público,,Construcción de Obras Adicionales de la Carretera Nueva Ocotepeque - frontera con Guatemala,Fundador
740,1981,,,,Financiar Viviendas Elegibles de los Proyectos Colonia Hato de Enmedio en Tegucigalpa y Colonia el Cid en San Pedro Sula.,,,2500000.0,prestamos_sector_publico,Honduras,,Sector Público,,Financiar Viviendas Elegibles de los Proyectos Colonia Hato de Enmedio en Tegucigalpa y Colonia el Cid en San Pedro Sula.,Fundador
741,1979,,,,Compra de Hipotecas Elegibles Y/o Especiales de Primer Grado Y/o Títulos Hipotecarios Sobre Viviendas Cuyo Precio de Venta No Exceda de Us$175000.,,,6450000.0,prestamos_sector_publico,El Salvador,,Sector Público,,Compra de Hipotecas Elegibles Y/o Especiales de Primer Grado Y/o Títulos Hipotecarios Sobre Viviendas Cuyo Precio de Venta No Exceda de Us$175000.,Fundador
742,1994,,,,LC - Secretaría Permanente del Tratado General de Integración Económica (SIECA),,,750000.0,prestamos_sector_publico,Guatemala,,Sector Público,,LC - Secretaría Permanente del Tratado General de Integración Económica (SIECA),Fundador
743,1986,,,,Estudio de Factibilidad del Proyecto de Rehabilitación del Tramo de la Carretera CA-5 Entre Río del Hombre y El Caracol,,,175000.0,prestamos_sector_publico,Honduras,,Sector Público,,Estudio de Factibilidad del Proyecto de Rehabilitación del Tramo de la Carretera CA-5 Entre Río del Hombre y El Caracol,Fundador
744,1997,,,,Subprograma de Mejoramiento Urbano Fase II (PDM),,,4900000.0,prestamos_sector_publico,Honduras,,Sector Público,,Subprograma de Mejoramiento Urbano Fase II (PDM),Fundador
745,1971,,,,Adquisición por el Prestatario de 384 Acciones de la Compañía Hotelera Nicaraguense S.A.,,,54857.0,prestamos_sector_publico,Nicaragua,,Sector Público,,Adquisición por el Prestatario de 384 Acciones de la Compañía Hotelera Nicaraguense S.A.,Fundador
746,2001,,,,Proyecto de Desarrollo Integral de las Comunidades Rurales (Dicor Iii),,,25000000.0,prestamos_sector_publico,Guatemala,,Sector Público,,Proyecto de Desarrollo Integral de las Comunidades Rurales (Dicor Iii),Fundador
747,2010,,,,Proyecto Autopista del Coral,,,70000000.0,prestamos_sector_publico,República Dominicana,,Sector Público,,Proyecto Autopista del Coral,Regional No-Fundador
748,1981,,,,Compra de Hipotecas Y/o Titulos Hipotecarios Conforme a las Politicas del Programa de Vivienda del Banco Vigentes a la Fecha de cada Desembolso.,,,4000000.0,prestamos_sector_publico,Honduras,,Sector Público,,Compra de Hipotecas Y/o Titulos Hipotecarios Conforme a las Politicas del Programa de Vivienda del Banco Vigentes a la Fecha de cada Desembolso.,Fundador
749,2023,,,,Plan Nacional de Conectividad y Transformación de Infraestructura Vial de la República Dominicana (PLANACOVIAL) Tramo A,,,421000000.0,prestamos_sector_publico,República Dominicana,,Sector Público,,Plan Nacional de Conectividad y Transformación de Infraestructura Vial de la República Dominicana (PLANACOVIAL) Tramo A,Regional No-Fundador
750,1990,,,,LC - Banco de Guatemala,,,18000000.0,prestamos_sector_publico,Guatemala,,Sector Público,,LC - Banco de Guatemala,Fundador
751,1980,,,,Financiar Complementariamente el Proyecto Abastecimiento de Agua Zona Norte I Etapa de la Ciudad de San Salvador,,,21600000.0,prestamos_sector_publico,El Salvador,,Sector Público,,Financiar Complementariamente el Proyecto Abastecimiento de Agua Zona Norte I Etapa de la Ciudad de San Salvador,Fundador
752,1981,,,,Proyecto de Vivienda y Urbanización de Interés Social Denominado las Brisas Localizado en San Pedro Sula.,,,1000000.0,prestamos_sector_publico,Honduras,,Sector Público,,Proyecto de Vivienda y Urbanización de Interés Social Denominado las Brisas Localizado en San Pedro Sula.,Fundador
753,2010,,,,Cadenas Productivas - Comisión Ejecutiva Portuaria Autónoma (CEPA),,,700000.0,prestamos_sector_publico,El Salvador,,Sector Público,,Cadenas Productivas - Comisión Ejecutiva Portuaria Autónoma (CEPA),Fundador
754,1983,,,,Construcción del Tramo de Carretera Tegucigalpa - Río del Hombre de 24 Kms de Longitud Aproximadamente de la Carretera CA-5,,,1500000.0,prestamos_sector_publico,Honduras,,Sector Público,,Construcción del Tramo de Carretera Tegucigalpa - Río del Hombre de 24 Kms de Longitud Aproximadamente de la Carretera CA-5,Fundador
755,1999,,,,Proyecto de Modernización del Cultivo de Café Rehabilitación de Plantaciones de Banano y Fomento del Cultivo de Palma Africana,,,50000000.0,prestamos_sector_publico,Guatemala,,Sector Público,,Proyecto de Modernización del Cultivo de Café Rehabilitación de Plantaciones de Banano y Fomento del Cultivo de Palma Africana,Fundador
756,1986,,,,Construcción de la II Etapa del Aeropuerto de Roatán Islas de la Bahía,,,3000000.0,prestamos_sector_publico,Honduras,,Sector Público,,Construcción de la II Etapa del Aeropuerto de Roatán Islas de la Bahía,Fundador
757,2016,,,,Programa Regional de Modernización de Equipamiento para COCESNA,,,25000000.0,prestamos_sector_publico,Honduras,,Sector Público,,Programa Regional de Modernización de Equipamiento para COCESNA,Fundador
758,1969,,,,Financiamiento Parcial de la Construcción de la Carretera el Rancho Cobán en sus Distintos Tramos y al Financiamiento Parcial de la Pavimentación del Ramal Santa Elena Salamá,,,2300000.0,prestamos_sector_publico,Guatemala,,Sector Público,,Financiamiento Parcial de la Construcción de la Carretera el Rancho Cobán en sus Distintos Tramos y al Financiamiento Parcial de la Pavimentación del Ramal Santa Elena Salamá,Fundador
759,1991,,,,Proyecto Sustitución de la Red Regional Digital de Centroamérica Sección Correspondiente a la República de Nicaragua,,,9400000.0,prestamos_sector_publico,Nicaragua,,Sector Público,,Proyecto Sustitución de la Red Regional Digital de Centroamérica Sección Correspondiente a la República de Nicaragua,Fundador
760,2019,,,,Incremento LGC - Banco Internacional de Costa Rica  S.A. (BICSA),,,34000000.0,prestamos_sector_publico,Panamá,,Sector Público,,Incremento LGC - Banco Internacional de Costa Rica  S.A. (BICSA),Regional No-Fundador
761,1966,,,,Financiar los Estudios de Factibilidad Técnicoeconómica del Programa de Desarrollo Ganadero y el Programa de Fomento Porcino,,,67500.0,prestamos_sector_publico,Honduras,,Sector Público,,Financiar los Estudios de Factibilidad Técnicoeconómica del Programa de Desarrollo Ganadero y el Programa de Fomento Porcino,Fundador
762,1995,,,,Proyecto Desarrollo Integral de la Mujer en Municipios del Sur de Francisco Morazan Norte de Valle y Choluteca II,,,1500000.0,prestamos_sector_publico,Honduras,,Sector Público,,Proyecto Desarrollo Integral de la Mujer en Municipios del Sur de Francisco Morazan Norte de Valle y Choluteca II,Fundador
763,2022,,,,Programa Temporal de Apoyo ante la Crisis de los Combustibles,,,200000000.0,prestamos_sector_publico,República Dominicana,,Sector Público,,Programa Temporal de Apoyo ante la Crisis de los Combustibles,Regional No-Fundador
764,2004,,,,Proyecto Fomento de Empresas Autogestionarias para Mujeres en la Zona Rural,,,3610000.0,prestamos_sector_publico,Honduras,,Sector Público,,Proyecto Fomento de Empresas Autogestionarias para Mujeres en la Zona Rural,Fundador
765,2015,,,,Proyecto Rehabilitación de los Tramos Carreteros La Entrada-Copán Ruinas-El Florido y La Entrada-Santa Rosa de Copán,,,50000000.0,prestamos_sector_publico,Honduras,,Sector Público,,Proyecto Rehabilitación de los Tramos Carreteros La Entrada-Copán Ruinas-El Florido y La Entrada-Santa Rosa de Copán,Fundador
766,1977,,,,Proyecto de Agalteca Consistente en la Instalación de una Planta Siderúrgica para Convertir Mineral de Hierro en Acero,,,100000.0,prestamos_sector_publico,Honduras,,Sector Público,,Proyecto de Agalteca Consistente en la Instalación de una Planta Siderúrgica para Convertir Mineral de Hierro en Acero,Fundador
767,1972,,,,Construcción de los Tramos de la Interconexión de la Ruta CA9 Entre la Avenida Elena y Ciudad Universitaria,,,5500000.0,prestamos_sector_publico,Guatemala,,Sector Público,,Construcción de los Tramos de la Interconexión de la Ruta CA9 Entre la Avenida Elena y Ciudad Universitaria,Fundador
768,1974,,,,Completar el Construcción de los Tramos de la Interconexión de la Ruta CA9 Entre la Avenida Elena y Ciudad Universitaria con una Longitud Total Aproximada de 11 Kilometros de Vía Expresa,,,700000.0,prestamos_sector_publico,Guatemala,,Sector Público,,Completar el Construcción de los Tramos de la Interconexión de la Ruta CA9 Entre la Avenida Elena y Ciudad Universitaria con una Longitud Total Aproximada de 11 Kilometros de Vía Expresa,Fundador
769,1993,,,,Proyecto Mejoramiento y Ampliación del Sistema de Radioayudas a la Navegación Aérea,,,21900000.0,prestamos_sector_publico,Honduras,,Sector Público,,Proyecto Mejoramiento y Ampliación del Sistema de Radioayudas a la Navegación Aérea,Fundador
770,1974,,,,Construcción de Primera Etapa de la Instalación de un Mercado de Mayoreo en la Ciudad de Managua,,,4527000.0,prestamos_sector_publico,Nicaragua,,Sector Público,,Construcción de Primera Etapa de la Instalación de un Mercado de Mayoreo en la Ciudad de Managua,Fundador
771,1997,,,,Proyecto Construcción y Pavimentación de 21 Km. de la Carretera CA-13 Tramo entre Ríos-Suyapa Frontera con Honduras,,,17000000.0,prestamos_sector_publico,Guatemala,,Sector Público,,Proyecto Construcción y Pavimentación de 21 Km. de la Carretera CA-13 Tramo entre Ríos-Suyapa Frontera con Honduras,Fundador
772,1979,,,,Costo de Materiales y Equipos para la Ampliación y Construcción de Subestaciones de Energía Eléctrica del Sistema Interconectado del Prestatario,,,1480000.0,prestamos_sector_publico,Honduras,,Sector Público,,Costo de Materiales y Equipos para la Ampliación y Construcción de Subestaciones de Energía Eléctrica del Sistema Interconectado del Prestatario,Fundador
773,1965,,,,Estudios Preliminares de Ingeniería y Factibilidad Económica Relacionados con el Aprovechamiento de las Aguas del Río Choluteca para los Fines del Establecimiento de Dos Distritos de Riego,,,240000.0,prestamos_sector_publico,Honduras,,Sector Público,,Estudios Preliminares de Ingeniería y Factibilidad Económica Relacionados con el Aprovechamiento de las Aguas del Río Choluteca para los Fines del Establecimiento de Dos Distritos de Riego,Fundador
774,1977,,,,Construcción y Supervisión de las Obras para el Inerconector de las Rutas Regionales CA5 y CA6 en la Ciudad de Tegucigalpa,,,5750000.0,prestamos_sector_publico,Honduras,,Sector Público,,Construcción y Supervisión de las Obras para el Inerconector de las Rutas Regionales CA5 y CA6 en la Ciudad de Tegucigalpa,Fundador
775,2000,,,,Programa de Desarrollo Local FISDL/BCIE,,,30000000.0,prestamos_sector_publico,El Salvador,,Sector Público,,Programa de Desarrollo Local FISDL/BCIE,Fundador
776,1989,,,,LC - Banco Central de Honduras,,,2000000.0,prestamos_sector_publico,Honduras,,Sector Público,,LC - Banco Central de Honduras,Fundador
777,1992,,,,LC - Banco central de Honduras,,,3000000.0,prestamos_sector_publico,Honduras,,Sector Público,,LC - Banco central de Honduras,Fundador
778,2012,,,,Programa de Desarrollo y Sostenimiento Aéreo y Marítimo Portuario,,,92161825.0,prestamos_sector_publico,El Salvador,,Sector Público,,Programa de Desarrollo y Sostenimiento Aéreo y Marítimo Portuario,Fundador
779,2000,,,,Proyecto Dotación de Techo - Piso para el Área Rural de la República de Guatemala,,,2500000.0,prestamos_sector_publico,Guatemala,,Sector Público,,Proyecto Dotación de Techo - Piso para el Área Rural de la República de Guatemala,Fundador
780,1983,,,,Proyecto Carretero Managua - León  León Chinandega - Corinto - Managua - Monte Fresco - las Conchitas y Sebaco - Matagalpa - Jinotega,,,380000.0,prestamos_sector_publico,Nicaragua,,Sector Público,,Proyecto Carretero Managua - León  León Chinandega - Corinto - Managua - Monte Fresco - las Conchitas y Sebaco - Matagalpa - Jinotega,Fundador
781,1998,,,,Proyecto Suministro de Radar Primario y Secundario Monopul,,,12450000.0,prestamos_sector_publico,Guatemala,,Sector Público,,Proyecto Suministro de Radar Primario y Secundario Monopul,Fundador
782,1991,,,,Proyecto Ruta Alterna Regional Honduras - Guatemala y Derivaciones Nacionales,,,9020000.0,prestamos_sector_publico,Honduras,,Sector Público,,Proyecto Ruta Alterna Regional Honduras - Guatemala y Derivaciones Nacionales,Fundador
783,1987,,,,Construcción a Nivel de Pavimento del Subtramo de Carretera Desvío a San Nicolás - Pito Solo de la Ruta de Interconexión CA4/CA5,,,10130000.0,prestamos_sector_publico,Honduras,,Sector Público,,Construcción a Nivel de Pavimento del Subtramo de Carretera Desvío a San Nicolás - Pito Solo de la Ruta de Interconexión CA4/CA5,Fundador
784,1963,,,,Completar los Estudios Definitivos de la Carretera CA13 (Danli - las Manos),,,60000.0,prestamos_sector_publico,Honduras,,Sector Público,,Completar los Estudios Definitivos de la Carretera CA13 (Danli - las Manos),Fundador
785,1976,,,,Proyecto de Reconstrucción de Drenajes y Rehabilitación de Vías Urbanas en la Ciudad de Guatemala,,,2720000.0,prestamos_sector_publico,Guatemala,,Sector Público,,Proyecto de Reconstrucción de Drenajes y Rehabilitación de Vías Urbanas en la Ciudad de Guatemala,Fundador
786,2012,,,,Proyecto Modernización y Equipamiento para Observación Medioambiental y de Protección Civil (Fase II),,,26100000.0,prestamos_sector_publico,Honduras,,Sector Público,,Proyecto Modernización y Equipamiento para Observación Medioambiental y de Protección Civil (Fase II),Fundador
787,1972,,,,Instalación de una Planta Termoeléctrica de Dos Unidades con una Capacidad de Generación de Aproximadamente 100 Mw Lineas de Transmision Incluyendo las Necesarias para la Interconexión Eléctrica con el Sistema de Honduras,,,6100000.0,prestamos_sector_publico,Nicaragua,,Sector Público,,Instalación de una Planta Termoeléctrica de Dos Unidades con una Capacidad de Generación de Aproximadamente 100 Mw Lineas de Transmision Incluyendo las Necesarias para la Interconexión Eléctrica con el Sistema de Honduras,Fundador
788,1965,,,,Adquisición de Equipo Electrónico Gastos de Instalación del Equipo Capital de Trabajo e Imprevistos,,,50000.0,prestamos_sector_publico,Honduras,,Sector Público,,Adquisición de Equipo Electrónico Gastos de Instalación del Equipo Capital de Trabajo e Imprevistos,Fundador
789,1998,,,,Programa de Desarrollo Integral en Areas con Potencial de Riego y Drenaje,,,40000000.0,prestamos_sector_publico,Guatemala,,Sector Público,,Programa de Desarrollo Integral en Areas con Potencial de Riego y Drenaje,Fundador
790,1991,,,,LC - Banco Central de Honduras,,,1000000.0,prestamos_sector_publico,Honduras,,Sector Público,,LC - Banco Central de Honduras,Fundador
791,1991,,,,Proyecto Rehabilitación del Sistema de Transmisión Eléctrica de la República de Nicaragua,,,9800000.0,prestamos_sector_publico,Nicaragua,,Sector Público,,Proyecto Rehabilitación del Sistema de Transmisión Eléctrica de la República de Nicaragua,Fundador
792,1999,,,,Proyecto Modernización del Instituto Geográfico Nacional Ing Alfredo Obiols Gómez,,,5930200.0,prestamos_sector_publico,Guatemala,,Sector Público,,Proyecto Modernización del Instituto Geográfico Nacional Ing Alfredo Obiols Gómez,Fundador
793,2024,,,,Proyecto de Construcción de la Presa Multipropósito El Tablón  Etapa I,,,300000000.0,prestamos_sector_publico,Honduras,,Sector Público,,Proyecto de Construcción de la Presa Multipropósito El Tablón  Etapa I,Fundador
794,2008,,,,Préstamo - Proyecto de Apoyo para la Inserción de los Pequeños Productores en las Cadenas de Valor y Acceso a Mercados (PROCAVAL),,,2000000.0,prestamos_sector_publico,Nicaragua,,Sector Público,,Préstamo - Proyecto de Apoyo para la Inserción de los Pequeños Productores en las Cadenas de Valor y Acceso a Mercados (PROCAVAL),Fundador
795,1967,,,,Financiamiento Parcial de la Pavimentación de la Carretera San Benito - Rama,,,2200000.0,prestamos_sector_publico,Nicaragua,,Sector Público,,Financiamiento Parcial de la Pavimentación de la Carretera San Benito - Rama,Fundador
796,1992,,,,Adquisición de Bienes y Servicios Relacionados con la Ejecución del Proyecto Rehabilitación de la Zona Franca Industrial las Mercedes,,,7100000.0,prestamos_sector_publico,Nicaragua,,Sector Público,,Adquisición de Bienes y Servicios Relacionados con la Ejecución del Proyecto Rehabilitación de la Zona Franca Industrial las Mercedes,Fundador
797,1975,,,,LC - Secretaría Permanente del Tratado General de Integración Económica Centroamericana,,,500000.0,prestamos_sector_publico,Guatemala,,Sector Público,,LC - Secretaría Permanente del Tratado General de Integración Económica Centroamericana,Fundador
798,1989,,,,Participación por Parte del Prestatario en el Programa de Rehabilitación de la Pequeña y Mediana Industria.,,,1000000.0,prestamos_sector_publico,Honduras,,Sector Público,,Participación por Parte del Prestatario en el Programa de Rehabilitación de la Pequeña y Mediana Industria.,Fundador
799,1978,,,,Financiar Reconstrucción del Tramo de la Ruta CA5 Entre Tegucigalpa y Jícaro Galán,,,9500000.0,prestamos_sector_publico,Honduras,,Sector Público,,Financiar Reconstrucción del Tramo de la Ruta CA5 Entre Tegucigalpa y Jícaro Galán,Fundador
800,1995,,,,Proyecto II Etapa del Programa del Fondo Hondureño de Inversión Social,,,5000000.0,prestamos_sector_publico,Honduras,,Sector Público,,Proyecto II Etapa del Programa del Fondo Hondureño de Inversión Social,Fundador
801,1988,,,,Financiar Complementariamente la Construcción de la Carretera Km 52 (Litoral - La Herradura - Playa Costa del Sol),,,3500000.0,prestamos_sector_publico,El Salvador,,Sector Público,,Financiar Complementariamente la Construcción de la Carretera Km 52 (Litoral - La Herradura - Playa Costa del Sol),Fundador
802,1995,,,,Programa de Saneamiento Básico Rural I,,,1000000.0,prestamos_sector_publico,Guatemala,,Sector Público,,Programa de Saneamiento Básico Rural I,Fundador
803,1988,,,,Rehabilitación de la Carretera CA-5 Norte  Tramo  Río del Hombre - El Caracol  Sección  VI la Guama - El Caracol,,,5200000.0,prestamos_sector_publico,Honduras,,Sector Público,,Rehabilitación de la Carretera CA-5 Norte  Tramo  Río del Hombre - El Caracol  Sección  VI la Guama - El Caracol,Fundador
804,2011,,,,Programa de Desarrollo Rural Sostenible para la Región Sur,,,10000000.0,prestamos_sector_publico,Honduras,,Sector Público,,Programa de Desarrollo Rural Sostenible para la Región Sur,Fundador
805,1971,,,,Adquisición por el Prestatario de 6120 Acciones de Textiles Fabricato de Nicaragua S.A.,,,87429.0,prestamos_sector_publico,Nicaragua,,Sector Público,,Adquisición por el Prestatario de 6120 Acciones de Textiles Fabricato de Nicaragua S.A.,Fundador
806,2018,,,,Programa de Inversión en Infraestructura y Equipamiento Hospitalario,,,193200000.0,prestamos_sector_publico,Guatemala,,Sector Público,,Programa de Inversión en Infraestructura y Equipamiento Hospitalario,Fundador
807,1982,,,,Proyecto de Desarrollo Rural Integrado de Santa Bárbara (Prodesba),,,5600000.0,prestamos_sector_publico,Honduras,,Sector Público,,Proyecto de Desarrollo Rural Integrado de Santa Bárbara (Prodesba),Fundador
808,2011,,,,Rehabilitación de la Ruta Existente y Ampliación a Cuatro Carriles de la Ruta CA2 Occidente,,,119400000.0,prestamos_sector_publico,Guatemala,,Sector Público,,Rehabilitación de la Ruta Existente y Ampliación a Cuatro Carriles de la Ruta CA2 Occidente,Fundador
809,1987,,,,LC - Banco Central de Reserva de El Salvador,,,5000000.0,prestamos_sector_publico,El Salvador,,Sector Público,,LC - Banco Central de Reserva de El Salvador,Fundador
810,2023,,,,Programa de Carreteras Resilientes de Honduras (PCR),,,606988111.14,prestamos_sector_publico,Honduras,,Sector Público,,Programa de Carreteras Resilientes de Honduras (PCR),Fundador
811,2017,,,,Programa Integral de Asentamientos Humanos  Productivos y Sostenibles a Nivel Nacional (PIAHPS).,,,70000000.0,prestamos_sector_publico,El Salvador,,Sector Público,,Programa Integral de Asentamientos Humanos  Productivos y Sostenibles a Nivel Nacional (PIAHPS).,Fundador
812,1987,,,,LC - Banco Central de Honduras,,,2500000.0,prestamos_sector_publico,Honduras,,Sector Público,,LC - Banco Central de Honduras,Fundador
813,2012,,,,Rehabilitación de la Ruta Existente y Ampliación a Cuatro Carriles de la Ruta CA-2 Oriente,,,280000000.0,prestamos_sector_publico,Guatemala,,Sector Público,,Rehabilitación de la Ruta Existente y Ampliación a Cuatro Carriles de la Ruta CA-2 Oriente,Fundador
814,1993,,,,Ejecución del Proyecto Almacén Frigorífico Polivalente y Politermo en Puerto Cortés,,,11750000.0,prestamos_sector_publico,Honduras,,Sector Público,,Ejecución del Proyecto Almacén Frigorífico Polivalente y Politermo en Puerto Cortés,Fundador
815,2020,,,,Programa para la Reactivación Económica a través de la MIPYME en la Crisis y Post Crisis COVID-19 en Honduras,,,225000000.0,prestamos_sector_publico,Honduras,,Sector Público,,Programa para la Reactivación Económica a través de la MIPYME en la Crisis y Post Crisis COVID-19 en Honduras,Fundador
816,1984,,,,Proyecto de Emergencia de Abastecimiento de Agua para la Ciudad de Guatemala,,,1200000.0,prestamos_sector_publico,Guatemala,,Sector Público,,Proyecto de Emergencia de Abastecimiento de Agua para la Ciudad de Guatemala,Fundador
817,2011,,,,Programa de Vivienda y Mejoramiento Integral del Hábitat en Nicaragua (PROHABITAT),,,9000000.0,prestamos_sector_publico,Nicaragua,,Sector Público,,Programa de Vivienda y Mejoramiento Integral del Hábitat en Nicaragua (PROHABITAT),Fundador
818,1972,,,,Construcción de la Carretera Tela - La Ceiba,,,703000.0,prestamos_sector_publico,Honduras,,Sector Público,,Construcción de la Carretera Tela - La Ceiba,Fundador
819,2000,,,,Proyecto Fondo Nacional de Desarrollo Rural Sostenible (FONADERS),,,1500000.0,prestamos_sector_publico,Honduras,,Sector Público,,Proyecto Fondo Nacional de Desarrollo Rural Sostenible (FONADERS),Fundador
820,2024,,,,Programa de Recuperación Sostenible del Lago de Yojoa,,,80000000.0,prestamos_sector_publico,Honduras,,Sector Público,,Programa de Recuperación Sostenible del Lago de Yojoa,Fundador
821,2009,,,,Rehabilitación y Modernización de las Plantas Hidroeléctricas Centroamérica y Santa Bárbara,,,25400000.0,prestamos_sector_publico,Nicaragua,,Sector Público,,Rehabilitación y Modernización de las Plantas Hidroeléctricas Centroamérica y Santa Bárbara,Fundador
822,1988,,,,Proyecto Educación y Trabajo Consistente en la Construcción Equipamiento y Operación de Sesenta Talleres de Aprendizaje en Escuelas Localizadas en Barrios Marginales de Tegucigalpa,,,2600000.0,prestamos_sector_publico,Honduras,,Sector Público,,Proyecto Educación y Trabajo Consistente en la Construcción Equipamiento y Operación de Sesenta Talleres de Aprendizaje en Escuelas Localizadas en Barrios Marginales de Tegucigalpa,Fundador
823,1991,,,,Proyecto Sustitución de la Red Regional Digital de Centroamérica Sección Correspondiente a la República de Guatemala,,,4300000.0,prestamos_sector_publico,Guatemala,,Sector Público,,Proyecto Sustitución de la Red Regional Digital de Centroamérica Sección Correspondiente a la República de Guatemala,Fundador
824,1977,,,,LC - Instituto Centroamericano de Investigación y Tecnología Industrial,,,280000.0,prestamos_sector_publico,Guatemala,,Sector Público,,LC - Instituto Centroamericano de Investigación y Tecnología Industrial,Fundador
825,2010,,,,Programa Multisectorial de Emergencia  Fortalecimiento Fiscal y Equidad Social ,,,280000000.0,prestamos_sector_publico,Honduras,,Sector Público,,Programa Multisectorial de Emergencia  Fortalecimiento Fiscal y Equidad Social ,Fundador
826,1976,,,,Proyecto Parque Industrial de Jinotepe,,,2800000.0,prestamos_sector_publico,Nicaragua,,Sector Público,,Proyecto Parque Industrial de Jinotepe,Fundador
827,1968,,,,Financiamiento Total de la Construcción de la Carretera Choluteca - Frontera con Nicaragua (CA3),,,2200000.0,prestamos_sector_publico,Honduras,,Sector Público,,Financiamiento Total de la Construcción de la Carretera Choluteca - Frontera con Nicaragua (CA3),Fundador
828,1992,,,,LC - Banco central de Honduras,,,1000000.0,prestamos_sector_publico,Honduras,,Sector Público,,LC - Banco central de Honduras,Fundador
829,1978,,,,Preparación del Diseño Final y Documentos de Licitación  del Proyecto Hidroeléctrico el Níspero en el Departamento de Santa Bárbara,,,600000.0,prestamos_sector_publico,Honduras,,Sector Público,,Preparación del Diseño Final y Documentos de Licitación  del Proyecto Hidroeléctrico el Níspero en el Departamento de Santa Bárbara,Fundador
830,1979,,,,Financiar Complementariamente los Costos del Complejo Arqueológico y Turístico de Copán en el Departamento de Copán,,,1750000.0,prestamos_sector_publico,Honduras,,Sector Público,,Financiar Complementariamente los Costos del Complejo Arqueológico y Turístico de Copán en el Departamento de Copán,Fundador
831,2018,,,,Incremento LC - Banco Central de Reserva de El Salvador (BCR),,,100000000.0,prestamos_sector_publico,El Salvador,,Sector Público,,Incremento LC - Banco Central de Reserva de El Salvador (BCR),Fundador
832,2019,,,,Proyecto de Modernización del Documento de Identificación en Honduras (Identifícate),,,63586952.0,prestamos_sector_publico,Honduras,,Sector Público,,Proyecto de Modernización del Documento de Identificación en Honduras (Identifícate),Fundador
833,1975,,,,Completar el Costo de Aquisición de una Central Telefónica Interurbana Incluyendo Gastos de Asistencia Técnica y de Entrenamiento,,,1940000.0,prestamos_sector_publico,Guatemala,,Sector Público,,Completar el Costo de Aquisición de una Central Telefónica Interurbana Incluyendo Gastos de Asistencia Técnica y de Entrenamiento,Fundador
834,1968,,,,Construcción de la Carretera Puerto Cortés - Frontera de Guatemala Ruta CA13,,,4000000.0,prestamos_sector_publico,Honduras,,Sector Público,,Construcción de la Carretera Puerto Cortés - Frontera de Guatemala Ruta CA13,Fundador
835,2017,,,,Proyecto Rehabilitación de la Pista Juan Pablo II y Construcción de Pasos a Desnivel,,,105470000.0,prestamos_sector_publico,Nicaragua,,Sector Público,,Proyecto Rehabilitación de la Pista Juan Pablo II y Construcción de Pasos a Desnivel,Fundador
836,2001,,,,Programa de Infraestructura Básica en Educación,,,9000000.0,prestamos_sector_publico,Guatemala,,Sector Público,,Programa de Infraestructura Básica en Educación,Fundador
837,1994,,,,Proyecto Ampliación del Sistema de Radionavegación Aérea,,,1200000.0,prestamos_sector_publico,Honduras,,Sector Público,,Proyecto Ampliación del Sistema de Radionavegación Aérea,Fundador
838,1990,,,,LC - Banco Central de Honduras,,,16400000.0,prestamos_sector_publico,Honduras,,Sector Público,,LC - Banco Central de Honduras,Fundador
839,1970,,,,Construcción del Tramo Tegucigalpa - Danlí de la Carretera CA6,,,6600000.0,prestamos_sector_publico,Honduras,,Sector Público,,Construcción del Tramo Tegucigalpa - Danlí de la Carretera CA6,Fundador
840,1965,,,,Ampliar Fondos para Costear los Estudios de Factibilidad del Programa de Almacenamiento y Conservación de Granos Básicos,,,2500.0,prestamos_sector_publico,Honduras,,Sector Público,,Ampliar Fondos para Costear los Estudios de Factibilidad del Programa de Almacenamiento y Conservación de Granos Básicos,Fundador
841,1991,,,,Proyecto  Ruta Alterna Digital de Telecomunicaciones NicaraguaEl Salvador y la Digitalización de la Estación Terrena,,,17000000.0,prestamos_sector_publico,Nicaragua,,Sector Público,,Proyecto  Ruta Alterna Digital de Telecomunicaciones NicaraguaEl Salvador y la Digitalización de la Estación Terrena,Fundador
842,1977,,,,Financiamiento de Mano de Obra e Insumos Necesarios para el Cultivo del Marañón en Aproximadamente 3875 Hectáreas Localizadas a lo Largo de la Costa del Pacífico de Nicaragua,,,1360000.0,prestamos_sector_publico,Nicaragua,,Sector Público,,Financiamiento de Mano de Obra e Insumos Necesarios para el Cultivo del Marañón en Aproximadamente 3875 Hectáreas Localizadas a lo Largo de la Costa del Pacífico de Nicaragua,Fundador
843,1966,,,,Estudios de Modernización Rectificación y Caminos Acceso Carretera,,,365000.0,prestamos_sector_publico,Honduras,,Sector Público,,Estudios de Modernización Rectificación y Caminos Acceso Carretera,Fundador
844,1965,,,,Estudio Mejoramiento Servicios de Navegación Aerea,,,100000.0,prestamos_sector_publico,Honduras,,Sector Público,,Estudio Mejoramiento Servicios de Navegación Aerea,Fundador
845,2011,,,,Esquema para el Apoyo de Proyectos Productivos del Sector Público y Privado mediante la Conversión de Deuda Interna de Corto Plazo a Deuda Externa	de Largo Plazo,,,300000000.0,prestamos_sector_publico,Honduras,,Sector Público,,Esquema para el Apoyo de Proyectos Productivos del Sector Público y Privado mediante la Conversión de Deuda Interna de Corto Plazo a Deuda Externa	de Largo Plazo,Fundador
846,2020,,,,Proyecto Bio-CLIMA,,,84043535.0,prestamos_sector_publico,Nicaragua,,Sector Público,,Proyecto Bio-CLIMA,Fundador
847,1963,,,,Financiar el costo del estudio de factibilidad del proyecto de interconexión eléctrica y desarrollo combinado de los sistemas eléctricos centrales de Honduras y El Salvador.,,,77000.0,prestamos_sector_publico,Honduras,,Sector Público,,Financiar el costo del estudio de factibilidad del proyecto de interconexión eléctrica y desarrollo combinado de los sistemas eléctricos centrales de Honduras y El Salvador.,Fundador
848,1974,,,,LC - Instituto de Fomento Nacional,,,2625000.0,prestamos_sector_publico,Nicaragua,,Sector Público,,LC - Instituto de Fomento Nacional,Fundador
849,1969,,,,Adquisición de Materiales y Equipo para Señalamiento Vial Control y Conteo de Vehículos Control de Pesos y Regulación de Tránsito en la Red de Carreteras Nacionales y Regionales de Nicaragua,,,134800.0,prestamos_sector_publico,Nicaragua,,Sector Público,,Adquisición de Materiales y Equipo para Señalamiento Vial Control y Conteo de Vehículos Control de Pesos y Regulación de Tránsito en la Red de Carreteras Nacionales y Regionales de Nicaragua,Fundador
850,1994,,,,LC - Banco Central de Nicaragua,,,3700000.0,prestamos_sector_publico,Nicaragua,,Sector Público,,LC - Banco Central de Nicaragua,Fundador
851,1977,,,,Completar el Financiamiento de los Caminos de Acceso y los Compamentos para la Planta Hidroeléctrica de Pueblo Viejo (Chixoy Medio),,,7500000.0,prestamos_sector_publico,Guatemala,,Sector Público,,Completar el Financiamiento de los Caminos de Acceso y los Compamentos para la Planta Hidroeléctrica de Pueblo Viejo (Chixoy Medio),Fundador
852,1974,,,,Plan Maestro para el Desarrollo del Polo Turístico de San Juan del Sur y de los Puntos de Circuito de Managua Granada Masachapa e Isla de Maíz,,,500000.0,prestamos_sector_publico,Nicaragua,,Sector Público,,Plan Maestro para el Desarrollo del Polo Turístico de San Juan del Sur y de los Puntos de Circuito de Managua Granada Masachapa e Isla de Maíz,Fundador
853,1990,,,,Adquisición de Equipos Cables Materiales Telefónicos y los Servicios Correspondientes a la Central de Conmutación Digital para la Zona de Miraflores Ciudad de Tegucigalpa,,,2400000.0,prestamos_sector_publico,Honduras,,Sector Público,,Adquisición de Equipos Cables Materiales Telefónicos y los Servicios Correspondientes a la Central de Conmutación Digital para la Zona de Miraflores Ciudad de Tegucigalpa,Fundador
854,1971,,,,Financiar Actividades Relacionadas con la Expoertación de Productos No Tradicionales y Turismo.,,,500000.0,prestamos_sector_publico,Nicaragua,,Sector Público,,Financiar Actividades Relacionadas con la Expoertación de Productos No Tradicionales y Turismo.,Fundador
855,1990,,,,Proyecto Desarrollo Agrícola para Pequeños Productores de la Región Paracentral de El Salvador,,,3270000.0,prestamos_sector_publico,El Salvador,,Sector Público,,Proyecto Desarrollo Agrícola para Pequeños Productores de la Región Paracentral de El Salvador,Fundador
856,1979,,,,Financiar Complementariamente la Construcción de Ocho Edificios Industriales de la Primera Etapa de la Zona Libre de Exportación,,,2900000.0,prestamos_sector_publico,Honduras,,Sector Público,,Financiar Complementariamente la Construcción de Ocho Edificios Industriales de la Primera Etapa de la Zona Libre de Exportación,Fundador
857,1977,,,,Costo de los Estudios de Exploración Factibilidad y Transmisión de Tecnología para el Aprovechamiento del Langostino a Realizarse en el Litoral Pacifico de la Republica de Nicaragua,,,200000.0,prestamos_sector_publico,Nicaragua,,Sector Público,,Costo de los Estudios de Exploración Factibilidad y Transmisión de Tecnología para el Aprovechamiento del Langostino a Realizarse en el Litoral Pacifico de la Republica de Nicaragua,Fundador
858,2013,,,,Programa de Transporte Público para el Distrito Central (Trans450),,,10000000.0,prestamos_sector_publico,Honduras,,Sector Público,,Programa de Transporte Público para el Distrito Central (Trans450),Fundador
859,1971,,,,Adquisición por el Prestatario de 6300 Acciones de Productos Lácteos de Centroamérica S.A.,,,90000.0,prestamos_sector_publico,Nicaragua,,Sector Público,,Adquisición por el Prestatario de 6300 Acciones de Productos Lácteos de Centroamérica S.A.,Fundador
860,1970,,,,Financiación de los Estudios Finales de Ingeniería de la Carretera Marcala - Tutule - La Paz,,,64500.0,prestamos_sector_publico,Honduras,,Sector Público,,Financiación de los Estudios Finales de Ingeniería de la Carretera Marcala - Tutule - La Paz,Fundador
861,1982,,,,Proyecto de Desarrollo Rural Integrado del Departamento de Santa Bárbara (Prodesba),,,5400000.0,prestamos_sector_publico,Honduras,,Sector Público,,Proyecto de Desarrollo Rural Integrado del Departamento de Santa Bárbara (Prodesba),Fundador
862,1969,,,,Fondos Destinados Exclusivamente a Completar la Financiación de la Carretera Tela - La Ceiba,,,2000000.0,prestamos_sector_publico,Honduras,,Sector Público,,Fondos Destinados Exclusivamente a Completar la Financiación de la Carretera Tela - La Ceiba,Fundador
863,1988,,,,Proyecto de Interconexión de las Carreteras Regionales CA-1 y CA-12 en la Ciudad de Santa Ana,,,3840000.0,prestamos_sector_publico,El Salvador,,Sector Público,,Proyecto de Interconexión de las Carreteras Regionales CA-1 y CA-12 en la Ciudad de Santa Ana,Fundador
864,1964,,,,Construcción de 44 Km de la Carretera CA3 (Puente Real - Frontera Honduras) 25 de la Carretera CA6 (Ocotal - Las Manos) Frontera de Honduras,,,4780000.0,prestamos_sector_publico,Nicaragua,,Sector Público,,Construcción de 44 Km de la Carretera CA3 (Puente Real - Frontera Honduras) 25 de la Carretera CA6 (Ocotal - Las Manos) Frontera de Honduras,Fundador
865,1978,,,,Proyectos de Vivienda a Cooperativas o Grupos Cooperativos Debidamente Constituidos y Reconocidos y Prestamos Individuales para Construcción de Viviendas.,,,30000000.0,prestamos_sector_publico,Guatemala,,Sector Público,,Proyectos de Vivienda a Cooperativas o Grupos Cooperativos Debidamente Constituidos y Reconocidos y Prestamos Individuales para Construcción de Viviendas.,Fundador
866,1987,,,,Participación por Parte del Prestatario en el Programa de Rehabilitación de la Pequeña y Mediana Industria.,,,1000000.0,prestamos_sector_publico,Honduras,,Sector Público,,Participación por Parte del Prestatario en el Programa de Rehabilitación de la Pequeña y Mediana Industria.,Fundador
867,1974,,,,Proyecto Hidroelectrico Yojoa - Río Lindo,,,1400000.0,prestamos_sector_publico,Honduras,,Sector Público,,Proyecto Hidroelectrico Yojoa - Río Lindo,Fundador
868,1993,,,,Proyecto Plan de Desarrollo Rural de la Región de Occidente (Plandero),,,1412000.0,prestamos_sector_publico,Honduras,,Sector Público,,Proyecto Plan de Desarrollo Rural de la Región de Occidente (Plandero),Fundador
869,2020,,,,Programa para la Reactivación Económica a través de la MIPYME en la Crisis y Post Crisis COVID-19 en Honduras (Reorientación - Programa de Crédito para la Agroindustria y Cajas Rurales),,,75000000.0,prestamos_sector_publico,Honduras,,Sector Público,,Programa para la Reactivación Económica a través de la MIPYME en la Crisis y Post Crisis COVID-19 en Honduras (Reorientación - Programa de Crédito para la Agroindustria y Cajas Rurales),Fundador
870,1965,,,,Estudios Preliminares de Ingeniería y Factibilidad Económica de las Siguientes Carreteras  CA6  CA7  CA10  CA11  CA11a  CA13.,,,609400.0,prestamos_sector_publico,Honduras,,Sector Público,,Estudios Preliminares de Ingeniería y Factibilidad Económica de las Siguientes Carreteras  CA6  CA7  CA10  CA11  CA11a  CA13.,Fundador
871,2018,,,,Línea de Crédito Revolvente a Empresa de Transmisión Eléctrica  Sociedad Anónima (ETESA),,,50000000.0,prestamos_sector_publico,Panamá,,Sector Público,,Línea de Crédito Revolvente a Empresa de Transmisión Eléctrica  Sociedad Anónima (ETESA),Regional No-Fundador
872,1974,,,,Cancelar al Banco el Monto del Prestamo Otorgado a Productos Lacteos de Honduras S.A. de C.V. (Plahsa) Segun Escritura Pública del 1 de Febrero de 1971.,,,630000.0,prestamos_sector_publico,Honduras,,Sector Público,,Cancelar al Banco el Monto del Prestamo Otorgado a Productos Lacteos de Honduras S.A. de C.V. (Plahsa) Segun Escritura Pública del 1 de Febrero de 1971.,Fundador
873,2001,,,,Proyecto de Rehabilitación y Construcción de la Carretera Puerto Cortés,,,22800000.0,prestamos_sector_publico,Honduras,,Sector Público,,Proyecto de Rehabilitación y Construcción de la Carretera Puerto Cortés,Fundador
874,1978,,,,LC - Banco Central de Nicaragua,,,3000000.0,prestamos_sector_publico,Nicaragua,,Sector Público,,LC - Banco Central de Nicaragua,Fundador
875,2016,,,,Proyecto de Desarrollo Sostenible de los Medios de Vida de las Familias Rurales en el Corredor Seco de Nicaragua (NICAVIDA),,,15000000.0,prestamos_sector_publico,Nicaragua,,Sector Público,,Proyecto de Desarrollo Sostenible de los Medios de Vida de las Familias Rurales en el Corredor Seco de Nicaragua (NICAVIDA),Fundador
876,1994,,,,Proyecto Adquisición de Transformadores,,,5915000.0,prestamos_sector_publico,Honduras,,Sector Público,,Proyecto Adquisición de Transformadores,Fundador
877,2015,,,,Programa de Apoyo a Proyectos de Inversión,,,250000000.00000003,prestamos_sector_publico,Guatemala,,Sector Público,,Programa de Apoyo a Proyectos de Inversión,Fundador
878,2003,,,,Programa de Electrificación Rural (PER),,,40100000.0,prestamos_sector_publico,Guatemala,,Sector Público,,Programa de Electrificación Rural (PER),Fundador
879,2017,,,,Proyecto Plan de Inversiones Estratégicas para la Reducción de Pérdidas de la Empresa Nacional de Energía Eléctrica (ENEE) ,,,150000000.0,prestamos_sector_publico,Honduras,,Sector Público,,Proyecto Plan de Inversiones Estratégicas para la Reducción de Pérdidas de la Empresa Nacional de Energía Eléctrica (ENEE) ,Fundador
880,1978,,,,Proyecto Parque Internacional de Ferias,,,2000000.0,prestamos_sector_publico,Nicaragua,,Sector Público,,Proyecto Parque Internacional de Ferias,Fundador
881,1974,,,,Proyecto Hidroeléctrico Yojoa - Río Lindo,,,400000.0,prestamos_sector_publico,Honduras,,Sector Público,,Proyecto Hidroeléctrico Yojoa - Río Lindo,Fundador
882,2012,,,,Programa de Mejoramiento y Ampliación de Agua Potable y Saneamiento en el Pacífico y Centro de Nicaragua,,,56567400.0,prestamos_sector_publico,Nicaragua,,Sector Público,,Programa de Mejoramiento y Ampliación de Agua Potable y Saneamiento en el Pacífico y Centro de Nicaragua,Fundador
883,1998,,,,LC - Fondo Nacional para la Producción y la Vivienda ,,,44000000.0,prestamos_sector_publico,Honduras,,Sector Público,,LC - Fondo Nacional para la Producción y la Vivienda ,Fundador
884,1982,,,,Construcción a Nivel de Subbase del Tramo de Carretera Siguatepeque - Valle - Jesús de Otoro de Aproximadamente 368 Kms de la Ruta CA-11A,,,13500000.0,prestamos_sector_publico,Honduras,,Sector Público,,Construcción a Nivel de Subbase del Tramo de Carretera Siguatepeque - Valle - Jesús de Otoro de Aproximadamente 368 Kms de la Ruta CA-11A,Fundador
885,1987,,,,Rehabilitación de la Carretera CA-1 Oriente Tramo Barberena - Cuilapa - El Molino,,,5670000.0,prestamos_sector_publico,Guatemala,,Sector Público,,Rehabilitación de la Carretera CA-1 Oriente Tramo Barberena - Cuilapa - El Molino,Fundador
886,2021,,,,OPD en Apoyo a la Implementación de la Ley General de la Industria Eléctrica (LGIE),,,250000000.0,prestamos_sector_publico,Honduras,,Sector Público,,OPD en Apoyo a la Implementación de la Ley General de la Industria Eléctrica (LGIE),Fundador
887,2001,,,,Programa de Inversión en Infraestructura Maquinaria y Equipo para la Universidad de San Carlos de Guatemala Ii Etapa,,,33651252.0,prestamos_sector_publico,Guatemala,,Sector Público,,Programa de Inversión en Infraestructura Maquinaria y Equipo para la Universidad de San Carlos de Guatemala Ii Etapa,Fundador
888,1986,,,,Estudios de Factibilidad de los Proyectos Remolino y Sico II y el Estudio Plan de Optimización del Sistema de Generación Eléctrica de la Enee,,,3600000.0,prestamos_sector_publico,Honduras,,Sector Público,,Estudios de Factibilidad de los Proyectos Remolino y Sico II y el Estudio Plan de Optimización del Sistema de Generación Eléctrica de la Enee,Fundador
889,1966,,,,Financiar Estudio Aprovechamiento Aguas Rio Choluteca,,,145000.0,prestamos_sector_publico,Honduras,,Sector Público,,Financiar Estudio Aprovechamiento Aguas Rio Choluteca,Fundador
890,2021,,,,Programa Bono de Alivio a Familias Vulnerables Afectadas por Fenómenos Naturales Producto del Cambio Climático,,,70000000.0,prestamos_sector_publico,Honduras,,Sector Público,,Programa Bono de Alivio a Familias Vulnerables Afectadas por Fenómenos Naturales Producto del Cambio Climático,Fundador
891,2008,,,,Ampliación Proyecto Carretera Villa San Antonio  Goascorán  subvención no reembolsable (ZONAF),,,10000000.0,prestamos_sector_publico,Honduras,,Sector Público,,Ampliación Proyecto Carretera Villa San Antonio  Goascorán  subvención no reembolsable (ZONAF),Fundador
892,1971,,,,LC - Banadesa,,,500000.0,prestamos_sector_publico,Honduras,,Sector Público,,LC - Banadesa,Fundador
893,2002,,,,Proyecto Desarrollo Rural Sostenible de Zonas de Fragilidad Ecológica de la Región del Trifinio (Prodert),,,12800000.0,prestamos_sector_publico,Honduras,,Sector Público,,Proyecto Desarrollo Rural Sostenible de Zonas de Fragilidad Ecológica de la Región del Trifinio (Prodert),Fundador
894,1992,,,,Rehabilitacion De La Pesca Artesanal Del Pacifico Y Reactivacion De Los Centros De Acopio.,,,3700000.0,prestamos_sector_publico,Nicaragua,,Sector Público,,Rehabilitacion De La Pesca Artesanal Del Pacifico Y Reactivacion De Los Centros De Acopio.,Fundador
895,1981,,,,Proyecto de Desarrollo Rural Integrado de la Región Norte del País (Pronorte) Principalmente en la Construcción de Maquinaria y Equipo Materiales y Servicios,,,11000000.0,prestamos_sector_publico,Nicaragua,,Sector Público,,Proyecto de Desarrollo Rural Integrado de la Región Norte del País (Pronorte) Principalmente en la Construcción de Maquinaria y Equipo Materiales y Servicios,Fundador
896,1973,,,,Construcción Incluyendo la Pavimentación del Tramo Tegucigalpa - Danlí de la Carretera CA6,,,8140000.0,prestamos_sector_publico,Honduras,,Sector Público,,Construcción Incluyendo la Pavimentación del Tramo Tegucigalpa - Danlí de la Carretera CA6,Fundador
897,1971,,,,Financiamiento Parcial de la Construcción de la Carretera CA3 Choluteca Frontera con Nicaragua Incluyendo el Camino de Acceso al Poblado de el Triunfo y la Parte Correspondiente a Honduras del Costo de la Construcción del Puente Sobre el Río Guasaule,,,500000.0,prestamos_sector_publico,Honduras,,Sector Público,,Financiamiento Parcial de la Construcción de la Carretera CA3 Choluteca Frontera con Nicaragua Incluyendo el Camino de Acceso al Poblado de el Triunfo y la Parte Correspondiente a Honduras del Costo de la Construcción del Puente Sobre el Río Guasaule,Fundador
898,2023,,,,Programa de Crédito para la Agroindustria y Cajas Rurales,,,25000000.0,prestamos_sector_publico,Honduras,,Sector Público,,Programa de Crédito para la Agroindustria y Cajas Rurales,Fundador
899,2021,,,,Proyecto Bio-CLIMA,,,24316473.0,prestamos_sector_publico,Nicaragua,,Sector Público,,Proyecto Bio-CLIMA,Fundador
900,1986,,,,Construcción de Obras Complementarias al Proyecto de Carretera Siguatepeque - Valle - Jesús de Otoro (Sección I del Proyecto Siguatepeque - La Esperanza en la Ruta CA-11A),,,500000.0,prestamos_sector_publico,Honduras,,Sector Público,,Construcción de Obras Complementarias al Proyecto de Carretera Siguatepeque - Valle - Jesús de Otoro (Sección I del Proyecto Siguatepeque - La Esperanza en la Ruta CA-11A),Fundador
901,1980,,,,Financiar Estudios de Preinversión Agrícola e Industrial para la Instalación de una Planta para la Producción de Alcohol Etílico anhidro a ser Usados Como Carburante Mezclado con Gasolina,,,230000.0,prestamos_sector_publico,Nicaragua,,Sector Público,,Financiar Estudios de Preinversión Agrícola e Industrial para la Instalación de una Planta para la Producción de Alcohol Etílico anhidro a ser Usados Como Carburante Mezclado con Gasolina,Fundador
902,1973,,,,Estudios Finales De Ingenieria Y Planos Construccion Carreteras Acoyapa - San Carlos Y Sus Ramales Y Rio Blanco - Siuna,,,550000.0,prestamos_sector_publico,Nicaragua,,Sector Público,,Estudios Finales De Ingenieria Y Planos Construccion Carreteras Acoyapa - San Carlos Y Sus Ramales Y Rio Blanco - Siuna,Fundador
903,2009,,,,Proyecto de Sustitución del Hospital Militar Escuela Alejandro Dávila Bolaños,,,66587137.879999995,prestamos_sector_publico,Nicaragua,,Sector Público,,Proyecto de Sustitución del Hospital Militar Escuela Alejandro Dávila Bolaños,Fundador
904,1983,,,,Proyecto Correspondiente a la III Etapa de la Red Regional de Telecomunicaciones,,,6900000.0,prestamos_sector_publico,Guatemala,,Sector Público,,Proyecto Correspondiente a la III Etapa de la Red Regional de Telecomunicaciones,Fundador
905,1978,,,,Segunda Etapa de la Zona Franca Industrial las Mercedes en sus Obras de Infraestructura y Construcción de Edificios Industriales Localizadas en Terrenos Adyacentes al Aeropuerto Internacional las Mercedes,,,3600000.0,prestamos_sector_publico,Nicaragua,,Sector Público,,Segunda Etapa de la Zona Franca Industrial las Mercedes en sus Obras de Infraestructura y Construcción de Edificios Industriales Localizadas en Terrenos Adyacentes al Aeropuerto Internacional las Mercedes,Fundador
906,2007,,,,Programa de Inversión en Infraestructura y Fortalecimiento Tecnológico de la Universidad Nacional Autónoma de Honduras,,,52500000.0,prestamos_sector_publico,Honduras,,Sector Público,,Programa de Inversión en Infraestructura y Fortalecimiento Tecnológico de la Universidad Nacional Autónoma de Honduras,Fundador
907,1980,,,,Financiar un Programa de Construcción de 1700 Viviendas que Cumplan con los Requisitos Establecidos en las Normas del Programa Vivienda del Banco en las Ciudades de León Chinandega Masaya y Rivas.,,,8000000.0,prestamos_sector_publico,Nicaragua,,Sector Público,,Financiar un Programa de Construcción de 1700 Viviendas que Cumplan con los Requisitos Establecidos en las Normas del Programa Vivienda del Banco en las Ciudades de León Chinandega Masaya y Rivas.,Fundador
908,2013,,,,Proyecto Construcción y Equipamiento de Edificio para Oficinas de Diputados y Grupos Parlamentarios de la Asamblea Legislativa,,,32000000.0,prestamos_sector_publico,El Salvador,,Sector Público,,Proyecto Construcción y Equipamiento de Edificio para Oficinas de Diputados y Grupos Parlamentarios de la Asamblea Legislativa,Fundador
909,2003,,,,Programa de Electrificación Social Etapa ES-RP-2002,,,12716000.0,prestamos_sector_publico,Honduras,,Sector Público,,Programa de Electrificación Social Etapa ES-RP-2002,Fundador
910,1993,,,,LC - Banco Central de Nicaragua,,,1000000.0,prestamos_sector_publico,Nicaragua,,Sector Público,,LC - Banco Central de Nicaragua,Fundador
911,1970,,,,Financiamiento de Viviendas Conforme al Programa de Vivienda Media del Banco Centroamericano.,,,200000.0,prestamos_sector_publico,Nicaragua,,Sector Público,,Financiamiento de Viviendas Conforme al Programa de Vivienda Media del Banco Centroamericano.,Fundador
912,1971,,,,Reconstrucción de la Carretera San Benito - Sébaco,,,4800000.0,prestamos_sector_publico,Nicaragua,,Sector Público,,Reconstrucción de la Carretera San Benito - Sébaco,Fundador
913,1977,,,,Proyecto de Emergencia para la Rehabilitación y Mejoramiento del Sistema de Conducción Principal del Distrito de Riego de San Juan de Flores en el Departamento de Francisco Morazan,,,640000.0,prestamos_sector_publico,Honduras,,Sector Público,,Proyecto de Emergencia para la Rehabilitación y Mejoramiento del Sistema de Conducción Principal del Distrito de Riego de San Juan de Flores en el Departamento de Francisco Morazan,Fundador
914,1991,,,,Proyecto Red Regional Digital de Telecomunicaciones Centroamericanas,,,5580000.0,prestamos_sector_publico,Honduras,,Sector Público,,Proyecto Red Regional Digital de Telecomunicaciones Centroamericanas,Fundador
915,1975,,,,Construcción de la Carretera Siguatepeque - La Esperanza - Marcala  Proyecto de Interconexión de las Rutas CA-5 y CA-11 y Sección de la CA-11,,,425000.0,prestamos_sector_publico,Honduras,,Sector Público,,Construcción de la Carretera Siguatepeque - La Esperanza - Marcala  Proyecto de Interconexión de las Rutas CA-5 y CA-11 y Sección de la CA-11,Fundador
916,1989,,,,Estudio de Perforaciones Exploratorias del Campo Geotérmico Coatepeque,,,5000000.0,prestamos_sector_publico,El Salvador,,Sector Público,,Estudio de Perforaciones Exploratorias del Campo Geotérmico Coatepeque,Fundador
917,1971,,,,Finanicar Actividades Relacionadas con la Exportación de Productos No Tradicionales y Turismo.,,,500000.0,prestamos_sector_publico,Nicaragua,,Sector Público,,Finanicar Actividades Relacionadas con la Exportación de Productos No Tradicionales y Turismo.,Fundador
918,1980,,,,Financiar Complementariamente el Equipamiento y la Construcción de las Oficinas Administrativas y Residencia para Universitarios Verapaz del Instituto Femenino de Estudios Superiores (Ifes),,,500000.0,prestamos_sector_publico,Guatemala,,Sector Público,,Financiar Complementariamente el Equipamiento y la Construcción de las Oficinas Administrativas y Residencia para Universitarios Verapaz del Instituto Femenino de Estudios Superiores (Ifes),Fundador
919,1991,,,,Participación por Parte del Prestatario en el Programa Centroamericano de Agroempresas Rurales del Banco.,,,1000000.0,prestamos_sector_publico,Honduras,,Sector Público,,Participación por Parte del Prestatario en el Programa Centroamericano de Agroempresas Rurales del Banco.,Fundador
920,1988,,,,Participación por Parte del Prestatario en el Programa de Rehabilitación de la Pequeña y Mediana Industria.,,,1000000.0,prestamos_sector_publico,Honduras,,Sector Público,,Participación por Parte del Prestatario en el Programa de Rehabilitación de la Pequeña y Mediana Industria.,Fundador
921,2008,,,,Proyecto Renovación de Infraestructura (Equipos y Sistemas) para el Nuevo Formato de Plan de Vuelo,,,16000000.0,prestamos_sector_publico,Honduras,,Sector Público,,Proyecto Renovación de Infraestructura (Equipos y Sistemas) para el Nuevo Formato de Plan de Vuelo,Fundador
922,2020,,,,Apoyar la implementación de la Ley General de la Industria Eléctrica (LGIE),,,250000000.0,prestamos_sector_publico,Honduras,,Sector Público,,Apoyar la implementación de la Ley General de la Industria Eléctrica (LGIE),Fundador
923,1976,,,,Construcción de una Carretera de Dos Vías de Circulacióny Aproximadamente 240 Kilómetros de Longitud que Conecte las Localidaded de Jutiapadescombros,,,3200000.0,prestamos_sector_publico,Honduras,,Sector Público,,Construcción de una Carretera de Dos Vías de Circulacióny Aproximadamente 240 Kilómetros de Longitud que Conecte las Localidaded de Jutiapadescombros,Fundador
924,2025,,,,OPD para conservación y restauración de la cobertura boscosa,,,75000000.0,prestamos_sector_publico,Panamá,,Sector Público,,OPD para conservación y restauración de la cobertura boscosa,Regional No-Fundador
925,1976,,,,Adquirir las Obligaciones y Cancelar al Banco el Saldo del Principal Intereses y Otros Gastos del Prestamo y Sus Dos Ampliaciones Otorgados a Mejores Alimentos de Honduras S.A. de C.V. y del Prestamo y Ampliación Otorgado a Agricola de Honduras.,,,1930000.0,prestamos_sector_publico,Honduras,,Sector Público,,Adquirir las Obligaciones y Cancelar al Banco el Saldo del Principal Intereses y Otros Gastos del Prestamo y Sus Dos Ampliaciones Otorgados a Mejores Alimentos de Honduras S.A. de C.V. y del Prestamo y Ampliación Otorgado a Agricola de Honduras.,Fundador
926,2003,,,,Proyecto Suministro de Aguas Subterráneas para Tegucigalpa,,,13600000.0,prestamos_sector_publico,Honduras,,Sector Público,,Proyecto Suministro de Aguas Subterráneas para Tegucigalpa,Fundador
927,1983,,,,Proyecto Correspondiente a la III Etapa de la Red Regional de Telecomunicaciones,,,5400000.0,prestamos_sector_publico,Nicaragua,,Sector Público,,Proyecto Correspondiente a la III Etapa de la Red Regional de Telecomunicaciones,Fundador
928,2019,,,,Proyecto de Mejoramiento y Ampliación de los Sistemas de Agua Potable y Saneamiento en 7 Ciudades,,,251470000.0,prestamos_sector_publico,Nicaragua,,Sector Público,,Proyecto de Mejoramiento y Ampliación de los Sistemas de Agua Potable y Saneamiento en 7 Ciudades,Fundador
929,2008,,,, Préstamo - Proyecto de Reconstrucción y Mejoramiento de Carreteras II (PRMC II),,,22000000.0,prestamos_sector_publico,Honduras,,Sector Público,, Préstamo - Proyecto de Reconstrucción y Mejoramiento de Carreteras II (PRMC II),Fundador
930,1981,,,,Ejecución de los Proyectos de Vivienda y Urbanización de Interes Social (Unidades Húmedas) Denominado Colonia Hato de Enmedio en Tegucigalpa y Colonia el Cid en San Pedro Sula.,,,6100000.0,prestamos_sector_publico,Honduras,,Sector Público,,Ejecución de los Proyectos de Vivienda y Urbanización de Interes Social (Unidades Húmedas) Denominado Colonia Hato de Enmedio en Tegucigalpa y Colonia el Cid en San Pedro Sula.,Fundador
931,1967,,,,Estudio de Factibilidad para la Reconstrucción o Nueva Construcción de un Aeropuerto Internacional,,,150000.0,prestamos_sector_publico,Honduras,,Sector Público,,Estudio de Factibilidad para la Reconstrucción o Nueva Construcción de un Aeropuerto Internacional,Fundador
932,1983,,,,Construcción y Equipamiento de un Centro Nacional de Despacho de Carga,,,7500000.0,prestamos_sector_publico,Nicaragua,,Sector Público,,Construcción y Equipamiento de un Centro Nacional de Despacho de Carga,Fundador
933,1993,,,,Programa Producción en Colegios Vocacionales,,,2500000.0,prestamos_sector_publico,Nicaragua,,Sector Público,,Programa Producción en Colegios Vocacionales,Fundador
934,1980,,,,Construcción del Tramo de Carretera Tegucigalpa - Río del Hombre de 24 Kilómetros de Longitud Aproximadamente de la Ruta CA5,,,10600000.0,prestamos_sector_publico,Honduras,,Sector Público,,Construcción del Tramo de Carretera Tegucigalpa - Río del Hombre de 24 Kilómetros de Longitud Aproximadamente de la Ruta CA5,Fundador
935,2015,,,,Programa de Emergencia Prevención y Contención del COVID-19 en Nicaragua (Modif. al Préstamo No. 2154),,,11727217.21,prestamos_sector_publico,Nicaragua,,Sector Público,,Programa de Emergencia Prevención y Contención del COVID-19 en Nicaragua (Modif. al Préstamo No. 2154),Fundador
936,2005,,,,Programa Sectorial de Agua y Saneamiento,,,46500000.0,prestamos_sector_publico,Honduras,,Sector Público,,Programa Sectorial de Agua y Saneamiento,Fundador
937,1992,,,,LC - Banco central de Honduras,,,7000000.0,prestamos_sector_publico,Honduras,,Sector Público,,LC - Banco central de Honduras,Fundador
938,1989,,,,Proyecto Nacional de Electrificación Rural,,,25000000.0,prestamos_sector_publico,Honduras,,Sector Público,,Proyecto Nacional de Electrificación Rural,Fundador
939,2022,,,,Programa Temporal de Apoyo ante la Crisis de los Combustibles en Honduras,,,220000000.0,prestamos_sector_publico,Honduras,,Sector Público,,Programa Temporal de Apoyo ante la Crisis de los Combustibles en Honduras,Fundador
940,1972,,,,Programa de Desarrollo y Mantenimiento de las Operaciones del Ferrocarril Nacional de Honduras,,,210000.0,prestamos_sector_publico,Honduras,,Sector Público,,Programa de Desarrollo y Mantenimiento de las Operaciones del Ferrocarril Nacional de Honduras,Fundador
941,2005,,,,Plan Nacional de Seguridad Vial,,,22500000.0,prestamos_sector_publico,Honduras,,Sector Público,,Plan Nacional de Seguridad Vial,Fundador
942,1971,,,,Adquisición de Materiales y Equipo para Señalamiento Vial Control y Conteo de Vehículos Control de Pesos y Regulación del Tránsito en la Red de Carreteras Nacionales y Regionales de Honduras,,,475000.0,prestamos_sector_publico,Honduras,,Sector Público,,Adquisición de Materiales y Equipo para Señalamiento Vial Control y Conteo de Vehículos Control de Pesos y Regulación del Tránsito en la Red de Carreteras Nacionales y Regionales de Honduras,Fundador
943,1969,,,,Financiamiento Parcial del Proyecto de Ampliación y Mejoramiento Parcial de la Red Hidrometerotológica de Nicaragua,,,275737.0,prestamos_sector_publico,Nicaragua,,Sector Público,,Financiamiento Parcial del Proyecto de Ampliación y Mejoramiento Parcial de la Red Hidrometerotológica de Nicaragua,Fundador
944,2008,,,,Proyecto Ampliación Proyecto Carretera Villa San Antonio  Goascorán,,,20000000.0,prestamos_sector_publico,Honduras,,Sector Público,,Proyecto Ampliación Proyecto Carretera Villa San Antonio  Goascorán,Fundador
945,1974,,,,LC - Banco Nacional de Fomento,,,450000.0,prestamos_sector_publico,Honduras,,Sector Público,,LC - Banco Nacional de Fomento,Fundador
946,2005,,,,Programa de Desarrollo Agroempresarial para Pequeños y Medianos Productores de Palma Africana,,,7000000.0,prestamos_sector_publico,Honduras,,Sector Público,,Programa de Desarrollo Agroempresarial para Pequeños y Medianos Productores de Palma Africana,Fundador
947,2020,,,,Programa Multisectorial para la Reactivación Económica y la Protección Social (NIC-Solidaria),,,300000000.0,prestamos_sector_publico,Nicaragua,,Sector Público,,Programa Multisectorial para la Reactivación Económica y la Protección Social (NIC-Solidaria),Fundador
948,2011,,,,Programa NICARIBE,,,4000000.0,prestamos_sector_publico,Nicaragua,,Sector Público,,Programa NICARIBE,Fundador
949,1979,,,,Participación por Parte del Prestatario en el Programa de Agroempresas Rurales.,,,500000.0,prestamos_sector_publico,Honduras,,Sector Público,,Participación por Parte del Prestatario en el Programa de Agroempresas Rurales.,Fundador
950,1974,,,,Financiar Necesidades de Capital de Trabajo Dentro del Proyecto de Rehabilitación de las Operaciones del Ferrocarril Nacional de Honduras,,,500000.0,prestamos_sector_publico,Honduras,,Sector Público,,Financiar Necesidades de Capital de Trabajo Dentro del Proyecto de Rehabilitación de las Operaciones del Ferrocarril Nacional de Honduras,Fundador
951,1980,,,,Proyecto de Control de Erosión de Occidente y Reforestación de la Cordillera de los Maribios,,,5000000.0,prestamos_sector_publico,Nicaragua,,Sector Público,,Proyecto de Control de Erosión de Occidente y Reforestación de la Cordillera de los Maribios,Fundador
952,1987,,,,Construcción a Nivel de Pavimento del Subtramo de Carretera Desvío a San Nicolás San Nicolás,,,1155000.0,prestamos_sector_publico,Honduras,,Sector Público,,Construcción a Nivel de Pavimento del Subtramo de Carretera Desvío a San Nicolás San Nicolás,Fundador
953,2014,,,,Proyecto Reemplazo del Hospital Regional Nuevo Amanecer de la Región Autónoma del Atlántico Norte (RAAN),,,52971592.0,prestamos_sector_publico,Nicaragua,,Sector Público,,Proyecto Reemplazo del Hospital Regional Nuevo Amanecer de la Región Autónoma del Atlántico Norte (RAAN),Fundador
954,1976,,,,Terminar Costrucción Proyecto Tipitapa-Masaya-Catarina Y El Ramal Masatepe-Guanacaste.,,,2000000.0,prestamos_sector_publico,Nicaragua,,Sector Público,,Terminar Costrucción Proyecto Tipitapa-Masaya-Catarina Y El Ramal Masatepe-Guanacaste.,Fundador
955,2021,,,,OPD para apoyar acciones de política y resultados - Reactivación Económica - Protección al capital humano durante la crisis del COVID-19 y apoyo a la reactivación económica sostenible e inclusiva,,,50000000.0,prestamos_sector_publico,República Dominicana,,Sector Público,,OPD para apoyar acciones de política y resultados - Reactivación Económica - Protección al capital humano durante la crisis del COVID-19 y apoyo a la reactivación económica sostenible e inclusiva,Regional No-Fundador
956,1999,,,,Proyecto de Suministro e Instalación de Ocho (8) Puentes de Abordaje Móviles para el Aeropuerto la Aurora,,,4844000.0,prestamos_sector_publico,Guatemala,,Sector Público,,Proyecto de Suministro e Instalación de Ocho (8) Puentes de Abordaje Móviles para el Aeropuerto la Aurora,Fundador
957,1981,,,,Diseño Final de la Primera Fase del Proyecto Mejoramiento y Ampliación del Sistema de Almacenamiento (Masa),,,190000.0,prestamos_sector_publico,Nicaragua,,Sector Público,,Diseño Final de la Primera Fase del Proyecto Mejoramiento y Ampliación del Sistema de Almacenamiento (Masa),Fundador
958,2012,,,,Proyecto Ampliación y Mejoramiento de la Carretera CA5 Segmento I y II (Sección 2A),,,18200000.0,prestamos_sector_publico,Honduras,,Sector Público,,Proyecto Ampliación y Mejoramiento de la Carretera CA5 Segmento I y II (Sección 2A),Fundador
959,1992,,,,LC - Banco Central de Nicaragua,,,2000000.0,prestamos_sector_publico,Nicaragua,,Sector Público,,LC - Banco Central de Nicaragua,Fundador
960,2021,,,,Programa de Reducción de Brecha Digital en Centros Escolares,,,214700000.0,prestamos_sector_publico,El Salvador,,Sector Público,,Programa de Reducción de Brecha Digital en Centros Escolares,Fundador
961,2003,,,,Proyecto Semilleros de Futuro,,,4000000.0,prestamos_sector_publico,Honduras,,Sector Público,,Proyecto Semilleros de Futuro,Fundador
962,2007,,,,Proyecto de Reposición de Flota de 350 Autobuses Urbanos del Transporte Público del Municipio de Managua,,,26250000.0,prestamos_sector_publico,Nicaragua,,Sector Público,,Proyecto de Reposición de Flota de 350 Autobuses Urbanos del Transporte Público del Municipio de Managua,Fundador
963,1972,,,,LC - Instituto de Fomento Nacional,,,500000.0,prestamos_sector_publico,Nicaragua,,Sector Público,,LC - Instituto de Fomento Nacional,Fundador
964,1976,,,,Segunda Etapa de la Red Regional de Telecomunicaciones en la Parte que Corresponde a la República de Nicaragua,,,5000000.0,prestamos_sector_publico,Nicaragua,,Sector Público,,Segunda Etapa de la Red Regional de Telecomunicaciones en la Parte que Corresponde a la República de Nicaragua,Fundador
965,1990,,,,Proyecto de Rehabilitación de las Plantas Generadoras de Energía Eléctrica Cañaveral y Río Lindo,,,12700000.0,prestamos_sector_publico,Honduras,,Sector Público,,Proyecto de Rehabilitación de las Plantas Generadoras de Energía Eléctrica Cañaveral y Río Lindo,Fundador
966,1992,,,,Estudios de Factibilidad Técnica Económica y Diseños de Ingeniería del Proyecto de Desarrollo Turístico de la Bahía de Tela,,,1600000.0,prestamos_sector_publico,Honduras,,Sector Público,,Estudios de Factibilidad Técnica Económica y Diseños de Ingeniería del Proyecto de Desarrollo Turístico de la Bahía de Tela,Fundador
967,1982,,,,Proyecto de Distribución Primaria el Níspero - Santa Rosa de Copán - La Entrada,,,2730000.0,prestamos_sector_publico,Honduras,,Sector Público,,Proyecto de Distribución Primaria el Níspero - Santa Rosa de Copán - La Entrada,Fundador
968,1994,,,,Financiamiento Puente para el Préstamo No. 279-FCIE,,,10000000.0,prestamos_sector_publico,El Salvador,,Sector Público,,Financiamiento Puente para el Préstamo No. 279-FCIE,Fundador
969,1974,,,,Reconstrucción del Puerto de Potosí,,,500000.0,prestamos_sector_publico,Nicaragua,,Sector Público,,Reconstrucción del Puerto de Potosí,Fundador
970,1981,,,,LC - Secretaría Permanente del Tratado General de Integración Económica Centroamericana,,,300000.0,prestamos_sector_publico,Guatemala,,Sector Público,,LC - Secretaría Permanente del Tratado General de Integración Económica Centroamericana,Fundador
971,2004,,,,Proyecto Interconector Corredores Atlántico-Pacífico Villa San Antonio Goascorán,,,109470000.0,prestamos_sector_publico,Honduras,,Sector Público,,Proyecto Interconector Corredores Atlántico-Pacífico Villa San Antonio Goascorán,Fundador
972,2001,,,,Programa Escuela Saludable,,,6500000.0,prestamos_sector_publico,Honduras,,Sector Público,,Programa Escuela Saludable,Fundador
973,2018,,,,Libramiento Anillo Periférico-Carretera CA-5 Sur,,,44262590.7,prestamos_sector_publico,Honduras,,Sector Público,,Libramiento Anillo Periférico-Carretera CA-5 Sur,Fundador
974,2007,,,,Proyecto Mejoras Puntuales de la Carretera Río Blanco - Siuna - Puente Banacruz,,,5000000.0,prestamos_sector_publico,Nicaragua,,Sector Público,,Proyecto Mejoras Puntuales de la Carretera Río Blanco - Siuna - Puente Banacruz,Fundador
975,1980,,,,Completar el Urbanización de los Terrenos de y Construcción de Unidades Habitacionales en el Proyecto Faldas o Lomas del Pedregal.,,,100000.0,prestamos_sector_publico,Honduras,,Sector Público,,Completar el Urbanización de los Terrenos de y Construcción de Unidades Habitacionales en el Proyecto Faldas o Lomas del Pedregal.,Fundador
976,1988,,,,Participación por Parte del Prestatario en el Programa de Rehabilitación de la Pequeña y Mediana Industria.,,,1000000.0,prestamos_sector_publico,Honduras,,Sector Público,,Participación por Parte del Prestatario en el Programa de Rehabilitación de la Pequeña y Mediana Industria.,Fundador
977,1971,,,,LC - Instituto de Fomento Nacional,,,500000.0,prestamos_sector_publico,Nicaragua,,Sector Público,,LC - Instituto de Fomento Nacional,Fundador
978,1992,,,,LC - Banco Central de Nicaragua,,,17727000.0,prestamos_sector_publico,Nicaragua,,Sector Público,,LC - Banco Central de Nicaragua,Fundador
979,2016,,,,LGC - Banco de Reservas de la República Dominicana (Banreservas),,,100000000.0,prestamos_sector_publico,República Dominicana,,Sector Público,,LGC - Banco de Reservas de la República Dominicana (Banreservas),Regional No-Fundador
980,2021,,,,Proyecto de Construcción del Puente Vehicular Marítimo Coyolito - Amapala,,,207766365.18,prestamos_sector_publico,Honduras,,Sector Público,,Proyecto de Construcción del Puente Vehicular Marítimo Coyolito - Amapala,Fundador
981,1984,,,,Construcción a Nivel de Subbase de la Carretera La Paz - Tutule - Marcala de Aproximadamente 70 Kilometros de la Ruta CA-7 en la República de Honduras,,,6500000.0,prestamos_sector_publico,Honduras,,Sector Público,,Construcción a Nivel de Subbase de la Carretera La Paz - Tutule - Marcala de Aproximadamente 70 Kilometros de la Ruta CA-7 en la República de Honduras,Fundador
982,1969,,,,Adquisición de una Unidad Turboeléctrica de 15 Megavatios para ser Instalada Como Equipo de Reserva en San Pedro Sula y la Adquisición de Equipo y Materiales para el Mejoramiento y Ampliación de los Sistemas,,,3274000.0,prestamos_sector_publico,Honduras,,Sector Público,,Adquisición de una Unidad Turboeléctrica de 15 Megavatios para ser Instalada Como Equipo de Reserva en San Pedro Sula y la Adquisición de Equipo y Materiales para el Mejoramiento y Ampliación de los Sistemas,Fundador
983,2013,,,,Proyecto Mejoramiento de la Carretera Río Blanco Mulukukú,,,38000000.0,prestamos_sector_publico,Nicaragua,,Sector Público,,Proyecto Mejoramiento de la Carretera Río Blanco Mulukukú,Fundador
984,2015,,,,Programa de Infraestructura y Acompañamiento Social en la Costa Caribe Norte,,,5069155.11,prestamos_sector_publico,Nicaragua,,Sector Público,,Programa de Infraestructura y Acompañamiento Social en la Costa Caribe Norte,Fundador
985,1983,,,,Estudio Enriquecimiento Proteínico del Banano por Fermentación Sólida para Usos de Alimentación Animal,,,360000.0,prestamos_sector_publico,Honduras,,Sector Público,,Estudio Enriquecimiento Proteínico del Banano por Fermentación Sólida para Usos de Alimentación Animal,Fundador
986,2014,,,,Proyecto Ampliación y Mejoramiento de la Carretera Ca5 Segmento I y II (Sección 2A),,,2044117.73,prestamos_sector_publico,Honduras,,Sector Público,,Proyecto Ampliación y Mejoramiento de la Carretera Ca5 Segmento I y II (Sección 2A),Fundador
987,1996,,,,Proyecto Ampliación Centrales Telefónicas Digitales de Tegucigalpa San Pedro Sula y el Progreso,,,15910000.0,prestamos_sector_publico,Honduras,,Sector Público,,Proyecto Ampliación Centrales Telefónicas Digitales de Tegucigalpa San Pedro Sula y el Progreso,Fundador
988,1990,,,,Construcción a Nivel de Pavimento del Tramo de Carretera Desvío a San Nicolás - Pito Solo de la Ruta de Interconexión Ca4/Ca5 Incluyendo Tres Ramales de esta Vía a las Poblaciones de Ceguaca Zacapa y San Juan,,,3700000.0,prestamos_sector_publico,Honduras,,Sector Público,,Construcción a Nivel de Pavimento del Tramo de Carretera Desvío a San Nicolás - Pito Solo de la Ruta de Interconexión Ca4/Ca5 Incluyendo Tres Ramales de esta Vía a las Poblaciones de Ceguaca Zacapa y San Juan,Fundador
989,2024,,,,Programa de Carreteras Resilientes de Honduras (PCR-HN) Tramo B-1 Libramiento El Progreso,,,96300000.0,prestamos_sector_publico,Honduras,,Sector Público,,Programa de Carreteras Resilientes de Honduras (PCR-HN) Tramo B-1 Libramiento El Progreso,Fundador
990,1975,,,,Mejoramiento de las Pistas de Aterrizaje de los Aeropuertos Internacionales de Toncontín José Ramón Villeda Morales y Golosón,,,3340000.0,prestamos_sector_publico,Honduras,,Sector Público,,Mejoramiento de las Pistas de Aterrizaje de los Aeropuertos Internacionales de Toncontín José Ramón Villeda Morales y Golosón,Fundador
991,2006,,,,Proyecto Rehabilitación de la Carretera Tegucigalpa-Catacamas,,,75300000.0,prestamos_sector_publico,Honduras,,Sector Público,,Proyecto Rehabilitación de la Carretera Tegucigalpa-Catacamas,Fundador
992,1976,,,,Segunda Etapa de la Red Regional de Telecomunicaciones en la Parte que Corresponde a la República de Honduras,,,4500000.0,prestamos_sector_publico,Honduras,,Sector Público,,Segunda Etapa de la Red Regional de Telecomunicaciones en la Parte que Corresponde a la República de Honduras,Fundador
993,1980,,,,Construcción de las Obras de Interconexión Entre la República de Nicaragua y la República de Costa Rica,,,1500000.0,prestamos_sector_publico,Nicaragua,,Sector Público,,Construcción de las Obras de Interconexión Entre la República de Nicaragua y la República de Costa Rica,Fundador
994,1968,,,,Financiamiento Parcial de la  Pavimentación de la Carretera San Benito - Rama,,,4000000.0,prestamos_sector_publico,Nicaragua,,Sector Público,,Financiamiento Parcial de la  Pavimentación de la Carretera San Benito - Rama,Fundador
995,1974,,,,Elaboración de los Estudios Finales de Ingeniería Planos Especificaciones y Documentos de Licitación para la Construcción y Equipamiento de Tres Plantas de Almacenamiento de Granos a Localizarse en Danlí Juticalpa y Tocoa,,,75000.0,prestamos_sector_publico,Honduras,,Sector Público,,Elaboración de los Estudios Finales de Ingeniería Planos Especificaciones y Documentos de Licitación para la Construcción y Equipamiento de Tres Plantas de Almacenamiento de Granos a Localizarse en Danlí Juticalpa y Tocoa,Fundador
996,2005,,,,Programa de Desarrollo Integral Sostenible Corredor del Quetzal,,,5000000.0,prestamos_sector_publico,Honduras,,Sector Público,,Programa de Desarrollo Integral Sostenible Corredor del Quetzal,Fundador
997,2011,,,,IV Proyecto de Rehabilitación y Mantenimiento de Carreteras,,,50000000.0,prestamos_sector_publico,Nicaragua,,Sector Público,,IV Proyecto de Rehabilitación y Mantenimiento de Carreteras,Fundador
998,1990,,,,Adquisición Instalación e Interconexión de una Central de Conmutación Digital con su Correspondiente Planta Externa para la Zona de Miraflores,,,14600000.0,prestamos_sector_publico,Honduras,,Sector Público,,Adquisición Instalación e Interconexión de una Central de Conmutación Digital con su Correspondiente Planta Externa para la Zona de Miraflores,Fundador
999,1988,,,,II Etapa de la Campaña del Control de la Sigatoka Negra y Otras Enfermedades y Plagas del Plátano,,,9000000.0,prestamos_sector_publico,Honduras,,Sector Público,,II Etapa de la Campaña del Control de la Sigatoka Negra y Otras Enfermedades y Plagas del Plátano,Fundador
1000,1995,,,,LC - Banco Central de Nicaragua,,,3000000.0,prestamos_sector_publico,Nicaragua,,Sector Público,,LC - Banco Central de Nicaragua,Fundador
1001,1990,,,,LC - Banco Central de Honduras,,,2000000.0,prestamos_sector_publico,Honduras,,Sector Público,,LC - Banco Central de Honduras,Fundador
1002,1981,,,,Construcción (Sin Pavimento) y Supervisión de la III Etapa de la Carretera Acoyapa - San Carlos,,,17500000.0,prestamos_sector_publico,Nicaragua,,Sector Público,,Construcción (Sin Pavimento) y Supervisión de la III Etapa de la Carretera Acoyapa - San Carlos,Fundador
1003,2021,,,,OPD para apoyar acciones de política y resultados de desarrollo - Cambio Climático - Apoyo a la transición del Sector Energético ante el cambio climático,,,50000000.0,prestamos_sector_publico,República Dominicana,,Sector Público,,OPD para apoyar acciones de política y resultados de desarrollo - Cambio Climático - Apoyo a la transición del Sector Energético ante el cambio climático,Regional No-Fundador
1004,2000,,,,Programa de Fondo de Inversión Social,,,50000000.0,prestamos_sector_publico,Guatemala,,Sector Público,,Programa de Fondo de Inversión Social,Fundador
1005,2009,,,,Línea Para Gestión de Liquidez-BCN,,,200000000.0,prestamos_sector_publico,Nicaragua,,Sector Público,,Línea Para Gestión de Liquidez-BCN,Fundador
1006,1967,,,,Mejoramiento y Ampliación el Servicio de Distribución de Energía Eléctrica todo el País Mediante la Compra de Equipo de Distribución de Energía Eléctrica y de Transporte Especial para Operación y Aditamentos,,,481000.0,prestamos_sector_publico,Nicaragua,,Sector Público,,Mejoramiento y Ampliación el Servicio de Distribución de Energía Eléctrica todo el País Mediante la Compra de Equipo de Distribución de Energía Eléctrica y de Transporte Especial para Operación y Aditamentos,Fundador
1007,2007,,,,Incremento LGC - Banco Internacional de Costa Rica  S.A. (BICSA),,,19000000.0,prestamos_sector_publico,Panamá,,Sector Público,,Incremento LGC - Banco Internacional de Costa Rica  S.A. (BICSA),Regional No-Fundador
1008,2025,,,,Incremento de LCR para Entidades Públicas Descentralizadas No. 2310 a cargo de FOVIAL,,,150000000.0,prestamos_sector_publico,El Salvador,,Sector Público,,Incremento de LCR para Entidades Públicas Descentralizadas No. 2310 a cargo de FOVIAL,Fundador
1009,2017,,,,Proyecto Construcción del Corredor Logístico Villa de San Antonio-Goascorán  Secciones II y III,,,86834740.0,prestamos_sector_publico,Honduras,,Sector Público,,Proyecto Construcción del Corredor Logístico Villa de San Antonio-Goascorán  Secciones II y III,Fundador
1010,2012,,,,Proyecto Reemplazo y Equipamiento del Hospital Carlos Roberto Huembes,,,102874502.32,prestamos_sector_publico,Nicaragua,,Sector Público,,Proyecto Reemplazo y Equipamiento del Hospital Carlos Roberto Huembes,Fundador
1011,1974,,,,Elaboración de los Estudios de Ingeniería y Anteproyecto Arquitectónico del Parque Industrial las Mercedes (Pilam),,,60000.0,prestamos_sector_publico,Nicaragua,,Sector Público,,Elaboración de los Estudios de Ingeniería y Anteproyecto Arquitectónico del Parque Industrial las Mercedes (Pilam),Fundador
1012,1990,,,,LC - Banco Central de Nicaragua,,,2000000.0,prestamos_sector_publico,Nicaragua,,Sector Público,,LC - Banco Central de Nicaragua,Fundador
1013,1993,,,,Programa de Mejoramiento en el Municipio del Distrito Central República de Honduras,,,20000000.0,prestamos_sector_publico,Honduras,,Sector Público,,Programa de Mejoramiento en el Municipio del Distrito Central República de Honduras,Fundador
1014,1992,,,,Proyecto Adquisición del Sistema de Excitación y Regulación de Voltaje de la Planta Hidroeléctrica Río Lindo Así Como el Montaje del Mismo,,,1672000.0,prestamos_sector_publico,Honduras,,Sector Público,,Proyecto Adquisición del Sistema de Excitación y Regulación de Voltaje de la Planta Hidroeléctrica Río Lindo Así Como el Montaje del Mismo,Fundador
1015,1988,,,,Adquisición Instalación e Interconexión de una Central de Conmutación Digital con su Correspondiente Planta Externa para la Ciudad de el Progreso Yoro,,,5800000.0,prestamos_sector_publico,Honduras,,Sector Público,,Adquisición Instalación e Interconexión de una Central de Conmutación Digital con su Correspondiente Planta Externa para la Ciudad de el Progreso Yoro,Fundador
1016,2010,,,,Proyecto Apertura Boulevard Diego de Holguín Santa Tecla Tramo II,,,18340000.0,prestamos_sector_publico,El Salvador,,Sector Público,,Proyecto Apertura Boulevard Diego de Holguín Santa Tecla Tramo II,Fundador
1017,1982,,,,LC - Rehabilitación de varias empresas propiedad del Gobierno de Nicaragua,,,2000000.0,prestamos_sector_publico,Nicaragua,,Sector Público,,LC - Rehabilitación de varias empresas propiedad del Gobierno de Nicaragua,Fundador
1018,1964,,,,Financiar los Estudios de Factibilidad del Programa de Almacenamiento y Conservación de Granos Básicos (Maíz Arroz Frijoles y Sorgo),,,60000.0,prestamos_sector_publico,Honduras,,Sector Público,,Financiar los Estudios de Factibilidad del Programa de Almacenamiento y Conservación de Granos Básicos (Maíz Arroz Frijoles y Sorgo),Fundador
1019,1970,,,,Reconstrucción y Ampliación de la Red de Distribución Eléctrica Propiedad de la Municipalidad de Masaya,,,286000.0,prestamos_sector_publico,Nicaragua,,Sector Público,,Reconstrucción y Ampliación de la Red de Distribución Eléctrica Propiedad de la Municipalidad de Masaya,Fundador
1020,2002,,,,Proyecto Electrificación de Puerto Lempira,,,312285.0,prestamos_sector_publico,Honduras,,Sector Público,,Proyecto Electrificación de Puerto Lempira,Fundador
1021,1964,,,,Financiar los Estudios de Viabilidad del Programa de Carreteras de Acceso en la Zona de Matagalpa Boaco y Chontales Proyecto Nestlé Infonac,,,576000.0,prestamos_sector_publico,Nicaragua,,Sector Público,,Financiar los Estudios de Viabilidad del Programa de Carreteras de Acceso en la Zona de Matagalpa Boaco y Chontales Proyecto Nestlé Infonac,Fundador
1022,1981,,,,LC - Banco Nacional de Desarrollo Agrícola,,,869350.0,prestamos_sector_publico,Honduras,,Sector Público,,LC - Banco Nacional de Desarrollo Agrícola,Fundador
1023,1993,,,,Adquisición e Instalación de Señales Viales en Carrteras Pavimentadas Principales y en Vías Urbanas de Ciudades Importantes de la República de Honduras,,,9300000.0,prestamos_sector_publico,Honduras,,Sector Público,,Adquisición e Instalación de Señales Viales en Carrteras Pavimentadas Principales y en Vías Urbanas de Ciudades Importantes de la República de Honduras,Fundador
1024,1974,,,,Completar el Costo de Construcción y Supervisión de la Carretera San Benitosébaco Incluyendo la Construcción del Desvío a la Ciudad Darío,,,3150000.0,prestamos_sector_publico,Nicaragua,,Sector Público,,Completar el Costo de Construcción y Supervisión de la Carretera San Benitosébaco Incluyendo la Construcción del Desvío a la Ciudad Darío,Fundador
1025,2006,,,,Préstamo - Banco Central de Nicaragua,,,150000000.0,prestamos_sector_publico,Nicaragua,,Sector Público,,Préstamo - Banco Central de Nicaragua,Fundador
1026,2021,,,,Línea de crédito para financiar capital de trabajo en consecuencia de los efectos de la Pandemia del COVID19 en COCESNA.,,,5000000.0,prestamos_sector_publico,Honduras,,Sector Público,,Línea de crédito para financiar capital de trabajo en consecuencia de los efectos de la Pandemia del COVID19 en COCESNA.,Fundador
1027,1986,,,,LC - Banco Central de Honduras,,,3000000.0,prestamos_sector_publico,Honduras,,Sector Público,,LC - Banco Central de Honduras,Fundador
1028,1975,,,,Costo de los Materiales a Adquirirse para el Proyecto de Mejoramiento y Expansión de los Sistemas de Distribución de Energía Eléctrica del Prestatario,,,8300000.0,prestamos_sector_publico,Honduras,,Sector Público,,Costo de los Materiales a Adquirirse para el Proyecto de Mejoramiento y Expansión de los Sistemas de Distribución de Energía Eléctrica del Prestatario,Fundador
1029,2021,,,,Programa de Ampliación del Sistema de Transmisión Eléctrica en Nicaragua,,,40100000.0,prestamos_sector_publico,Nicaragua,,Sector Público,,Programa de Ampliación del Sistema de Transmisión Eléctrica en Nicaragua,Fundador
1030,2005,,,,LGC - Banco Internacional de Costa Rica  S.A. (BICSA),,,20000000.0,prestamos_sector_publico,Panamá,,Sector Público,,LGC - Banco Internacional de Costa Rica  S.A. (BICSA),Regional No-Fundador
1031,1975,,,,LC - Instituto de Fomento Nacional,,,864000.0,prestamos_sector_publico,Nicaragua,,Sector Público,,LC - Instituto de Fomento Nacional,Fundador
1032,2020,,,,Programa de Emergencia de Apoyo y Preparación ante el COVID-19 y de Reactivación Económica,,,50000000.0,prestamos_sector_publico,Honduras,,Sector Público,,Programa de Emergencia de Apoyo y Preparación ante el COVID-19 y de Reactivación Económica,Fundador
1033,2004,,,,Proyecto Planta Desalinizadora y Potabilizadora de Amapala,,,750000.0,prestamos_sector_publico,Honduras,,Sector Público,,Proyecto Planta Desalinizadora y Potabilizadora de Amapala,Fundador
1034,1977,,,,Programa para la Erradicación de la Roya del Cafeto,,,500000.0,prestamos_sector_publico,Nicaragua,,Sector Público,,Programa para la Erradicación de la Roya del Cafeto,Fundador
1035,1975,,,,Fondos Destinados Exclusivamente a Terminar la Pavimentación de la Carretera San Benitorama,,,1240000.0,prestamos_sector_publico,Nicaragua,,Sector Público,,Fondos Destinados Exclusivamente a Terminar la Pavimentación de la Carretera San Benitorama,Fundador
1036,2005,,,,Préstamo - República de Honduras - Proyecto de Infraestructura Rural (PIR),,,15000000.0,prestamos_sector_publico,Honduras,,Sector Público,,Préstamo - República de Honduras - Proyecto de Infraestructura Rural (PIR),Fundador
1037,2012,,,,Renovación de Infraestructura (Equipos y Sistemas) para el Nuevo Formato de Plan de Vuelo Adquisición e Instalación de un Radar Secundario en el Sitio las Nubes en Nicaragua y Sistema de Comunicación Hf,,,15005222.09,prestamos_sector_publico,Honduras,,Sector Público,,Renovación de Infraestructura (Equipos y Sistemas) para el Nuevo Formato de Plan de Vuelo Adquisición e Instalación de un Radar Secundario en el Sitio las Nubes en Nicaragua y Sistema de Comunicación Hf,Fundador
1038,1986,,,,Proyecto Mejoramiento de los Servicios de la Navegación Aérea en Centroamérica,,,6400000.0,prestamos_sector_publico,Honduras,,Sector Público,,Proyecto Mejoramiento de los Servicios de la Navegación Aérea en Centroamérica,Fundador
1039,2002,,,, Proyecto Estabilización del Camino Santa Clara - Susucayán - El Jícaro,,,3756260.5000000005,prestamos_sector_publico,Nicaragua,,Sector Público,, Proyecto Estabilización del Camino Santa Clara - Susucayán - El Jícaro,Fundador
1040,1975,,,,Construcción Sin Incluir Costo de Supervisión e Imprevistos de la Sección 1 de la Carretera Acoyapa - San Carlos,,,5450000.0,prestamos_sector_publico,Nicaragua,,Sector Público,,Construcción Sin Incluir Costo de Supervisión e Imprevistos de la Sección 1 de la Carretera Acoyapa - San Carlos,Fundador
1041,1979,,,,Financiar los Estudios de Factibilidad Técnicaeconómica de los Aeropuertos en las Islas de Guanaja y Utila y los Estudios de Ingeniería del Diseño Final,,,325000.0,prestamos_sector_publico,Honduras,,Sector Público,,Financiar los Estudios de Factibilidad Técnicaeconómica de los Aeropuertos en las Islas de Guanaja y Utila y los Estudios de Ingeniería del Diseño Final,Fundador
1042,2012,,,,Proyecto Construcción del Corredor Logístico Villa de San Antonio Goascorán Sección II y III,,,76060000.0,prestamos_sector_publico,Honduras,,Sector Público,,Proyecto Construcción del Corredor Logístico Villa de San Antonio Goascorán Sección II y III,Fundador
1043,2018,,,,VIII Programa de Mejoramiento y Ampliación de Carreteras,,,176654696.0,prestamos_sector_publico,Nicaragua,,Sector Público,,VIII Programa de Mejoramiento y Ampliación de Carreteras,Fundador
1044,1991,,,,Construcción de la Carretera San Pedro Sulapuerto Cortés,,,33000000.0,prestamos_sector_publico,Honduras,,Sector Público,,Construcción de la Carretera San Pedro Sulapuerto Cortés,Fundador
1045,1990,,,,LC - Banco Central de Honduras,,,2000000.0,prestamos_sector_publico,Honduras,,Sector Público,,LC - Banco Central de Honduras,Fundador
1046,2006,,,,Proyecto Mejoramiento de la Red Relevante de Caminos Alimentadores de la Carretera Acoyapa  San Carlos - Frontera con Costa Rica,,,9500000.0,prestamos_sector_publico,Nicaragua,,Sector Público,,Proyecto Mejoramiento de la Red Relevante de Caminos Alimentadores de la Carretera Acoyapa  San Carlos - Frontera con Costa Rica,Fundador
1047,1978,,,,Estudio de Factibilidad Puerto Cabezas,,,750000.0,prestamos_sector_publico,Nicaragua,,Sector Público,,Estudio de Factibilidad Puerto Cabezas,Fundador
1048,2020,,,,Programa Nacional de Construcción de Viviendas de Interés Social,,,171653400.0,prestamos_sector_publico,Nicaragua,,Sector Público,,Programa Nacional de Construcción de Viviendas de Interés Social,Fundador
1049,2021,,,,OPD para apoyar acciones de política y resultados de desarrollo - Energía - Impulso a la Reforma del Sector Energético ,,,250000000.0,prestamos_sector_publico,República Dominicana,,Sector Público,,OPD para apoyar acciones de política y resultados de desarrollo - Energía - Impulso a la Reforma del Sector Energético ,Regional No-Fundador
1050,1965,,,,Estudios Preliminares de Ingeniería y Factibilidad Económica de la Carretera Entre la Ciudad de Juticalpa y Puerto Castilla Pasando por San Francisco de la Paz Gualaco San Esteban y Corocito con una Longitud Total de 246Kms,,,150500.0,prestamos_sector_publico,Honduras,,Sector Público,,Estudios Preliminares de Ingeniería y Factibilidad Económica de la Carretera Entre la Ciudad de Juticalpa y Puerto Castilla Pasando por San Francisco de la Paz Gualaco San Esteban y Corocito con una Longitud Total de 246Kms,Fundador
1051,2016,,,,Proyecto Mejoramiento de la Carretera Muy Muy-Matiguás-Río Blanco,,,58700000.0,prestamos_sector_publico,Nicaragua,,Sector Público,,Proyecto Mejoramiento de la Carretera Muy Muy-Matiguás-Río Blanco,Fundador
1052,1969,,,,Estudios de Ingeniería de las Carreteras de Acoyapa - San Carlos y Tuma - Siuna Ambas de la República de Nicaragua,,,660000.0,prestamos_sector_publico,Nicaragua,,Sector Público,,Estudios de Ingeniería de las Carreteras de Acoyapa - San Carlos y Tuma - Siuna Ambas de la República de Nicaragua,Fundador
1053,2005,,,,Programa Multisectorial de Fortalecimiento de la Inversión,,,400000000.0,prestamos_sector_publico,Guatemala,,Sector Público,,Programa Multisectorial de Fortalecimiento de la Inversión,Fundador
1054,1980,,,,Estudios viales de Nicaragua (Managua-Leon; Leon-Chinandega-Corinto; Managua Montefresco-Las Conchitas; Y Sibaco-Matagalpa-Jinotega),,,1125000.0,prestamos_sector_publico,Nicaragua,,Sector Público,,Estudios viales de Nicaragua (Managua-Leon; Leon-Chinandega-Corinto; Managua Montefresco-Las Conchitas; Y Sibaco-Matagalpa-Jinotega),Fundador
1055,2016,,,,Proyecto Subestación Central Managua,,,6736817.2,prestamos_sector_publico,Nicaragua,,Sector Público,,Proyecto Subestación Central Managua,Fundador
1056,1995,,,,Proyecto Zona Franca Industrial las Mercedes  III Etapa,,,10100000.0,prestamos_sector_publico,Nicaragua,,Sector Público,,Proyecto Zona Franca Industrial las Mercedes  III Etapa,Fundador
1057,1994,,,,Proyecto Comercialización de Granos Básicos,,,4000000.0,prestamos_sector_publico,Nicaragua,,Sector Público,,Proyecto Comercialización de Granos Básicos,Fundador
1058,1970,,,,Compra de títulos hipotecarios al Banco de la Vivienda de Nicaragua,,,5000000.0,prestamos_sector_publico,Nicaragua,,Sector Público,,Compra de títulos hipotecarios al Banco de la Vivienda de Nicaragua,Fundador
1059,1975,,,,Costo de los Estudios de Ingeniería Diseños Planos de Construcción Documentos de Licitación y de Contratación para la Construcción de la Carretera Litoral Sur,,,600000.0,prestamos_sector_publico,Nicaragua,,Sector Público,,Costo de los Estudios de Ingeniería Diseños Planos de Construcción Documentos de Licitación y de Contratación para la Construcción de la Carretera Litoral Sur,Fundador
1060,1970,,,,Financiar los Costos de Ingeniería y Construcción y la Adquisición de Equipos Necesarios para el Complejo Portuario Ciudad Ramael Bluff en la Costa Atlántica de Nicaragua,,,3115000.0,prestamos_sector_publico,Nicaragua,,Sector Público,,Financiar los Costos de Ingeniería y Construcción y la Adquisición de Equipos Necesarios para el Complejo Portuario Ciudad Ramael Bluff en la Costa Atlántica de Nicaragua,Fundador
1061,1987,,,,Rehabilitación de la Carretera CA-2 Oriente Tramo Taxisco - Ciudad Pedro de Alvarado (Frontera con El Salvador) de la República de Guatemala,,,6330000.0,prestamos_sector_publico,Guatemala,,Sector Público,,Rehabilitación de la Carretera CA-2 Oriente Tramo Taxisco - Ciudad Pedro de Alvarado (Frontera con El Salvador) de la República de Guatemala,Fundador
1062,1993,,,,LC - Banco Central de Nicaragua,,,5000000.0,prestamos_sector_publico,Nicaragua,,Sector Público,,LC - Banco Central de Nicaragua,Fundador
1063,1975,,,,Construcción de Diques a los Ríos Piedras Santa Ana o Bermejo Sauce y Blanco o Zapotal en la Ciudad de San Pedro Sula,,,4500000.0,prestamos_sector_publico,Honduras,,Sector Público,,Construcción de Diques a los Ríos Piedras Santa Ana o Bermejo Sauce y Blanco o Zapotal en la Ciudad de San Pedro Sula,Fundador
1064,1991,,,,LC - Banco Central de Nicaragua,,,3000000.0,prestamos_sector_publico,Nicaragua,,Sector Público,,LC - Banco Central de Nicaragua,Fundador
1065,1966,,,,Financiar los Estudios de Factibilidad del Programa de Carreteras de Sébaco - San Benito y Circunvalación de Managua (CA1),,,77790.0,prestamos_sector_publico,Nicaragua,,Sector Público,,Financiar los Estudios de Factibilidad del Programa de Carreteras de Sébaco - San Benito y Circunvalación de Managua (CA1),Fundador
1066,1969,,,,Compra de los bonos hipotecarios para Financiar Viviendas Conforme al Programa de Vivienda Media del Banco Centroamericano.,,,400000.0,prestamos_sector_publico,Nicaragua,,Sector Público,,Compra de los bonos hipotecarios para Financiar Viviendas Conforme al Programa de Vivienda Media del Banco Centroamericano.,Fundador
1067,1983,,,,Proyecto Correspondiente a la III Etapa de la Red Regional de Telecomunicaciones,,,5700000.0,prestamos_sector_publico,Honduras,,Sector Público,,Proyecto Correspondiente a la III Etapa de la Red Regional de Telecomunicaciones,Fundador
1068,2010,,,,Programa de Electrificación Social etapa ESSE-FN-2008,,,30000000.0,prestamos_sector_publico,Honduras,,Sector Público,,Programa de Electrificación Social etapa ESSE-FN-2008,Fundador
1069,1989,,,,Participación por Parte del Prestatario en el Programa de Rehabilitación de la Pequeña y Mediana Industria.,,,1000000.0,prestamos_sector_publico,Nicaragua,,Sector Público,,Participación por Parte del Prestatario en el Programa de Rehabilitación de la Pequeña y Mediana Industria.,Fundador
1070,1972,,,,Estudios Carreteras Managua-Masaya; Litoral Sur Y Masaya-Catarina-El Guanacaste; Masatepe-San Marcos Y San Marcos-Ticuantepe.,,,490000.0,prestamos_sector_publico,Nicaragua,,Sector Público,,Estudios Carreteras Managua-Masaya; Litoral Sur Y Masaya-Catarina-El Guanacaste; Masatepe-San Marcos Y San Marcos-Ticuantepe.,Fundador
1071,1992,,,,Proyecto Anillo Periférico Urbano de la Ciudad de Tegucigalpa,,,20000000.0,prestamos_sector_publico,Honduras,,Sector Público,,Proyecto Anillo Periférico Urbano de la Ciudad de Tegucigalpa,Fundador
1072,1977,,,,Proyecto para el Control de Inundaciones en la Ciudad de San Pedro Sula que Comprende el Dragado y Protección de Taludes de los Ríos Piedras Santa Ana o Bermejo Sauce y Blanco y de las Quebradas Santa Anita y la Guama,,,2500000.0,prestamos_sector_publico,Honduras,,Sector Público,,Proyecto para el Control de Inundaciones en la Ciudad de San Pedro Sula que Comprende el Dragado y Protección de Taludes de los Ríos Piedras Santa Ana o Bermejo Sauce y Blanco y de las Quebradas Santa Anita y la Guama,Fundador
1073,2022,,,,OPD para apoyar acciones de política y resultados de desarrollo,,,100000000.0,prestamos_sector_publico,República Dominicana,,Sector Público,,OPD para apoyar acciones de política y resultados de desarrollo,Regional No-Fundador
1074,1982,,,,Proyecto de Viviendas y Lotes Urbanizados de Interés Social en el Lugar Denominado Batahola en la Ciudad de Managua.,,,1000000.0,prestamos_sector_publico,Nicaragua,,Sector Público,,Proyecto de Viviendas y Lotes Urbanizados de Interés Social en el Lugar Denominado Batahola en la Ciudad de Managua.,Fundador
1075,1967,,,,Construcción de la Carretera Portezuelo - Las Mercedes (CA1),,,1610000.0,prestamos_sector_publico,Nicaragua,,Sector Público,,Construcción de la Carretera Portezuelo - Las Mercedes (CA1),Fundador
1076,1970,,,,Adquisición por el Prestatario de Acciones de Capital Social de la Firma Textiles Fabricato de Nicaragua S.A. (Fabritex) que se Dedica a la Fabricación de Tejidos Planos de Algodón y Mezclas con Fibras Sintéticas.,,,200000.0,prestamos_sector_publico,Nicaragua,,Sector Público,,Adquisición por el Prestatario de Acciones de Capital Social de la Firma Textiles Fabricato de Nicaragua S.A. (Fabritex) que se Dedica a la Fabricación de Tejidos Planos de Algodón y Mezclas con Fibras Sintéticas.,Fundador
1077,2008,,,,Préstamo - Rehabilitación y Pavimentación de las Carreteras Nejapa-Izapa-Puerto Sandino y La Paz Centro-Malpaisillo-Villa 15 de Julio,,,130000000.0,prestamos_sector_publico,Nicaragua,,Sector Público,,Préstamo - Rehabilitación y Pavimentación de las Carreteras Nejapa-Izapa-Puerto Sandino y La Paz Centro-Malpaisillo-Villa 15 de Julio,Fundador
1078,1992,,,,Adquisición de Bienes y Servicios Relacionados con la Ejecución del Proyecto Digitalización de la Red Atlántico Sur,,,5800000.0,prestamos_sector_publico,Nicaragua,,Sector Público,,Adquisición de Bienes y Servicios Relacionados con la Ejecución del Proyecto Digitalización de la Red Atlántico Sur,Fundador
1079,2006,,,,Programa de Equipamiento General del Sector Salud,,,50000000.05,prestamos_sector_publico,Honduras,,Sector Público,,Programa de Equipamiento General del Sector Salud,Fundador
1080,2012,,,,Programa de Desarrollo Agrícola Bajo Riego (PDABR),,,52032754.0,prestamos_sector_publico,Honduras,,Sector Público,,Programa de Desarrollo Agrícola Bajo Riego (PDABR),Fundador
1081,1993,,,,Programa Producción en Colegios Vocacionales de Honduras,,,2500000.0,prestamos_sector_publico,Honduras,,Sector Público,,Programa Producción en Colegios Vocacionales de Honduras,Fundador
1082,2005,,,,Proyecto Programa de Atención Integral a la Niñez Nicaragüense,,,5000000.0,prestamos_sector_publico,Nicaragua,,Sector Público,,Proyecto Programa de Atención Integral a la Niñez Nicaragüense,Fundador
1083,1982,,,,Construcción y Equipamiento de Cuatro Talleres Garajes para el Mantenimiento de las Unidades del Transporte Urbano de la Ciudad de Managua,,,12200000.0,prestamos_sector_publico,Nicaragua,,Sector Público,,Construcción y Equipamiento de Cuatro Talleres Garajes para el Mantenimiento de las Unidades del Transporte Urbano de la Ciudad de Managua,Fundador
1084,1982,,,,Proyecto de Transmisión Tegucigalpa - Danlí,,,3300000.0,prestamos_sector_publico,Honduras,,Sector Público,,Proyecto de Transmisión Tegucigalpa - Danlí,Fundador
1085,2012,,,,Proyecto Construcción del Corredor Logístico Villa de San Antonio-Goascorán Sección II y III - (Garantía),,,18940000.0,prestamos_sector_publico,Honduras,,Sector Público,,Proyecto Construcción del Corredor Logístico Villa de San Antonio-Goascorán Sección II y III - (Garantía),Fundador
1086,2011,,,,Proyecto Social de Inclusión a la Educación Superior,,,5100000.0,prestamos_sector_publico,Honduras,,Sector Público,,Proyecto Social de Inclusión a la Educación Superior,Fundador
1087,2002,,,,Proyecto Modernización del Riego en Micro Cuencas del Oeste del Valle de Comayagua (Promorco),,,12800000.0,prestamos_sector_publico,Honduras,,Sector Público,,Proyecto Modernización del Riego en Micro Cuencas del Oeste del Valle de Comayagua (Promorco),Fundador
1088,2014,,,,Proyecto Mejoramiento de Caminos Rurales y Carreteras con Conexión al Caribe Nicaragüense,,,149250000.0,prestamos_sector_publico,Nicaragua,,Sector Público,,Proyecto Mejoramiento de Caminos Rurales y Carreteras con Conexión al Caribe Nicaragüense,Fundador
1089,2004,,,,Programa de Electrificación Rural en Zonas Productivas del Área Concesionada,,,4750000.0,prestamos_sector_publico,Nicaragua,,Sector Público,,Programa de Electrificación Rural en Zonas Productivas del Área Concesionada,Fundador
1090,2019,,,,LGC - Caja de Ahorros,,,100000000.0,prestamos_sector_publico,Panamá,,Sector Público,,LGC - Caja de Ahorros,Regional No-Fundador
1091,1975,,,,Construcción a Nivel de Terracería Subbase Puentes y Estructura de Drenaje del Tramo la Ceiba - Jutiapa de la Ruta CA-13,,,3800000.0,prestamos_sector_publico,Honduras,,Sector Público,,Construcción a Nivel de Terracería Subbase Puentes y Estructura de Drenaje del Tramo la Ceiba - Jutiapa de la Ruta CA-13,Fundador
1092,2020,,,,Programa Nacional de Electrificación Sostenible y Energía Renovable para Nicaragua (PNESER) - Componente C,,,143000000.0,prestamos_sector_publico,Nicaragua,,Sector Público,,Programa Nacional de Electrificación Sostenible y Energía Renovable para Nicaragua (PNESER) - Componente C,Fundador
1093,1976,,,,Financiar Parte de los Costos de Bienes y Servicios para la Construcción de una Zona Franca Industrial de Exportación a Localizarse Adyacente al Aeropuerto Internacional las Mercedes,,,3560000.0,prestamos_sector_publico,Nicaragua,,Sector Público,,Financiar Parte de los Costos de Bienes y Servicios para la Construcción de una Zona Franca Industrial de Exportación a Localizarse Adyacente al Aeropuerto Internacional las Mercedes,Fundador
1094,2009,,,,Apoyo Presupuestario en Concepto de la Implementación del Documento Personal de Identificación (DPI),,,115000000.0,prestamos_sector_publico,Guatemala,,Sector Público,,Apoyo Presupuestario en Concepto de la Implementación del Documento Personal de Identificación (DPI),Fundador
1095,1992,,,,LC - Banco Central de Nicaragua,,,3000000.0,prestamos_sector_publico,Nicaragua,,Sector Público,,LC - Banco Central de Nicaragua,Fundador
1096,2006,,,,Proyecto Construcción de la Central Hidroeléctrica Larreynaga,,,36718000.0,prestamos_sector_publico,Nicaragua,,Sector Público,,Proyecto Construcción de la Central Hidroeléctrica Larreynaga,Fundador
1097,2020,,,,OPD en Respuesta a la Pandemia y Recuperación del Crecimiento en Panamá,,,250000000.0,prestamos_sector_publico,Panamá,,Sector Público,,OPD en Respuesta a la Pandemia y Recuperación del Crecimiento en Panamá,Regional No-Fundador
1098,1980,,,,Adquisición de Maquinaria y Equipos Repuestos Accesorios y Tela Plástica Acrílica del Proyecto Programa de Tabaco de Agroinra,,,2400000.0,prestamos_sector_publico,Nicaragua,,Sector Público,,Adquisición de Maquinaria y Equipos Repuestos Accesorios y Tela Plástica Acrílica del Proyecto Programa de Tabaco de Agroinra,Fundador
1099,2017,,,,Proyecto de Saneamiento de Bluefield,,,38804000.0,prestamos_sector_publico,Nicaragua,,Sector Público,,Proyecto de Saneamiento de Bluefield,Fundador
1100,1980,,,,Financiar los Estudios de Investigación y Exploración de las Minas Bonanzas Rosita la Libertad Limón y Santa Rosa,,,2000000.0,prestamos_sector_publico,Nicaragua,,Sector Público,,Financiar los Estudios de Investigación y Exploración de las Minas Bonanzas Rosita la Libertad Limón y Santa Rosa,Fundador
1101,2014,,,,Apoyo a Proyectos de Inversión en Infraestructura Social y Productiva,,,250000000.0,prestamos_sector_publico,Guatemala,,Sector Público,,Apoyo a Proyectos de Inversión en Infraestructura Social y Productiva,Fundador
1102,2017,,,,Incremento Programa Nacional de Electrificación Sostenible y Energía Renovable para Nicaragua (PNESER) - Componente B,,,86500000.0,prestamos_sector_publico,Nicaragua,,Sector Público,,Incremento Programa Nacional de Electrificación Sostenible y Energía Renovable para Nicaragua (PNESER) - Componente B,Fundador
1103,1977,,,,Construcción y Supervisión de las Obras para el Interconector de las Rutas Regionales CA5 y CA6 de la Ciudad de Tegucigalpa,,,3600000.0,prestamos_sector_publico,Honduras,,Sector Público,,Construcción y Supervisión de las Obras para el Interconector de las Rutas Regionales CA5 y CA6 de la Ciudad de Tegucigalpa,Fundador
1104,1992,,,,Adquisición de Bienes y Servicios Relacionados con la Ejecución del Proyecto Mejoramiento y Ampliación del Sistema Telefónico de Managua,,,6650012.0,prestamos_sector_publico,Nicaragua,,Sector Público,,Adquisición de Bienes y Servicios Relacionados con la Ejecución del Proyecto Mejoramiento y Ampliación del Sistema Telefónico de Managua,Fundador
1105,1973,,,,Primera Etapa de un Parque Industrial para la Relocalización de Pequeñas Industrias.,,,1320000.0,prestamos_sector_publico,Nicaragua,,Sector Público,,Primera Etapa de un Parque Industrial para la Relocalización de Pequeñas Industrias.,Fundador
1106,1971,,,,Financiar los Estudios Finales de Ingeniería del Tramo las Mercedes - San Benito de la Carretera Interamericana,,,70000.0,prestamos_sector_publico,Nicaragua,,Sector Público,,Financiar los Estudios Finales de Ingeniería del Tramo las Mercedes - San Benito de la Carretera Interamericana,Fundador
1107,1985,,,,Adquisición de Bienes y Servicios de Origen Japonés para la Ampliación y Mejoramiento del Sistema de Telecomunicaciones de la Republica de Honduras,,,8800000.0,prestamos_sector_publico,Honduras,,Sector Público,,Adquisición de Bienes y Servicios de Origen Japonés para la Ampliación y Mejoramiento del Sistema de Telecomunicaciones de la Republica de Honduras,Fundador
1108,2020,,,,Proyecto de Ampliación del Sistema de Abastecimiento de Agua Potable en la Ciudad de Gracias  Departamento de Lempira,,,10800000.0,prestamos_sector_publico,Honduras,,Sector Público,,Proyecto de Ampliación del Sistema de Abastecimiento de Agua Potable en la Ciudad de Gracias  Departamento de Lempira,Fundador
1109,2007,,,,Proyecto Pavimentación de la Carretera San Ramón Muy-Muy,,,21710557.0,prestamos_sector_publico,Nicaragua,,Sector Público,,Proyecto Pavimentación de la Carretera San Ramón Muy-Muy,Fundador
1110,1994,,,,Financiar los Servicios de Consultoría de los Estudios Viales en Nicaragua Complementando el Monto del Préstamo No 642Fo,,,772478.0,prestamos_sector_publico,Nicaragua,,Sector Público,,Financiar los Servicios de Consultoría de los Estudios Viales en Nicaragua Complementando el Monto del Préstamo No 642Fo,Fundador
1111,2015,,,,Proyecto Rehabilitación de los Tramos Carreteros La Entrada-Copán Ruinas-El Florido y La Entrada-Santa Rosa de Copán,,,5500000.0,prestamos_sector_publico,Honduras,,Sector Público,,Proyecto Rehabilitación de los Tramos Carreteros La Entrada-Copán Ruinas-El Florido y La Entrada-Santa Rosa de Copán,Fundador
1112,1991,,,,LC - Banco Central de Honduras,,,1000000.0,prestamos_sector_publico,Honduras,,Sector Público,,LC - Banco Central de Honduras,Fundador
1113,2023,,,,Construcción de las Obras Complementarias de Riego y Suministro de Agua de la Presa Montegrande,,,236926411.0,prestamos_sector_publico,República Dominicana,,Sector Público,,Construcción de las Obras Complementarias de Riego y Suministro de Agua de la Presa Montegrande,Regional No-Fundador
1114,1994,,,,Proyecto Ampliación y Mejoramiento del Sistema Telefónico Región Noroccidental I Fase,,,12100000.0,prestamos_sector_publico,Nicaragua,,Sector Público,,Proyecto Ampliación y Mejoramiento del Sistema Telefónico Región Noroccidental I Fase,Fundador
1115,1990,,,,LC - Banco Central de Nicaragua,,,18000000.0,prestamos_sector_publico,Nicaragua,,Sector Público,,LC - Banco Central de Nicaragua,Fundador
1116,1973,,,,Costo de un Estudio de Factibilidad para la Interconexión con el Sistema Eléctrico Nacional de Costa Rica Mediante la Construcción de una Línea de Alto Voltaje de una Longitud de 290 Kilometros,,,50000.0,prestamos_sector_publico,Nicaragua,,Sector Público,,Costo de un Estudio de Factibilidad para la Interconexión con el Sistema Eléctrico Nacional de Costa Rica Mediante la Construcción de una Línea de Alto Voltaje de una Longitud de 290 Kilometros,Fundador
1117,1973,,,,Fondos Destinados al Programa Nacional del Cultivo del Marañón del Prestatario.,,,670257.0,prestamos_sector_publico,Nicaragua,,Sector Público,,Fondos Destinados al Programa Nacional del Cultivo del Marañón del Prestatario.,Fundador
1118,2021,,,,Apoyo para implementación del Plan Nacional de introducción de vacuna contra COVID-19,,,35000000.0,prestamos_sector_publico,Honduras,,Sector Público,,Apoyo para implementación del Plan Nacional de introducción de vacuna contra COVID-19,Fundador
1119,2005,,,,Proyecto de Rehabilitación y Mejoramiento de la Carretera Puerto Cortés Frontera con Guatemala (CA13) Sección I,,,4600000.0,prestamos_sector_publico,Honduras,,Sector Público,,Proyecto de Rehabilitación y Mejoramiento de la Carretera Puerto Cortés Frontera con Guatemala (CA13) Sección I,Fundador
1120,2004,,,,Proyecto Mejoras Localizadas sobre la Carretera Río Blanco - Siuna - Puerto Cabezas,,,5000000.0,prestamos_sector_publico,Nicaragua,,Sector Público,,Proyecto Mejoras Localizadas sobre la Carretera Río Blanco - Siuna - Puerto Cabezas,Fundador
1121,1989,,,,Programa de Vivienda y Mejoramiento Urbano,,,20000000.0,prestamos_sector_publico,Honduras,,Sector Público,,Programa de Vivienda y Mejoramiento Urbano,Fundador
1122,2012,,,,Proyecto Construcción del Corredor Logístico Villa de San Antonio-Goascorán Secciones II y III - (Garantía),,,145000000.0,prestamos_sector_publico,Honduras,,Sector Público,,Proyecto Construcción del Corredor Logístico Villa de San Antonio-Goascorán Secciones II y III - (Garantía),Fundador
1123,2020,,,,Línea para Apoyar la Gestión de Liquidez de BCH,,,200000000.0,prestamos_sector_publico,Honduras,,Sector Público,,Línea para Apoyar la Gestión de Liquidez de BCH,Fundador
1124,1969,,,,Estudios Finales de Ingeniería de la Carretera Sébaco San Benito y Pista de Circunvalación de Managua,,,250000.0,prestamos_sector_publico,Nicaragua,,Sector Público,,Estudios Finales de Ingeniería de la Carretera Sébaco San Benito y Pista de Circunvalación de Managua,Fundador
1125,2022,,,,Programa Temporal de Apoyo ante la Crisis de los Combustibles en Nicaragua,,,200000000.0,prestamos_sector_publico,Nicaragua,,Sector Público,,Programa Temporal de Apoyo ante la Crisis de los Combustibles en Nicaragua,Fundador
1126,2010,,,,Proyecto de Construcción y Equipamiento del Hospital General de la Zona Occidental de Managua,,,42826951.0,prestamos_sector_publico,Nicaragua,,Sector Público,,Proyecto de Construcción y Equipamiento del Hospital General de la Zona Occidental de Managua,Fundador
1127,2021,,,,Fortalecimiento del Financiamiento para el Sector Agropecuario con Enfoque Tecnológico y Sostenible,,,60000000.0,prestamos_sector_publico,República Dominicana,,Sector Público,,Fortalecimiento del Financiamiento para el Sector Agropecuario con Enfoque Tecnológico y Sostenible,Regional No-Fundador
1128,1970,,,,Financiamiento Parcial de las Carreteras Ocotallas Manos (CA6) Puente Realfrontera con Honduras (CA3) y el Puente Sobre el Río Guasaule,,,733000.0,prestamos_sector_publico,Nicaragua,,Sector Público,,Financiamiento Parcial de las Carreteras Ocotallas Manos (CA6) Puente Realfrontera con Honduras (CA3) y el Puente Sobre el Río Guasaule,Fundador
1129,2020,,,,Vale Digital - Panamá Solidario Covid-19 (Fondo Ordinario),,,100000000.0,prestamos_sector_publico,Panamá,,Sector Público,,Vale Digital - Panamá Solidario Covid-19 (Fondo Ordinario),Regional No-Fundador
1130,1993,,,,LC - Banco Central de Nicaragua,,,13265800.0,prestamos_sector_publico,Nicaragua,,Sector Público,,LC - Banco Central de Nicaragua,Fundador
1131,1968,,,,Financiar los Gastos de Flete Marítimo de las Unidades Generadoras Dieseleléctricas Adquiridas con los Fondos del Préstamo Original,,,72000.0,prestamos_sector_publico,Honduras,,Sector Público,,Financiar los Gastos de Flete Marítimo de las Unidades Generadoras Dieseleléctricas Adquiridas con los Fondos del Préstamo Original,Fundador
1132,2016,,,,Programa de Sostenibilidad del Sector Eléctrico de Nicaragua,,,163500000.0,prestamos_sector_publico,Nicaragua,,Sector Público,,Programa de Sostenibilidad del Sector Eléctrico de Nicaragua,Fundador
1133,2018,,,,LGC - Banco Nacional de Panamá,,,100000000.0,prestamos_sector_publico,Panamá,,Sector Público,,LGC - Banco Nacional de Panamá,Regional No-Fundador
1134,2013,,,,Programa de Mejoramiento y Ampliación del Corredor Vial del Este,,,80200000.0,prestamos_sector_publico,República Dominicana,,Sector Público,,Programa de Mejoramiento y Ampliación del Corredor Vial del Este,Regional No-Fundador
1135,1981,,,,Proyecto de Campaña de Control y Combate de la Roya del Cafe,,,4800000.0,prestamos_sector_publico,Nicaragua,,Sector Público,,Proyecto de Campaña de Control y Combate de la Roya del Cafe,Fundador
1136,2024,,,,Programa de Mejoramiento y Ampliación en 4 Sistemas de Agua Potable en 5 Ciudades de Nicaragua,,,130000000.0,prestamos_sector_publico,Nicaragua,,Sector Público,,Programa de Mejoramiento y Ampliación en 4 Sistemas de Agua Potable en 5 Ciudades de Nicaragua,Fundador
1137,2002,,,,Proyecto Rehabilitación de la Carretera Chinandega-Guasaule,,,19500000.0,prestamos_sector_publico,Nicaragua,,Sector Público,,Proyecto Rehabilitación de la Carretera Chinandega-Guasaule,Fundador
1138,1978,,,,Proyecto Silos Rurales de Honduras,,,9000000.0,prestamos_sector_publico,Honduras,,Sector Público,,Proyecto Silos Rurales de Honduras,Fundador
1139,2021,,,,X Programa de Ampliación y Mejoramiento de Carreteras,,,382580372.14,prestamos_sector_publico,Nicaragua,,Sector Público,,X Programa de Ampliación y Mejoramiento de Carreteras,Fundador
1140,1979,,,,Construcción de Obras Civiles de la Casa de Máquinas Subtérranea del Proyecto Hidroeléctrico el Cajón,,,30600000.0,prestamos_sector_publico,Honduras,,Sector Público,,Construcción de Obras Civiles de la Casa de Máquinas Subtérranea del Proyecto Hidroeléctrico el Cajón,Fundador
1141,2008,,,,Proyecto Construcción de la Central Hidroeléctrica Larreynaga,,,22893879.0,prestamos_sector_publico,Nicaragua,,Sector Público,,Proyecto Construcción de la Central Hidroeléctrica Larreynaga,Fundador
1142,1989,,,,Estudios De Factibilidad de Proyectos de Rehabilitación y Mejoramiento de los Tramos de Carretera Izapa - León - Chinandega  Chinandega - Guasaule  Nejapa - Las Conchitis - Nandaime  Masaya - Granada,,,810000.0,prestamos_sector_publico,Nicaragua,,Sector Público,,Estudios De Factibilidad de Proyectos de Rehabilitación y Mejoramiento de los Tramos de Carretera Izapa - León - Chinandega  Chinandega - Guasaule  Nejapa - Las Conchitis - Nandaime  Masaya - Granada,Fundador
1143,1974,,,,LC - Banco Nacional de Nicaragua,,,700000.0,prestamos_sector_publico,Nicaragua,,Sector Público,,LC - Banco Nacional de Nicaragua,Fundador
1144,1993,,,,Proyectos Hidroeléctricos Remolino y Sico II en la República de Honduras Financiados Parcialmente con el Préstamo Fo6110,,,959000.0,prestamos_sector_publico,Honduras,,Sector Público,,Proyectos Hidroeléctricos Remolino y Sico II en la República de Honduras Financiados Parcialmente con el Préstamo Fo6110,Fundador
1145,2020,,,,Proyecto de Ampliación del Sistema de Abastecimiento de Agua Potable en la Ciudad de Gracias  Departamento de Lempira - Fondos Corea,,,25200000.0,prestamos_sector_publico,Honduras,,Sector Público,,Proyecto de Ampliación del Sistema de Abastecimiento de Agua Potable en la Ciudad de Gracias  Departamento de Lempira - Fondos Corea,Fundador
1146,2017,,,,Proyecto Múltiple de la Presa Montegrande  Fase III,,,249600000.0,prestamos_sector_publico,República Dominicana,,Sector Público,,Proyecto Múltiple de la Presa Montegrande  Fase III,Regional No-Fundador
1147,2021,,,,Proyecto de Mejoramiento de las Capacidades Técnicas y Operativas de Puerto Corinto,,,21425306.65,prestamos_sector_publico,Nicaragua,,Sector Público,,Proyecto de Mejoramiento de las Capacidades Técnicas y Operativas de Puerto Corinto,Fundador
1148,1969,,,,Adquisición de Maquinaria y Equipo Además de Gastos de Transporte Instalación de Maquinaria y Equipo u Otras Inversiones Necesarias para la Instalación y Funcionamiento de un Centro de Formación Profesional,,,700000.0,prestamos_sector_publico,Nicaragua,,Sector Público,,Adquisición de Maquinaria y Equipo Además de Gastos de Transporte Instalación de Maquinaria y Equipo u Otras Inversiones Necesarias para la Instalación y Funcionamiento de un Centro de Formación Profesional,Fundador
1149,1992,,,,Proyecto Anillo Periférico Urbano de la Ciudad de Tegucigalpa,,,17800000.0,prestamos_sector_publico,Honduras,,Sector Público,,Proyecto Anillo Periférico Urbano de la Ciudad de Tegucigalpa,Fundador
1150,2003,,,,Proyecto Apoyo a la Producción Diversificada y Exportable,,,5000000.0,prestamos_sector_publico,Nicaragua,,Sector Público,,Proyecto Apoyo a la Producción Diversificada y Exportable,Fundador
1151,1992,,,,LC - Banco Central de Nicaragua,,,15000000.0,prestamos_sector_publico,Nicaragua,,Sector Público,,LC - Banco Central de Nicaragua,Fundador
1152,1980,,,,Adquisición de Materiales y Equipos para la Reparación y Construcción de las Redes de Distribución del Sistema de Interconectado del Ine,,,3000000.0,prestamos_sector_publico,Nicaragua,,Sector Público,,Adquisición de Materiales y Equipos para la Reparación y Construcción de las Redes de Distribución del Sistema de Interconectado del Ine,Fundador
1153,1973,,,,Completar el Financiamiento y Mejorar la Operación de la Arteria Regional de Telecomunicaciones en la Parte que Corresponde a la República de Nicaragua,,,1000000.0,prestamos_sector_publico,Nicaragua,,Sector Público,,Completar el Financiamiento y Mejorar la Operación de la Arteria Regional de Telecomunicaciones en la Parte que Corresponde a la República de Nicaragua,Fundador
1154,1975,,,,Elaboración de Estudios Geológicos del Terreno para el Parque Industrial las Mercedes (Pilam),,,30000.0,prestamos_sector_publico,Nicaragua,,Sector Público,,Elaboración de Estudios Geológicos del Terreno para el Parque Industrial las Mercedes (Pilam),Fundador
1155,2013,,,,Proyecto para la Competitividad y el Desarrollo Rural Sostenible en la Zona Norte Denominado Horizontes del Norte,,,8000000.0,prestamos_sector_publico,Honduras,,Sector Público,,Proyecto para la Competitividad y el Desarrollo Rural Sostenible en la Zona Norte Denominado Horizontes del Norte,Fundador
1156,2015,,,,Proyecto Mejoramiento del Camino El Boquete - Santa Ana,,,28900000.0,prestamos_sector_publico,Nicaragua,,Sector Público,,Proyecto Mejoramiento del Camino El Boquete - Santa Ana,Fundador
1157,1990,,,,Proyecto de Rehabilitación de las Plantas Generadoras de Energía Eléctrica Cañaveral y Río Lindo,,,1700000.0,prestamos_sector_publico,Honduras,,Sector Público,,Proyecto de Rehabilitación de las Plantas Generadoras de Energía Eléctrica Cañaveral y Río Lindo,Fundador
1158,2022,,,,OPD para apoyar acciones de política y resultados de desarrollo,,,250000000.0,prestamos_sector_publico,Honduras,,Sector Público,,OPD para apoyar acciones de política y resultados de desarrollo,Fundador
1159,1971,,,,LC - Instituto de Fomento Nacional,,,1275200.0,prestamos_sector_publico,Nicaragua,,Sector Público,,LC - Instituto de Fomento Nacional,Fundador
1160,1979,,,,Proyecto Aeropuerto Internacional las Mercedes,,,2000000.0,prestamos_sector_publico,Nicaragua,,Sector Público,,Proyecto Aeropuerto Internacional las Mercedes,Fundador
1161,2013,,,,Proyecto Mejoramiento y Ampliación de los Sistemas de Abastecimiento de Agua Potable y Saneamiento en 19 Ciudades,,,100069300.0,prestamos_sector_publico,Nicaragua,,Sector Público,,Proyecto Mejoramiento y Ampliación de los Sistemas de Abastecimiento de Agua Potable y Saneamiento en 19 Ciudades,Fundador
1162,2003,,,,Programa de Desarrollo Económico de la Región Seca de Nicaragua (Prodesec),,,3995000.0,prestamos_sector_publico,Nicaragua,,Sector Público,,Programa de Desarrollo Económico de la Región Seca de Nicaragua (Prodesec),Fundador
1163,2020,,,,Vale Digital - Panamá Solidario Covid-19 (PEAP-COVID-19-RE),,,50000000.0,prestamos_sector_publico,Panamá,,Sector Público,,Vale Digital - Panamá Solidario Covid-19 (PEAP-COVID-19-RE),Regional No-Fundador
1164,2009,,,,Proyecto de Apoyo para la Inserción de los Pequeños Productores en las Cadenas de Valor y Acceso a Mercados (PROCAVAL),,,8000000.0,prestamos_sector_publico,Nicaragua,,Sector Público,,Proyecto de Apoyo para la Inserción de los Pequeños Productores en las Cadenas de Valor y Acceso a Mercados (PROCAVAL),Fundador
1165,1978,,,,Terminación de la Construcción y Supervisión de las Obras para el Interconector de las Rutas Regionales CA5 y CA6 en la Ciudad de Tegucigalpa Honduras,,,3400000.0,prestamos_sector_publico,Honduras,,Sector Público,,Terminación de la Construcción y Supervisión de las Obras para el Interconector de las Rutas Regionales CA5 y CA6 en la Ciudad de Tegucigalpa Honduras,Fundador
1166,2019,,,,IX Programa de Mejoramiento y Ampliación de Carreteras,,,333874540.0,prestamos_sector_publico,Nicaragua,,Sector Público,,IX Programa de Mejoramiento y Ampliación de Carreteras,Fundador
1167,2025,,,,Proyecto Acueducto Múltiple Región Suroeste (ASURO),,,80900000.0,prestamos_sector_publico,República Dominicana,,Sector Público,,Proyecto Acueducto Múltiple Región Suroeste (ASURO),Regional No-Fundador
1168,2005,,,,Programa de Viviendas de Interés Social para la Población de Escasos Recursos,,,5000000.0,prestamos_sector_publico,Nicaragua,,Sector Público,,Programa de Viviendas de Interés Social para la Población de Escasos Recursos,Fundador
1169,1980,,,,Financiar Complementariamente la Adquisición e Instalación de Maquinaria y Equipo para Tres Plantas Estractoras del Aceite de Palma Africana,,,2000000.0,prestamos_sector_publico,Honduras,,Sector Público,,Financiar Complementariamente la Adquisición e Instalación de Maquinaria y Equipo para Tres Plantas Estractoras del Aceite de Palma Africana,Fundador
1170,2013,,,,LGC - Banco Hondureño para la Producción y la Vivienda (BANHPROVI),,,55000000.0,prestamos_sector_publico,Honduras,,Sector Público,,LGC - Banco Hondureño para la Producción y la Vivienda (BANHPROVI),Fundador
1171,2016,,,,VI Proyecto de Mejoramiento de Carreteras,,,70450000.0,prestamos_sector_publico,Nicaragua,,Sector Público,,VI Proyecto de Mejoramiento de Carreteras,Fundador
1172,2011,,,,Proyecto Mejoramiento de la Carretera Empalme Santa Ana Empalme Santa Rita,,,10900000.0,prestamos_sector_publico,Nicaragua,,Sector Público,,Proyecto Mejoramiento de la Carretera Empalme Santa Ana Empalme Santa Rita,Fundador
1173,1980,,,,Proyecto Viviendas y Lotes Urbanizados de Interés Social en el Lugar Denominado Batahola en la Ciudad de Managua,,,4000000.0,prestamos_sector_publico,Nicaragua,,Sector Público,,Proyecto Viviendas y Lotes Urbanizados de Interés Social en el Lugar Denominado Batahola en la Ciudad de Managua,Fundador
1174,2011,,,,Proyecto de Ampliación y Mejoramiento de la Carretera CA5 Segmento I,,,28000000.0,prestamos_sector_publico,Honduras,,Sector Público,,Proyecto de Ampliación y Mejoramiento de la Carretera CA5 Segmento I,Fundador
1175,1966,,,,Estudio de Factibilidad de un Puerto en el Atlántico Sur de Nicaragua,,,301450.0,prestamos_sector_publico,Nicaragua,,Sector Público,,Estudio de Factibilidad de un Puerto en el Atlántico Sur de Nicaragua,Fundador
1176,1973,,,,Proyecto Tipitapa - Masaya - Nandaime y Ramal Catarina - Masatepe  Consistente en Pavimentación del Tramo Tipitapa - Masaya,,,3400000.0,prestamos_sector_publico,Nicaragua,,Sector Público,,Proyecto Tipitapa - Masaya - Nandaime y Ramal Catarina - Masatepe  Consistente en Pavimentación del Tramo Tipitapa - Masaya,Fundador
1177,1994,,,,Proyecto Traslado Montaje y Puesta en Operación de Tres Turbinas de Gas,,,8700000.0,prestamos_sector_publico,Honduras,,Sector Público,,Proyecto Traslado Montaje y Puesta en Operación de Tres Turbinas de Gas,Fundador
1178,1994,,,,Proyecto Desarrollo Rural Integrado de las Comunidades de Planes de Vilán,,,1500000.0,prestamos_sector_publico,Nicaragua,,Sector Público,,Proyecto Desarrollo Rural Integrado de las Comunidades de Planes de Vilán,Fundador
1179,2005,,,,Proyecto de Pavimentacion de la Carretera Matagalpa-Jinotega,,,9432000.0,prestamos_sector_publico,Nicaragua,,Sector Público,,Proyecto de Pavimentacion de la Carretera Matagalpa-Jinotega,Fundador
1180,1975,,,,LC - Instituto de Fomento Nacional,,,850000.0,prestamos_sector_publico,Nicaragua,,Sector Público,,LC - Instituto de Fomento Nacional,Fundador
1181,2016,,,,Proyecto Mejoramiento de los Tramos de Camino Malacatoya-Victoria de Julio y Malacatoya-El Palo-El Papayal,,,65400000.0,prestamos_sector_publico,Nicaragua,,Sector Público,,Proyecto Mejoramiento de los Tramos de Camino Malacatoya-Victoria de Julio y Malacatoya-El Palo-El Papayal,Fundador
1182,1977,,,,Participación por Parte del Prestatario para Participar en el Programa Centroamericano para el Desarrollo o Mejoramiento de Agroempresas.,,,500000.0,prestamos_sector_publico,Nicaragua,,Sector Público,,Participación por Parte del Prestatario para Participar en el Programa Centroamericano para el Desarrollo o Mejoramiento de Agroempresas.,Fundador
1183,1992,,,,Ejecución del Proyecto Programa Nacional de Electrificación Rural,,,18000000.0,prestamos_sector_publico,Honduras,,Sector Público,,Ejecución del Proyecto Programa Nacional de Electrificación Rural,Fundador
1184,2025,,,,Programa de Transmisión Eléctrica Etapa I,,,165000000.0,prestamos_sector_publico,Honduras,,Sector Público,,Programa de Transmisión Eléctrica Etapa I,Fundador
1185,1992,,,,LC - Banco Central de Nicaragua,,,3000000.0,prestamos_sector_publico,Nicaragua,,Sector Público,,LC - Banco Central de Nicaragua,Fundador
1186,2005,,,,Proyecto de Pavimentación de la Carretera San Ramón Muy Muy,,,13600000.0,prestamos_sector_publico,Nicaragua,,Sector Público,,Proyecto de Pavimentación de la Carretera San Ramón Muy Muy,Fundador
1187,2021,,,,Proyecto Fortalecimiento de la Capacidad de Atención en la Red de Servicio Hospitalaria en Unidades de Salud Priorizadas,,,18475261.66,prestamos_sector_publico,Nicaragua,,Sector Público,,Proyecto Fortalecimiento de la Capacidad de Atención en la Red de Servicio Hospitalaria en Unidades de Salud Priorizadas,Fundador
1188,2021,,,,Programa de Saneamiento del Lago de Managua en la Ribera Sur,,,151449270.0,prestamos_sector_publico,Nicaragua,,Sector Público,,Programa de Saneamiento del Lago de Managua en la Ribera Sur,Fundador
1189,2024,,,,OPD para apoyo a la transición energética e impulso de la acción climática de la República de Panamá,,,240000000.0,prestamos_sector_publico,Panamá,,Sector Público,,OPD para apoyo a la transición energética e impulso de la acción climática de la República de Panamá,Regional No-Fundador
1190,1988,,,,Rehabilitación de la Carretera CA-5 Norte  Tramo  Río del Hombre - El Caracol  Sección III  Final del Valle de Comayagua - Siguatepeque,,,6000000.0,prestamos_sector_publico,Honduras,,Sector Público,,Rehabilitación de la Carretera CA-5 Norte  Tramo  Río del Hombre - El Caracol  Sección III  Final del Valle de Comayagua - Siguatepeque,Fundador
1191,2022,,,,Proyecto de Construcción de la Línea 2C del Metro de Santo Domingo,,,250000000.0,prestamos_sector_publico,República Dominicana,,Sector Público,,Proyecto de Construcción de la Línea 2C del Metro de Santo Domingo,Regional No-Fundador
1192,1980,,,,Compra de Hipotecas Y/o Titulos Hipotecarios Conforme a las Políticas del Programa de Vivienda Media del Banco.,,,4000000.0,prestamos_sector_publico,Honduras,,Sector Público,,Compra de Hipotecas Y/o Titulos Hipotecarios Conforme a las Políticas del Programa de Vivienda Media del Banco.,Fundador
1193,2019,,,,Programa de Apoyo a la Educación Media,,,80000000.0,prestamos_sector_publico,Honduras,,Sector Público,,Programa de Apoyo a la Educación Media,Fundador
1194,2013,,,,Programa de Adaptación a Cambios en los Mercados y a los Efectos del Cambio Climático,,,7000000.0,prestamos_sector_publico,Nicaragua,,Sector Público,,Programa de Adaptación a Cambios en los Mercados y a los Efectos del Cambio Climático,Fundador
1195,1989,,,,Estudios de Factibilidad de Proyectos de Rehabilitación Mejoramiento y Construcción de los Tramos de Ferrocarril Masaya - Jinotepe - Diriamba  Managua - Tipitapa - Victoria de Julio  León - Río Grande - Estelí,,,960000.0,prestamos_sector_publico,Nicaragua,,Sector Público,,Estudios de Factibilidad de Proyectos de Rehabilitación Mejoramiento y Construcción de los Tramos de Ferrocarril Masaya - Jinotepe - Diriamba  Managua - Tipitapa - Victoria de Julio  León - Río Grande - Estelí,Fundador
1196,2020,,,,Proyecto de Modernización del Documento de Identificación en Honduras - IDENTIFICATE - Tramo C,,,10779622.95,prestamos_sector_publico,Honduras,,Sector Público,,Proyecto de Modernización del Documento de Identificación en Honduras - IDENTIFICATE - Tramo C,Fundador
1197,1971,,,,Adquisición de Materiales y Equipos para la Construcción y Mejoramiento de los Sistemas de Distribución de Energía Eléctrica en Varias Poblaciones de Nicaragua,,,500000.0,prestamos_sector_publico,Nicaragua,,Sector Público,,Adquisición de Materiales y Equipos para la Construcción y Mejoramiento de los Sistemas de Distribución de Energía Eléctrica en Varias Poblaciones de Nicaragua,Fundador
1198,1980,,,,Financiar un Estudio de Factibilidad para el Cultivo del Cacao,,,200000.0,prestamos_sector_publico,Nicaragua,,Sector Público,,Financiar un Estudio de Factibilidad para el Cultivo del Cacao,Fundador
1199,2016,,,,Proyecto Construcción del Corredor Logístico Villa de San Antonio-Goascorán  Sección I  Subsección IB  Lamaní-El Quebrachal,,,37182437.78,prestamos_sector_publico,Honduras,,Sector Público,,Proyecto Construcción del Corredor Logístico Villa de San Antonio-Goascorán  Sección I  Subsección IB  Lamaní-El Quebrachal,Fundador
1200,2012,,,,Programa de Fomento a la Productividad Agropecuaria Sostenible (PFPAS),,,10000000.0,prestamos_sector_publico,Nicaragua,,Sector Público,,Programa de Fomento a la Productividad Agropecuaria Sostenible (PFPAS),Fundador
1201,2007,,,,Proyecto Pavimentación de la Carretera Matagalpa Jinotega,,,16808790.0,prestamos_sector_publico,Nicaragua,,Sector Público,,Proyecto Pavimentación de la Carretera Matagalpa Jinotega,Fundador
1202,1981,,,,Financiar Inversiones Fijas de la Primera Fase del Proyecto Mejoramiento y Ampliación del Sistema de Almacenamiento (Masa),,,7010000.0,prestamos_sector_publico,Nicaragua,,Sector Público,,Financiar Inversiones Fijas de la Primera Fase del Proyecto Mejoramiento y Ampliación del Sistema de Almacenamiento (Masa),Fundador
1203,2018,,,,Proyecto de Mejoramiento de las Capacidades Técnicas y Operativas de Puerto Corinto,,,163200000.0,prestamos_sector_publico,Nicaragua,,Sector Público,,Proyecto de Mejoramiento de las Capacidades Técnicas y Operativas de Puerto Corinto,Fundador
1204,1995,,,,LC - Banco Central de Nicaragua,,,1000000.0,prestamos_sector_publico,Nicaragua,,Sector Público,,LC - Banco Central de Nicaragua,Fundador
1205,2005,,,,Proyecto Desarrollo de la Infraestructura Básica en la Bahía de Tela,,,7000000.0,prestamos_sector_publico,Honduras,,Sector Público,,Proyecto Desarrollo de la Infraestructura Básica en la Bahía de Tela,Fundador
1206,1973,,,,Proyecto Hidrometeorológico Centroamericano en la Parte que Corresponde a Nicaragua,,,450000.0,prestamos_sector_publico,Nicaragua,,Sector Público,,Proyecto Hidrometeorológico Centroamericano en la Parte que Corresponde a Nicaragua,Fundador
1207,1994,,,,LC - Banco Central de Nicaragua,,,17100000.0,prestamos_sector_publico,Nicaragua,,Sector Público,,LC - Banco Central de Nicaragua,Fundador
1208,2021,,,,Proyecto Fortalecimiento de la Capacidad de Atención en la Red de Servicio Hospitalaria en Unidades de Salud Priorizadas - Cofinanciamiento United Kingdom Export Finance (UKEF),,,66556330.54,prestamos_sector_publico,Nicaragua,,Sector Público,,Proyecto Fortalecimiento de la Capacidad de Atención en la Red de Servicio Hospitalaria en Unidades de Salud Priorizadas - Cofinanciamiento United Kingdom Export Finance (UKEF),Fundador
1209,1995,,,,Proyecto Desarrollo Integral de la Mujer en Municipios del Sur de Francisco Morazan Norte de Valle y Choluteca,,,1500000.0,prestamos_sector_publico,Honduras,,Sector Público,,Proyecto Desarrollo Integral de la Mujer en Municipios del Sur de Francisco Morazan Norte de Valle y Choluteca,Fundador
1210,1987,,,,Rehabilitación de la Carretera CA-5 Norte  Tramo  Río del Hombre - El Caracol - Sección Valle de Comayagua,,,4700000.0,prestamos_sector_publico,Honduras,,Sector Público,,Rehabilitación de la Carretera CA-5 Norte  Tramo  Río del Hombre - El Caracol - Sección Valle de Comayagua,Fundador
1211,2016,,,,Proyectos de Infraestructura Productiva con Impacto Diferido en el Registro del Gasto,,,150000000.0,prestamos_sector_publico,México,,Sector Público,,Proyectos de Infraestructura Productiva con Impacto Diferido en el Registro del Gasto,Extrarregional
1212,2013,,,,Programa de Adaptación a Cambios en los Mercados y a los Efectos del Cambio Climático - Tramo B,,,16000000.0,prestamos_sector_publico,Nicaragua,,Sector Público,,Programa de Adaptación a Cambios en los Mercados y a los Efectos del Cambio Climático - Tramo B,Fundador
1213,1990,,,,Rehabilitación de la Carretera Nejapa - Izapa,,,10000000.0,prestamos_sector_publico,Nicaragua,,Sector Público,,Rehabilitación de la Carretera Nejapa - Izapa,Fundador
1214,1974,,,,Proyecto para la Ciudad de Managua,,,3700000.0,prestamos_sector_publico,Nicaragua,,Sector Público,,Proyecto para la Ciudad de Managua,Fundador
1215,1980,,,,Construcción y Equipamiento de un Centro Nacional de Despacho de Carga,,,2800000.0,prestamos_sector_publico,Nicaragua,,Sector Público,,Construcción y Equipamiento de un Centro Nacional de Despacho de Carga,Fundador
1216,2017,,,,VII Programa de Mejoramiento y Rehabilitación de Carreteras,,,238000000.0,prestamos_sector_publico,Nicaragua,,Sector Público,,VII Programa de Mejoramiento y Rehabilitación de Carreteras,Fundador
1217,1979,,,,Adquisición de Equipo y Dragado del Puerto de Corinto,,,750000.0,prestamos_sector_publico,Nicaragua,,Sector Público,,Adquisición de Equipo y Dragado del Puerto de Corinto,Fundador
1218,2013,,,,Proyecto Construcción y Equipamiento del Hospital Departamental de Chinandega,,,81876173.0,prestamos_sector_publico,Nicaragua,,Sector Público,,Proyecto Construcción y Equipamiento del Hospital Departamental de Chinandega,Fundador
1219,2008,,,,Programa de Reactivación de la Producción y Aprovechamiento Forestal en la Costa Caribe,,,7000000.0,prestamos_sector_publico,Nicaragua,,Sector Público,,Programa de Reactivación de la Producción y Aprovechamiento Forestal en la Costa Caribe,Fundador
1220,1982,,,,Proyecto de Ampliación del Sistema de Telex de la República de Nicaragua,,,4500000.0,prestamos_sector_publico,Nicaragua,,Sector Público,,Proyecto de Ampliación del Sistema de Telex de la República de Nicaragua,Fundador
1221,2018,,,,Proyecto Corredor de las Playas  Tramo 1,,,450000000.0,prestamos_sector_publico,Panamá,,Sector Público,,Proyecto Corredor de las Playas  Tramo 1,Regional No-Fundador
1222,2013,,,,Programa Mejora de la Infraestructura Educativa,,,30000000.0,prestamos_sector_publico,Honduras,,Sector Público,,Programa Mejora de la Infraestructura Educativa,Fundador
1223,1974,,,,Elaboración de Estudios Básicos de Ingeniería Preliminar Estudios Finales Diseños y Planos de Construcción de la Sección Final de la Nueva Carretera Managuamasaya y su Conexión con la Carretera Tipitapa - Masaya - Catarina,,,150000.0,prestamos_sector_publico,Nicaragua,,Sector Público,,Elaboración de Estudios Básicos de Ingeniería Preliminar Estudios Finales Diseños y Planos de Construcción de la Sección Final de la Nueva Carretera Managuamasaya y su Conexión con la Carretera Tipitapa - Masaya - Catarina,Fundador
1224,2011,,,,Proyecto Ampliación de la Cobertura Rural de la Policía Nacional para Fortalecer la Seguridad Ciudadana,,,16334985.0,prestamos_sector_publico,Nicaragua,,Sector Público,,Proyecto Ampliación de la Cobertura Rural de la Policía Nacional para Fortalecer la Seguridad Ciudadana,Fundador
1225,2018,,,,Incremento LGC - Banco Latinoamericano de Comercio Exterior  S.A. (BLADEX),,,60000000.0,prestamos_sector_publico,Panamá,,Sector Público,,Incremento LGC - Banco Latinoamericano de Comercio Exterior  S.A. (BLADEX),Regional No-Fundador
1226,2003,,,,Programa Nacional de Electrificación Social  Etapa-ES-N98  Ampliación No. 2,,,10111243.47,prestamos_sector_publico,Honduras,,Sector Público,,Programa Nacional de Electrificación Social  Etapa-ES-N98  Ampliación No. 2,Fundador
1227,1988,,,,Participación por Parte del Prestatario en el Programa de Rehabilitación de la Pequeña y Mediana Industria.,,,1000000.0,prestamos_sector_publico,Honduras,,Sector Público,,Participación por Parte del Prestatario en el Programa de Rehabilitación de la Pequeña y Mediana Industria.,Fundador
1228,1973,,,,Financiamiento de la Red de Enlaces por Microonda y Radio para la Red Nacional de Nicaragua Complementaria a la Arteria Regional de Telecomunicaciones,,,3215600.0,prestamos_sector_publico,Nicaragua,,Sector Público,,Financiamiento de la Red de Enlaces por Microonda y Radio para la Red Nacional de Nicaragua Complementaria a la Arteria Regional de Telecomunicaciones,Fundador
1229,2018,,,,Proyecto de Mejoramiento en los Aeropuertos de la Costa Caribe Sur,,,25260000.0,prestamos_sector_publico,Nicaragua,,Sector Público,,Proyecto de Mejoramiento en los Aeropuertos de la Costa Caribe Sur,Fundador
1230,1993,,,,Proyecto Mejoramiento Operativo Integral de Puestos Fronterizos de la República de Nicaragua I Etapa,,,14300000.0,prestamos_sector_publico,Nicaragua,,Sector Público,,Proyecto Mejoramiento Operativo Integral de Puestos Fronterizos de la República de Nicaragua I Etapa,Fundador
1231,1980,,,,Rubros de Construcción de la Primera Etapa del Mercado de Mayoreo de la Ciudad de Managua,,,730000.0,prestamos_sector_publico,Nicaragua,,Sector Público,,Rubros de Construcción de la Primera Etapa del Mercado de Mayoreo de la Ciudad de Managua,Fundador
1232,1993,,,,Adquisición de Bienes y Servicios Relacionados con la Ejecución del Proyecto Anillo Digital Interurbano y Enlace Digital Camoapaboaco,,,7600000.0,prestamos_sector_publico,Nicaragua,,Sector Público,,Adquisición de Bienes y Servicios Relacionados con la Ejecución del Proyecto Anillo Digital Interurbano y Enlace Digital Camoapaboaco,Fundador
1233,2010,,,,Proyecto Hidroeléctrico Palomino,,,80000000.0,prestamos_sector_publico,República Dominicana,,Sector Público,,Proyecto Hidroeléctrico Palomino,Regional No-Fundador
1234,2002,,,,Proyecto Acumulación de Capital Humano en Hogares Rurales en Extrema Pobreza,,,5000000.0,prestamos_sector_publico,Nicaragua,,Sector Público,,Proyecto Acumulación de Capital Humano en Hogares Rurales en Extrema Pobreza,Fundador
1235,2025,,,,Segundo Circuito SIEPAC,,,37187479.0,prestamos_sector_publico,Regional,,Sector Público,,Segundo Circuito SIEPAC,Sin clasificar
1236,1989,,,,Estudios De Factibilidad De Proyectos De Sectores Productivo,,,880000.0,prestamos_sector_publico,Nicaragua,,Sector Público,,Estudios De Factibilidad De Proyectos De Sectores Productivo,Fundador
1237,1972,,,,Financiar Viviendas Conforme al Programa de Vivienda Media del Banco.,,,107300.0,prestamos_sector_publico,Nicaragua,,Sector Público,,Financiar Viviendas Conforme al Programa de Vivienda Media del Banco.,Fundador
1238,1980,,,,Reconstrucción y el Mejoramiento del Servicio de Transporte en el Lago de Nicaragua,,,11600000.0,prestamos_sector_publico,Nicaragua,,Sector Público,,Reconstrucción y el Mejoramiento del Servicio de Transporte en el Lago de Nicaragua,Fundador
1239,2012,,,,V Proyecto de Rehabilitación y Mantenimiento de Carreteras,,,45000000.0,prestamos_sector_publico,Nicaragua,,Sector Público,,V Proyecto de Rehabilitación y Mantenimiento de Carreteras,Fundador
1240,1971,,,,Financiar Viviendas Conforme al Programa de Vivienda Media del Banco Centroamericano.,,,450000.0,prestamos_sector_publico,Nicaragua,,Sector Público,,Financiar Viviendas Conforme al Programa de Vivienda Media del Banco Centroamericano.,Fundador
1241,2012,,,,Programa de Desarrollo Integral Sostenible Corredor del Quetzal Fase II,,,5000000.0,prestamos_sector_publico,Honduras,,Sector Público,,Programa de Desarrollo Integral Sostenible Corredor del Quetzal Fase II,Fundador
1242,2003,,,,Proyecto Rehabilitación de la Carretera Chinandega-Guasaule,,,11100000.0,prestamos_sector_publico,Nicaragua,,Sector Público,,Proyecto Rehabilitación de la Carretera Chinandega-Guasaule,Fundador
1243,2013,,,,Proyecto Central Hidroeléctrica El Barro,,,120600000.0,prestamos_sector_publico,Nicaragua,,Sector Público,,Proyecto Central Hidroeléctrica El Barro,Fundador
1244,2012,,,,Proyecto de Rehabilitación y Mejoramiento del Tramo de Carretera Empalme Nejapa  Empalme Puerto Sandino,,,38602152.47,prestamos_sector_publico,Nicaragua,,Sector Público,,Proyecto de Rehabilitación y Mejoramiento del Tramo de Carretera Empalme Nejapa  Empalme Puerto Sandino,Fundador
1245,1995,,,,Proyecto Reinserción Socioeconómica de Población Afectada por la Guerra y en Extrema Pobreza (Municipio de Siuna) Autónoma del Atlántico Norte,,,1500000.0,prestamos_sector_publico,Nicaragua,,Sector Público,,Proyecto Reinserción Socioeconómica de Población Afectada por la Guerra y en Extrema Pobreza (Municipio de Siuna) Autónoma del Atlántico Norte,Fundador
1246,2010,,,,Programa Nacional de Electrificación Sostenible y Energía Renovable para Nicaragua (PNESER),,,75000000.0,prestamos_sector_publico,Nicaragua,,Sector Público,,Programa Nacional de Electrificación Sostenible y Energía Renovable para Nicaragua (PNESER),Fundador
1247,1993,,,,Proyecto Central Termoeléctrica Gral José Dolores Estrada,,,19600000.0,prestamos_sector_publico,Nicaragua,,Sector Público,,Proyecto Central Termoeléctrica Gral José Dolores Estrada,Fundador
1248,1978,,,,Proyecto de Cultivo Piloto de Camarón de Mar,,,421000.0,prestamos_sector_publico,Nicaragua,,Sector Público,,Proyecto de Cultivo Piloto de Camarón de Mar,Fundador
1249,1981,,,,Construcción de la Línea de Transmisión Momotombo - Los Brasiles del Proyecto Geotermológico Momotombo,,,2750000.0,prestamos_sector_publico,Nicaragua,,Sector Público,,Construcción de la Línea de Transmisión Momotombo - Los Brasiles del Proyecto Geotermológico Momotombo,Fundador
1250,1974,,,,Financiar Obras de Construcción Supervisión y Consultoría de la Carretera la Mercedes San Benito Incluyendo la Radial de Conexión con la Carretera Tipitapa - Masaya,,,6200000.0,prestamos_sector_publico,Nicaragua,,Sector Público,,Financiar Obras de Construcción Supervisión y Consultoría de la Carretera la Mercedes San Benito Incluyendo la Radial de Conexión con la Carretera Tipitapa - Masaya,Fundador
1251,1973,,,,Proyecto el Viejo Potosí,,,3600000.0,prestamos_sector_publico,Nicaragua,,Sector Público,,Proyecto el Viejo Potosí,Fundador
1252,2003,,,,Proyecto Formación de Capital Humano en Bosawás,,,1695000.0,prestamos_sector_publico,Nicaragua,,Sector Público,,Proyecto Formación de Capital Humano en Bosawás,Fundador
1253,2023,,,,Programa de Ecoviviendas,,,250300000.0,prestamos_sector_publico,República Dominicana,,Sector Público,,Programa de Ecoviviendas,Regional No-Fundador
1254,2015,,,,Programa de Construcción y Mejoras de Viviendas de Interés Social,,,55000000.0,prestamos_sector_publico,Nicaragua,,Sector Público,,Programa de Construcción y Mejoras de Viviendas de Interés Social,Fundador
1255,2015,,,,Línea 2 del Metro de Panamá,,,200000000.0,prestamos_sector_publico,Panamá,,Sector Público,,Línea 2 del Metro de Panamá,Regional No-Fundador
1256,2017,,,,LGC - Banco Latinoamericano de Comercio Exterior  S.A. (BLADEX),,,100000000.0,prestamos_sector_publico,Panamá,,Sector Público,,LGC - Banco Latinoamericano de Comercio Exterior  S.A. (BLADEX),Regional No-Fundador
1257,1989,,,,Participación por Parte del Prestatario en el Programa de Rehabilitación de la Pequeña y Mediana Industria.,,,1000000.0,prestamos_sector_publico,Nicaragua,,Sector Público,,Participación por Parte del Prestatario en el Programa de Rehabilitación de la Pequeña y Mediana Industria.,Fundador
1258,2022,,,,Programa de Abastecimiento de Ambulancias para el Sistema de Salud,,,30000000.0,prestamos_sector_publico,República Dominicana,,Sector Público,,Programa de Abastecimiento de Ambulancias para el Sistema de Salud,Regional No-Fundador
1259,1974,,,,Adquisición de Costo de Transporte de 12 Montacargas a ser Utilizado por el Prestatario en sus Operaciones en el Puerto de Corinto Republica de Nicaragua,,,175000.0,prestamos_sector_publico,Nicaragua,,Sector Público,,Adquisición de Costo de Transporte de 12 Montacargas a ser Utilizado por el Prestatario en sus Operaciones en el Puerto de Corinto Republica de Nicaragua,Fundador
1260,1977,,,,Programa para el Combate de la Roya del Café,,,5000000.0,prestamos_sector_publico,Nicaragua,,Sector Público,,Programa para el Combate de la Roya del Café,Fundador
1261,2007,,,,Programa de Electrificación Rural en Apoyo a Aglomerados,,,15000000.0,prestamos_sector_publico,Nicaragua,,Sector Público,,Programa de Electrificación Rural en Apoyo a Aglomerados,Fundador
1262,2007,,,,Proyecto Hidroeléctrico Palomino ,,,50000000.0,prestamos_sector_publico,República Dominicana,,Sector Público,,Proyecto Hidroeléctrico Palomino ,Regional No-Fundador
1263,2015,,,,Proyecto Mejoramiento de los Tramos de la Carretera Nejapa el Crucero Diriamba Jinotepe Nandaime,,,55320174.78,prestamos_sector_publico,Nicaragua,,Sector Público,,Proyecto Mejoramiento de los Tramos de la Carretera Nejapa el Crucero Diriamba Jinotepe Nandaime,Fundador
1264,2024,,,,Proyecto de Desarrollo Integral del Puerto de Haina,,,100000000.0,prestamos_sector_publico,República Dominicana,,Sector Público,,Proyecto de Desarrollo Integral del Puerto de Haina,Regional No-Fundador
1265,1978,,,,Construcción y Supervisión de la Sección II y del Ramal a San Miguelito (Sin Pavimentar) de la Carretera Acoyapa - San Carlos,,,11700000.0,prestamos_sector_publico,Nicaragua,,Sector Público,,Construcción y Supervisión de la Sección II y del Ramal a San Miguelito (Sin Pavimentar) de la Carretera Acoyapa - San Carlos,Fundador
1266,2002,,,,Programa de Transformación Productiva (PTP),,,882051.45,prestamos_sector_publico,Nicaragua,,Sector Público,,Programa de Transformación Productiva (PTP),Fundador
1267,2022,,,,Facilidad revolvente - Proyecto Corredor de las Playas ubicado en la provincia de Panamá Oeste,,,145000000.0,prestamos_sector_publico,Panamá,,Sector Público,,Facilidad revolvente - Proyecto Corredor de las Playas ubicado en la provincia de Panamá Oeste,Regional No-Fundador
1268,1994,,,,LC - Banco Central de Nicaragua,,,22000000.0,prestamos_sector_publico,Nicaragua,,Sector Público,,LC - Banco Central de Nicaragua,Fundador
1269,2004,,,,Estudios de Factibilidad de la Construcción del Proyecto Central Hidroeléctrica Larreynaga,,,1275000.0,prestamos_sector_publico,Nicaragua,,Sector Público,,Estudios de Factibilidad de la Construcción del Proyecto Central Hidroeléctrica Larreynaga,Fundador
1270,1994,,,,CoProyecto Capitalización de los Pequeños Productores del Trópico Seco-Región I,,,2357394.0,prestamos_sector_publico,Nicaragua,,Sector Público,,CoProyecto Capitalización de los Pequeños Productores del Trópico Seco-Región I,Fundador
1271,2005,,,,Programa Global de Obras Múltiples para la Modernización de Enacal,,,11600000.0,prestamos_sector_publico,Nicaragua,,Sector Público,,Programa Global de Obras Múltiples para la Modernización de Enacal,Fundador
1272,2005,,,,Proyecto de Ampliación y Equipamiento para la Cobertura Rural y Municipal de la Policía Nacional de Nicaragua,,,5000000.0,prestamos_sector_publico,Nicaragua,,Sector Público,,Proyecto de Ampliación y Equipamiento para la Cobertura Rural y Municipal de la Policía Nacional de Nicaragua,Fundador
1273,2017,,,,Proyecto Campus Gorgas Fase I,,,70000000.0,prestamos_sector_publico,Panamá,,Sector Público,,Proyecto Campus Gorgas Fase I,Regional No-Fundador
1274,2014,,,,Programa de Sostenibilidad del Sector Agua y Saneamiento Rural,,,30000000.0,prestamos_sector_publico,Nicaragua,,Sector Público,,Programa de Sostenibilidad del Sector Agua y Saneamiento Rural,Fundador
1275,2020,,,,LGC - Banco Nacional de las Exportaciones (BANDEX),,,30000000.0,prestamos_sector_publico,República Dominicana,,Sector Público,,LGC - Banco Nacional de las Exportaciones (BANDEX),Regional No-Fundador
